detail_id,order_id,product_id,quantity,discount
1,8935,96,2,5
2,6508,43,5,15
3,5072,63,1,20
4,1709,38,5,15
5,1945,78,2,20
6,245,66,2,5
7,8556,17,4,10
8,6916,16,5,15
9,8761,82,5,15
10,8904,10,2,15
11,6606,53,5,20
12,1937,50,5,20
13,2586,94,4,15
14,440,87,5,15
15,6174,46,4,10
16,8832,94,4,10
17,9784,58,4,10
18,9838,60,4,15
19,7904,28,5,0
20,643,60,3,0
21,6742,68,2,5
22,4067,100,4,5
23,3670,73,2,10
24,7662,99,3,0
25,2879,56,4,20
26,8194,52,3,15
27,856,58,2,20
28,6031,34,4,0
29,5889,20,1,15
30,3443,18,1,5
31,3570,1,3,20
32,7190,88,5,20
33,2744,81,5,20
34,247,22,2,20
35,5678,43,4,15
36,3572,8,5,20
37,8807,28,4,0
38,7187,77,5,0
39,9851,93,1,15
40,2088,25,1,10
41,4621,29,3,10
42,1291,73,4,10
43,7441,1,5,10
44,8868,96,4,15
45,2033,15,4,5
46,4803,79,5,10
47,9597,49,2,10
48,3311,55,3,0
49,4107,14,4,5
50,6420,59,2,10
51,178,65,5,15
52,2687,72,4,0
53,1366,92,2,5
54,1656,48,4,15
55,7354,8,1,20
56,1256,66,4,0
57,7615,15,1,10
58,5466,92,5,20
59,9808,21,1,15
60,1287,67,5,20
61,367,20,2,0
62,3970,14,5,20
63,6515,5,3,0
64,3127,40,4,0
65,1473,61,2,10
66,1473,62,3,0
67,4569,53,3,10
68,4916,42,1,5
69,4053,27,3,10
70,9618,10,4,10
71,1428,45,4,15
72,3169,4,2,15
73,3274,30,5,15
74,5042,66,4,10
75,313,7,4,10
76,4292,27,3,5
77,5195,84,1,0
78,9285,12,4,10
79,3785,51,3,15
80,323,51,4,20
81,6997,81,4,15
82,8312,81,1,5
83,4338,9,3,10
84,2453,36,3,20
85,7098,36,5,0
86,5184,28,3,0
87,9352,3,3,5
88,5754,95,1,20
89,4544,6,4,5
90,9808,20,5,10
91,6620,47,1,5
92,2373,59,1,0
93,566,39,5,20
94,1700,23,4,10
95,3859,67,3,15
96,424,94,5,20
97,1606,74,2,0
98,5938,7,5,0
99,6279,28,2,20
100,2481,85,2,15
101,2083,41,5,5
102,2198,71,4,10
103,8022,96,1,0
104,9954,22,3,20
105,1772,18,5,5
106,43,4,4,5
107,3916,98,5,0
108,8395,28,5,5
109,4396,47,1,15
110,8092,74,1,15
111,7376,52,1,20
112,7156,2,4,20
113,1399,13,4,5
114,2447,31,2,10
115,9257,16,2,5
116,5921,27,1,10
117,4051,46,4,5
118,8904,59,2,10
119,5801,90,1,10
120,460,74,3,0
121,4366,58,4,0
122,7031,71,2,20
123,9993,69,2,0
124,8785,84,2,10
125,4677,50,5,5
126,1586,52,2,15
127,2133,77,4,0
128,3473,67,4,10
129,7196,30,2,5
130,3567,18,2,10
131,2601,56,2,15
132,9113,93,2,15
133,8396,96,1,5
134,5578,33,1,10
135,5610,18,5,15
136,8872,36,4,10
137,122,36,3,15
138,4638,90,1,15
139,6952,40,2,10
140,4405,10,1,10
141,7508,76,3,0
142,6336,89,3,5
143,5732,28,2,20
144,4043,81,2,10
145,4898,35,5,5
146,4551,94,3,0
147,9450,76,3,10
148,85,97,5,20
149,7366,62,3,10
150,8096,18,5,0
151,5280,86,4,0
152,7012,55,2,10
153,9,14,4,5
154,3068,4,3,5
155,7350,57,1,10
156,4674,71,4,5
157,4617,67,3,20
158,2119,55,1,10
159,2817,67,2,0
160,5288,97,4,20
161,2188,94,1,20
162,772,66,2,0
163,7765,83,5,0
164,9732,65,5,5
165,2803,5,5,5
166,5840,23,1,0
167,9722,36,2,5
168,5661,87,3,15
169,9256,11,2,0
170,2570,63,5,5
171,9626,75,1,5
172,5164,12,1,0
173,2750,22,4,20
174,9199,18,3,15
175,9375,74,5,20
176,4058,43,5,10
177,3469,22,4,0
178,3802,23,2,10
179,806,71,1,15
180,7760,83,1,0
181,3818,62,5,0
182,8040,14,3,0
183,6223,70,3,5
184,4812,49,1,20
185,8358,72,5,10
186,9436,21,1,20
187,5351,15,3,0
188,3061,18,5,15
189,6279,6,1,20
190,9559,80,4,10
191,9468,36,1,0
192,7243,15,3,20
193,1024,31,4,10
194,8206,93,4,5
195,7721,17,3,20
196,351,97,1,5
197,5179,78,5,15
198,8293,36,5,5
199,4409,98,2,5
200,9247,88,4,20
201,6986,81,4,0
202,5493,40,2,20
203,5567,87,5,20
204,5309,63,1,20
205,4949,57,4,0
206,729,60,1,20
207,1368,95,1,5
208,6005,25,2,15
209,3650,45,5,5
210,1875,81,4,5
211,3310,35,1,10
212,1420,48,3,20
213,8902,83,4,15
214,4057,15,3,5
215,8880,60,1,15
216,1801,9,3,10
217,2389,15,1,20
218,8196,80,3,20
219,4208,77,1,20
220,2424,93,4,10
221,9514,43,1,15
222,3364,30,4,15
223,6932,40,5,0
224,4565,29,1,5
225,7382,34,1,0
226,1522,73,5,0
227,1919,14,1,15
228,4064,72,2,5
229,4485,35,2,5
230,6299,45,3,20
231,5149,11,5,20
232,8210,16,5,15
233,8202,84,3,10
234,1066,58,5,0
235,5675,37,2,15
236,9489,72,1,5
237,4420,47,5,10
238,8747,77,2,0
239,4647,79,3,0
240,8594,6,5,0
241,549,1,4,20
242,5340,52,5,20
243,1531,78,5,5
244,3084,25,1,15
245,7711,76,2,15
246,6305,37,1,5
247,790,58,3,0
248,5518,73,5,20
249,444,84,4,10
250,338,67,1,0
251,6153,58,1,0
252,9425,14,4,20
253,6158,48,1,0
254,5342,78,2,0
255,8853,49,3,5
256,8173,38,5,10
257,5798,89,3,20
258,3207,77,2,0
259,8606,47,4,15
260,5444,33,5,5
261,4191,60,5,0
262,2422,99,4,20
263,8984,66,1,0
264,7684,81,5,15
265,3905,23,1,0
266,9802,60,1,5
267,375,63,5,0
268,7607,95,4,5
269,4090,92,2,10
270,5496,68,5,0
271,1391,83,5,0
272,2711,95,4,15
273,6859,13,3,0
274,8938,4,4,20
275,4360,40,2,10
276,6374,60,4,0
277,1002,33,2,10
278,9966,57,4,10
279,8143,12,2,10
280,4205,39,3,20
281,4937,57,5,10
282,1438,77,4,0
283,4166,74,5,0
284,1094,85,3,0
285,9626,3,3,10
286,4927,40,5,15
287,2785,84,3,5
288,1795,54,3,5
289,9039,79,4,5
290,9537,87,1,15
291,6615,50,4,15
292,5843,90,2,10
293,4875,24,1,5
294,1701,99,3,15
295,9654,76,4,0
296,6626,45,5,0
297,1679,17,3,10
298,957,61,4,20
299,3831,56,2,10
300,699,87,5,15
301,8382,7,1,20
302,2279,19,4,0
303,6856,54,2,5
304,9950,83,2,10
305,2953,54,1,0
306,7555,81,4,5
307,6827,44,3,20
308,1104,27,2,15
309,1616,25,3,10
310,2238,58,1,0
311,9025,17,2,5
312,2173,83,1,0
313,2721,42,2,0
314,4513,93,4,15
315,5061,3,4,0
316,8922,99,3,5
317,3809,15,1,10
318,6613,38,5,5
319,5305,54,2,20
320,7549,44,2,0
321,8341,34,5,5
322,3896,49,3,20
323,2469,15,3,5
324,9617,54,3,10
325,8535,60,1,15
326,6292,25,5,5
327,773,27,2,5
328,1575,56,5,20
329,760,60,1,0
330,8387,20,1,10
331,5509,63,3,0
332,2193,97,3,0
333,2923,14,5,20
334,3121,89,2,10
335,250,84,1,15
336,9422,92,1,20
337,4983,35,3,10
338,7758,56,4,20
339,6174,20,3,5
340,6734,58,1,0
341,7955,16,2,0
342,3739,40,3,15
343,4398,16,4,10
344,6237,45,5,5
345,3411,1,1,5
346,3030,38,2,5
347,3785,58,1,15
348,6309,40,2,5
349,3156,95,3,0
350,9820,80,5,15
351,2619,9,1,0
352,5190,18,5,5
353,7241,97,1,20
354,9477,28,1,15
355,7720,55,3,5
356,778,82,1,0
357,8171,98,2,0
358,658,10,1,20
359,1880,4,3,15
360,588,7,3,5
361,768,40,5,10
362,6342,54,5,15
363,5676,12,1,5
364,8984,77,3,5
365,7737,88,2,5
366,7527,99,5,5
367,9400,24,5,0
368,2729,44,2,5
369,5039,35,5,20
370,8920,3,4,15
371,9807,93,4,10
372,7581,61,4,10
373,5110,28,5,10
374,9767,22,5,20
375,1639,33,4,5
376,1195,22,3,10
377,3875,34,4,10
378,9535,91,1,0
379,6656,5,5,10
380,7627,70,1,20
381,2591,19,2,5
382,4368,87,3,20
383,4745,36,4,10
384,8780,39,5,10
385,6473,100,5,10
386,4936,43,1,10
387,2902,16,3,15
388,2302,80,5,0
389,4207,17,4,0
390,7859,9,2,5
391,9492,11,3,5
392,8767,17,4,15
393,4615,85,4,0
394,2168,28,5,10
395,5285,34,3,5
396,5490,93,5,0
397,3408,57,2,0
398,6771,60,4,5
399,988,80,4,20
400,433,31,5,20
401,3504,33,4,20
402,6474,21,1,15
403,5631,28,5,0
404,9821,12,5,5
405,8995,21,5,20
406,1374,66,2,10
407,216,57,2,20
408,8198,39,5,10
409,5567,2,3,0
410,6410,66,1,10
411,1539,88,1,10
412,6792,18,4,20
413,5467,51,4,5
414,1170,61,4,5
415,7571,92,2,10
416,3770,65,1,10
417,4410,47,4,10
418,1365,91,3,20
419,9872,58,3,5
420,574,9,3,10
421,6307,96,2,5
422,8915,34,3,10
423,4652,43,1,0
424,2050,84,2,5
425,1203,79,5,20
426,4865,72,1,5
427,1293,17,1,10
428,9940,32,1,20
429,9404,67,5,5
430,390,73,2,5
431,2483,92,1,5
432,5059,9,4,15
433,6678,76,4,0
434,6617,68,2,20
435,2604,71,2,15
436,6698,58,3,0
437,302,86,1,20
438,7879,63,2,10
439,4811,75,4,5
440,5986,86,5,10
441,9687,3,1,5
442,1487,28,3,10
443,3095,7,1,5
444,5540,29,3,5
445,7073,94,3,15
446,7038,75,2,15
447,1009,55,4,10
448,7122,39,3,0
449,3450,81,1,10
450,8439,23,2,0
451,1214,80,3,10
452,8091,24,1,10
453,6144,41,2,5
454,1652,51,5,10
455,5764,41,1,5
456,6349,77,3,10
457,226,46,5,5
458,6420,7,4,5
459,2438,72,5,10
460,9474,74,2,20
461,2455,94,5,20
462,6658,50,5,20
463,8658,2,1,0
464,6553,81,3,5
465,8688,45,3,10
466,3206,5,3,5
467,3463,96,4,0
468,4172,98,1,15
469,3827,84,4,0
470,7545,82,2,15
471,4272,91,2,0
472,739,85,3,0
473,3002,84,5,10
474,77,57,5,20
475,3716,78,4,15
476,9191,66,1,0
477,4303,66,3,20
478,1644,45,5,0
479,5879,34,2,10
480,9112,97,4,20
481,4630,82,1,10
482,1717,99,3,15
483,1712,34,1,20
484,8491,60,4,20
485,5723,10,3,15
486,9993,76,2,5
487,9692,15,2,15
488,9541,5,1,15
489,9088,68,3,0
490,5049,90,4,15
491,3861,30,1,20
492,9533,40,4,20
493,1640,40,1,10
494,9445,24,5,10
495,2271,60,4,15
496,7483,36,1,15
497,5508,31,4,10
498,6687,95,4,15
499,9107,44,4,5
500,7263,13,4,10
501,3876,51,1,0
502,1547,52,5,10
503,9629,48,2,10
504,1162,64,1,15
505,8555,64,3,15
506,8973,21,3,15
507,4064,35,2,5
508,5320,12,1,0
509,1342,4,2,20
510,8576,26,1,10
511,9366,86,1,10
512,1255,7,1,0
513,2118,6,1,15
514,5006,60,3,20
515,1528,41,4,20
516,7147,13,5,10
517,2122,25,5,0
518,3050,95,1,5
519,4220,42,5,5
520,4304,100,4,0
521,8339,4,4,0
522,9580,24,4,20
523,5948,58,3,5
524,6713,89,3,5
525,5408,36,2,10
526,7567,8,2,15
527,1771,81,3,10
528,6529,52,4,20
529,2157,1,4,5
530,9367,59,2,5
531,3859,90,1,20
532,7171,4,5,15
533,3946,27,3,10
534,5742,30,5,15
535,5897,6,5,5
536,9332,84,1,5
537,8415,93,3,15
538,9752,65,1,5
539,9128,39,3,0
540,2518,58,5,5
541,6880,89,2,15
542,9047,92,3,20
543,4851,14,3,15
544,9822,8,3,10
545,7467,42,1,10
546,3842,63,5,5
547,6567,82,1,15
548,346,70,2,5
549,8480,19,1,0
550,226,88,2,20
551,7743,69,1,15
552,7893,94,5,5
553,4393,55,3,10
554,3319,1,5,5
555,2446,24,2,0
556,2094,66,5,0
557,6533,80,1,5
558,5247,69,2,5
559,2450,30,2,15
560,2354,29,3,10
561,2265,35,1,15
562,949,67,2,20
563,8603,83,1,10
564,8902,75,5,10
565,8880,86,2,5
566,3517,88,2,5
567,2892,65,3,15
568,6475,16,5,20
569,9291,57,1,0
570,8329,91,1,20
571,6554,26,2,0
572,3931,83,2,15
573,5211,92,2,0
574,4260,45,3,10
575,4217,58,2,5
576,7833,4,1,10
577,8453,79,5,15
578,4316,99,3,5
579,2869,85,3,20
580,7413,26,1,5
581,8055,33,5,10
582,856,68,2,15
583,4405,29,2,0
584,856,52,1,20
585,4040,1,4,15
586,3985,56,4,15
587,5955,65,3,20
588,8501,57,4,0
589,5197,60,2,5
590,3812,43,2,20
591,3472,64,5,0
592,3021,32,5,20
593,4769,87,1,10
594,7157,77,3,15
595,6223,98,1,20
596,2766,60,5,0
597,2514,96,1,15
598,9923,81,4,5
599,4586,70,1,20
600,5787,21,2,10
601,2177,97,4,10
602,6991,15,4,5
603,7318,20,1,0
604,7798,94,1,0
605,1841,58,3,10
606,5455,89,4,15
607,7531,38,4,5
608,6036,15,1,15
609,7427,92,3,10
610,4267,89,5,20
611,8325,73,1,15
612,2040,90,4,15
613,8056,67,5,0
614,3851,3,2,10
615,9431,18,2,0
616,160,72,2,5
617,4959,16,5,15
618,1973,100,3,10
619,300,26,5,5
620,898,100,2,20
621,161,25,3,10
622,3372,14,2,15
623,3606,14,2,20
624,6049,89,1,10
625,9025,66,5,0
626,8866,64,3,20
627,9275,60,2,5
628,2907,83,5,5
629,7881,68,1,20
630,9674,19,5,5
631,9422,70,4,5
632,9470,13,1,15
633,2925,4,3,15
634,7537,72,4,5
635,661,99,2,20
636,1042,50,5,0
637,9363,97,3,20
638,6438,62,1,15
639,6224,90,5,20
640,6668,33,3,10
641,9611,9,1,20
642,5752,11,1,0
643,5621,34,2,15
644,2872,42,3,15
645,3745,2,1,20
646,762,68,4,5
647,5529,65,3,5
648,3675,3,2,5
649,7789,24,4,10
650,2593,15,3,5
651,7982,100,2,5
652,1132,16,3,5
653,4706,9,4,15
654,3832,70,2,15
655,7570,57,3,20
656,7196,17,4,15
657,7638,15,5,20
658,4508,53,1,10
659,3092,90,3,15
660,5430,82,4,10
661,999,79,4,20
662,3806,34,5,15
663,9757,65,4,0
664,6998,89,3,15
665,2594,79,2,20
666,1530,98,4,15
667,3163,50,1,10
668,3956,97,5,0
669,8909,9,1,0
670,383,5,4,15
671,8855,31,1,20
672,2564,94,4,5
673,7809,82,3,0
674,9615,70,4,0
675,3405,24,2,10
676,927,94,5,0
677,3259,30,5,5
678,2637,61,3,10
679,6049,34,3,10
680,4640,62,2,15
681,8499,64,5,5
682,4755,37,4,15
683,1243,59,3,0
684,6686,51,5,15
685,7363,73,5,10
686,2059,1,4,0
687,3584,61,4,20
688,8715,22,2,15
689,6158,11,5,5
690,5197,93,5,5
691,487,70,4,20
692,8090,73,1,20
693,1147,23,5,0
694,2887,11,2,15
695,3560,41,5,0
696,5986,56,4,0
697,551,23,4,5
698,2793,91,3,0
699,9959,26,2,10
700,6870,17,5,10
701,4762,30,4,5
702,8866,24,5,10
703,460,93,1,5
704,5814,90,2,0
705,707,34,2,5
706,763,73,1,20
707,2567,65,1,5
708,4779,62,5,15
709,6864,56,4,20
710,3379,4,2,0
711,8032,22,5,10
712,823,79,5,5
713,7792,45,1,5
714,7977,54,5,10
715,8691,15,3,0
716,9757,95,4,15
717,9231,79,1,20
718,4761,42,1,20
719,2513,1,5,10
720,6989,45,2,20
721,5505,12,5,10
722,643,48,4,20
723,4752,97,3,20
724,3508,89,3,0
725,1626,7,4,10
726,2861,71,4,20
727,7764,22,2,10
728,7744,94,3,0
729,2110,23,3,20
730,4072,92,1,5
731,3026,61,2,10
732,4409,37,5,10
733,5159,81,1,5
734,219,58,5,10
735,8944,17,3,10
736,7012,61,4,5
737,3895,80,4,15
738,7946,67,2,20
739,180,57,3,0
740,6671,26,5,0
741,6565,55,2,15
742,7911,80,3,0
743,9976,89,5,0
744,7521,27,4,5
745,2783,80,1,15
746,6393,36,5,0
747,3564,52,1,10
748,5831,39,3,0
749,2987,77,1,20
750,5933,49,3,0
751,5324,96,5,10
752,9182,39,1,10
753,9350,23,2,20
754,3669,42,4,0
755,2192,18,5,5
756,5842,9,1,15
757,4917,66,4,5
758,6808,80,2,20
759,757,45,5,10
760,6418,5,4,0
761,4307,30,3,0
762,7978,48,5,5
763,1318,57,2,15
764,1073,5,5,10
765,5352,51,2,0
766,4112,58,5,15
767,1704,99,2,15
768,5501,7,5,20
769,9973,78,4,10
770,5489,65,3,5
771,7746,76,5,15
772,8829,66,1,15
773,6870,66,1,20
774,6630,43,1,0
775,9411,71,5,20
776,7298,37,3,15
777,3181,24,1,15
778,7416,66,3,10
779,5211,60,3,15
780,7572,3,4,0
781,8535,99,3,10
782,9046,93,5,5
783,5113,70,3,15
784,4647,97,2,5
785,7642,91,3,10
786,1349,10,3,15
787,5962,20,4,15
788,840,11,3,15
789,2652,50,4,20
790,9249,69,1,20
791,932,48,2,15
792,9632,20,1,0
793,9147,42,3,15
794,3903,14,4,10
795,6703,6,4,15
796,5064,73,2,5
797,3912,63,3,10
798,8827,27,5,20
799,3304,93,2,5
800,1457,34,5,5
801,2535,46,3,20
802,5320,74,2,20
803,2849,96,1,15
804,7040,56,3,5
805,4239,64,5,15
806,1437,5,5,0
807,352,20,5,0
808,2,6,1,5
809,2750,96,4,15
810,6707,12,4,20
811,215,66,5,15
812,4208,40,5,20
813,1139,51,2,15
814,7967,100,4,10
815,58,19,5,10
816,2652,46,1,0
817,2526,18,5,0
818,5924,26,3,5
819,7480,42,5,5
820,7884,10,5,15
821,6474,96,4,0
822,6160,22,3,5
823,9930,97,2,5
824,8693,4,1,0
825,7773,88,1,0
826,7185,60,3,10
827,6493,3,5,5
828,4850,72,4,10
829,9413,15,4,10
830,157,59,5,5
831,1560,17,2,5
832,1889,41,2,10
833,9807,64,4,5
834,1689,63,3,0
835,489,97,2,15
836,5709,14,3,0
837,6223,36,5,15
838,6300,68,5,20
839,3064,25,5,15
840,3157,83,2,15
841,8670,51,1,5
842,8614,38,5,15
843,3530,47,3,10
844,276,9,2,0
845,9835,86,5,0
846,4302,87,5,20
847,5702,17,3,5
848,5520,74,3,5
849,124,11,5,15
850,5977,35,5,15
851,952,44,5,10
852,4198,47,5,20
853,1643,34,3,5
854,1153,1,2,0
855,3356,65,5,15
856,27,81,4,0
857,4046,96,4,0
858,4720,17,1,5
859,1628,1,1,10
860,6673,70,4,20
861,7726,46,2,0
862,663,8,5,10
863,9032,56,3,10
864,2873,45,3,15
865,8475,50,2,5
866,2710,80,1,10
867,4363,37,1,15
868,1451,3,3,15
869,8158,28,5,5
870,3548,90,4,20
871,540,60,1,15
872,4116,87,5,15
873,2322,92,2,10
874,8593,100,2,20
875,9434,86,3,0
876,7572,47,2,0
877,4984,60,4,0
878,653,40,5,5
879,120,88,4,15
880,2126,60,2,5
881,5931,44,2,20
882,2583,59,3,5
883,9151,30,2,15
884,2643,17,3,0
885,6974,27,3,20
886,3456,59,2,5
887,3800,1,1,10
888,6732,33,4,15
889,5956,100,1,5
890,8688,8,5,10
891,4836,11,5,10
892,2711,8,2,20
893,8110,14,1,0
894,322,36,3,5
895,3569,5,3,0
896,9567,70,1,20
897,9625,31,3,0
898,9502,53,1,0
899,8668,62,4,20
900,4780,86,5,15
901,6121,42,5,10
902,2548,21,3,5
903,7609,57,4,20
904,5762,60,3,10
905,7123,99,3,10
906,2320,75,2,15
907,8089,44,1,0
908,9880,27,2,10
909,2138,91,4,15
910,5115,79,3,5
911,3065,98,2,0
912,6953,50,1,20
913,5822,23,2,20
914,1677,36,5,20
915,7375,10,3,5
916,357,94,2,10
917,7480,64,4,20
918,3612,16,2,10
919,832,38,5,5
920,8477,50,2,15
921,2402,97,2,0
922,8035,44,3,5
923,3574,94,4,5
924,4876,62,4,15
925,3567,8,4,10
926,8787,46,5,5
927,7439,56,3,10
928,6364,80,5,0
929,5658,87,5,20
930,8018,29,1,5
931,8055,97,5,10
932,8643,14,3,10
933,2079,73,5,5
934,6689,69,4,15
935,1876,80,1,15
936,5133,4,3,15
937,1288,13,3,10
938,5961,13,1,15
939,4900,77,5,0
940,9215,67,4,20
941,6245,14,1,10
942,9090,68,5,0
943,1051,63,1,20
944,7183,17,5,15
945,129,11,2,15
946,8307,28,1,10
947,6652,22,3,5
948,988,50,1,10
949,1134,100,1,15
950,7889,54,5,0
951,5625,35,2,10
952,2494,52,5,5
953,1101,78,3,15
954,1370,75,1,5
955,4052,23,4,0
956,528,90,4,5
957,2065,44,4,10
958,2296,16,2,5
959,586,26,3,20
960,9236,98,1,10
961,6713,92,3,5
962,1338,57,2,0
963,941,83,3,15
964,3433,99,1,0
965,8602,89,4,15
966,265,84,1,20
967,8805,64,5,5
968,5732,3,3,10
969,4837,47,5,5
970,1790,71,1,5
971,1559,20,3,10
972,7263,1,5,20
973,8186,25,3,0
974,3867,46,1,10
975,4560,89,1,15
976,6747,33,4,0
977,9119,88,4,5
978,9623,35,2,15
979,8984,89,1,5
980,1445,38,3,5
981,4612,71,1,15
982,2192,100,1,15
983,8716,33,3,20
984,4539,43,5,10
985,888,23,2,5
986,7267,93,4,15
987,95,17,1,20
988,891,55,4,15
989,2073,43,2,15
990,9677,25,3,10
991,4441,45,1,20
992,627,52,4,15
993,4869,83,2,0
994,128,98,5,5
995,244,54,2,10
996,4838,26,4,0
997,318,88,5,10
998,2738,43,4,10
999,4417,24,2,15
1000,3905,44,2,10
1001,9266,59,2,10
1002,8546,54,5,20
1003,8351,84,2,5
1004,2643,43,2,10
1005,431,24,2,15
1006,7307,34,4,20
1007,121,25,2,20
1008,4175,63,1,5
1009,7813,2,3,20
1010,8096,88,4,10
1011,2301,21,2,0
1012,2625,93,1,0
1013,5004,2,2,5
1014,4608,18,1,5
1015,3705,87,5,15
1016,3454,71,3,10
1017,3444,46,1,0
1018,2053,13,3,15
1019,3931,70,2,15
1020,6187,54,5,10
1021,3093,53,3,20
1022,6149,94,5,10
1023,1162,78,5,15
1024,8881,89,3,0
1025,3603,91,3,10
1026,5165,93,3,5
1027,2648,77,4,15
1028,8149,25,4,10
1029,9528,40,2,20
1030,3425,12,5,20
1031,8608,85,4,0
1032,6514,54,4,5
1033,3996,39,2,20
1034,569,78,1,0
1035,5557,34,1,15
1036,8367,23,3,20
1037,7609,59,1,10
1038,4246,86,5,0
1039,1158,87,3,0
1040,7023,48,3,15
1041,6501,46,1,5
1042,6948,62,3,20
1043,288,59,3,5
1044,5709,13,2,20
1045,4068,34,3,15
1046,2692,73,2,5
1047,4948,86,5,10
1048,6914,43,1,10
1049,8715,20,2,5
1050,864,77,3,15
1051,6572,5,3,20
1052,6995,58,4,10
1053,7091,11,2,10
1054,9250,71,2,5
1055,4892,34,1,10
1056,6257,63,5,15
1057,9527,94,2,20
1058,9619,20,3,5
1059,1654,37,5,5
1060,7757,28,3,5
1061,782,67,2,0
1062,1316,90,4,20
1063,6911,58,3,10
1064,7341,68,4,20
1065,7380,26,2,0
1066,7496,9,5,0
1067,1592,52,5,10
1068,4113,15,5,5
1069,6454,97,5,15
1070,1346,65,4,0
1071,1867,44,2,20
1072,9112,87,4,10
1073,344,45,3,0
1074,9465,9,5,20
1075,9553,39,5,20
1076,5217,85,1,0
1077,7882,37,2,15
1078,1310,40,2,5
1079,7273,40,1,10
1080,5864,11,2,5
1081,8583,88,3,20
1082,9269,83,2,15
1083,491,72,1,0
1084,3865,45,4,10
1085,3667,12,5,20
1086,1911,5,1,10
1087,9542,23,3,15
1088,599,98,1,5
1089,8882,81,3,10
1090,9332,74,4,5
1091,6560,100,2,0
1092,5488,7,5,0
1093,130,71,4,15
1094,7248,7,3,5
1095,9473,46,4,20
1096,303,28,3,10
1097,755,50,3,5
1098,8655,21,2,10
1099,9315,65,3,20
1100,8237,63,4,20
1101,1290,69,4,10
1102,8494,89,3,0
1103,2880,11,2,5
1104,4616,73,4,0
1105,5738,78,2,15
1106,694,91,4,5
1107,7600,19,2,10
1108,2282,51,3,5
1109,6252,12,1,5
1110,8492,69,4,0
1111,5249,61,1,15
1112,2650,80,5,10
1113,8151,94,3,10
1114,8254,64,1,0
1115,9318,56,3,15
1116,1932,35,4,20
1117,9993,36,5,5
1118,8398,81,3,15
1119,724,16,4,15
1120,8243,44,5,15
1121,7447,57,5,20
1122,5455,30,2,10
1123,7382,99,3,5
1124,3428,6,2,15
1125,1243,79,5,20
1126,3417,17,4,0
1127,4062,70,4,0
1128,6081,93,4,10
1129,2171,95,2,15
1130,8767,26,4,20
1131,141,87,2,15
1132,1304,60,1,20
1133,7100,42,5,20
1134,350,59,3,15
1135,1905,89,2,0
1136,4118,53,3,10
1137,5351,49,3,15
1138,6388,29,4,5
1139,6402,25,5,0
1140,3422,80,2,5
1141,2884,27,1,10
1142,3000,13,1,5
1143,8063,77,5,20
1144,3048,4,3,20
1145,7307,73,2,15
1146,753,97,1,5
1147,3797,26,3,15
1148,9321,96,2,15
1149,7720,91,3,20
1150,113,11,2,20
1151,2128,76,5,5
1152,2536,4,1,5
1153,3427,57,1,10
1154,5261,61,3,0
1155,9050,42,1,15
1156,4862,78,1,0
1157,3701,78,2,20
1158,2204,26,4,20
1159,6923,96,3,20
1160,3925,70,2,15
1161,9191,29,1,5
1162,8992,2,1,5
1163,4092,72,2,5
1164,7106,96,4,5
1165,6629,9,3,0
1166,4651,64,4,0
1167,9926,37,3,15
1168,1430,86,3,20
1169,1765,65,1,0
1170,192,51,5,20
1171,4727,85,2,20
1172,3022,22,2,0
1173,8036,96,5,20
1174,5619,92,5,20
1175,3447,83,2,0
1176,1053,5,5,20
1177,8485,89,1,0
1178,7878,21,2,5
1179,2322,84,4,10
1180,7206,67,2,0
1181,1486,80,3,10
1182,2026,1,5,20
1183,3334,40,3,10
1184,2482,44,2,15
1185,4778,18,3,20
1186,4917,12,4,20
1187,5433,71,3,15
1188,8183,6,2,5
1189,9565,17,5,5
1190,1337,8,5,0
1191,6131,57,1,20
1192,1536,2,3,5
1193,9712,57,5,5
1194,3930,40,1,0
1195,2500,39,2,10
1196,755,42,5,15
1197,3332,14,1,15
1198,2584,55,5,10
1199,4614,9,5,15
1200,7669,56,5,20
1201,6800,12,4,15
1202,8737,57,2,20
1203,6833,17,1,10
1204,2788,99,5,15
1205,6013,91,5,0
1206,952,12,3,0
1207,770,93,1,20
1208,2459,45,5,5
1209,3467,7,4,10
1210,1585,15,4,15
1211,9135,21,3,0
1212,5243,20,5,20
1213,429,6,3,20
1214,6825,4,3,10
1215,6864,73,1,10
1216,706,65,3,20
1217,5476,85,1,15
1218,236,34,2,0
1219,4634,62,2,0
1220,8581,57,5,20
1221,7230,43,2,15
1222,3676,21,2,20
1223,4167,38,1,5
1224,3781,87,2,10
1225,9044,84,1,5
1226,1211,8,2,15
1227,7809,2,1,5
1228,3911,28,3,20
1229,2284,26,3,0
1230,7154,23,4,10
1231,1355,95,3,15
1232,874,66,5,5
1233,2742,65,4,0
1234,4324,13,4,0
1235,5106,29,3,10
1236,3602,92,3,20
1237,1840,92,5,20
1238,2478,40,3,10
1239,7416,94,3,15
1240,4835,93,2,5
1241,3778,8,3,0
1242,3556,6,3,20
1243,1333,65,1,10
1244,8414,45,2,10
1245,53,56,2,20
1246,2491,47,5,0
1247,9774,77,3,20
1248,1033,73,3,5
1249,7262,26,2,5
1250,1102,23,5,5
1251,8690,49,3,10
1252,6603,100,5,10
1253,972,21,2,0
1254,8707,3,3,5
1255,8913,91,3,15
1256,9447,90,2,15
1257,9733,48,1,5
1258,3018,100,3,15
1259,5330,10,5,5
1260,6058,77,1,10
1261,7124,15,2,0
1262,1874,94,3,0
1263,7429,76,5,5
1264,4499,3,1,15
1265,7288,10,4,0
1266,1639,95,1,20
1267,3612,100,1,15
1268,3959,40,5,20
1269,7052,26,2,0
1270,6031,47,2,5
1271,7606,42,2,0
1272,8099,42,2,20
1273,6155,13,2,5
1274,4185,3,1,0
1275,2208,41,5,5
1276,8094,91,3,20
1277,1371,69,2,10
1278,628,82,1,5
1279,2382,72,4,10
1280,210,86,5,20
1281,8045,48,4,20
1282,4280,18,2,10
1283,1329,81,5,0
1284,2623,56,3,5
1285,1812,82,3,20
1286,2286,69,5,10
1287,1191,50,2,10
1288,4677,63,4,20
1289,3063,63,5,15
1290,3257,80,2,0
1291,5668,48,1,10
1292,7624,1,3,10
1293,3093,95,2,0
1294,4743,29,3,20
1295,4464,72,1,10
1296,9292,72,5,5
1297,6376,67,4,10
1298,4770,29,2,15
1299,3380,15,3,0
1300,2340,78,1,5
1301,330,7,5,0
1302,122,29,5,0
1303,1151,15,3,0
1304,8054,45,3,20
1305,7671,69,4,5
1306,1178,54,2,10
1307,8290,40,3,5
1308,973,43,2,10
1309,4273,97,4,10
1310,5809,3,5,5
1311,3756,71,2,20
1312,8738,72,1,15
1313,1314,30,4,0
1314,9523,42,5,20
1315,473,63,2,5
1316,7939,16,3,15
1317,3658,45,3,10
1318,2335,69,3,15
1319,8516,54,2,20
1320,7273,23,1,5
1321,2734,26,5,5
1322,2539,97,2,15
1323,993,40,5,10
1324,3917,18,4,10
1325,466,21,4,10
1326,5618,71,3,20
1327,2959,34,3,20
1328,825,22,2,5
1329,1978,4,5,0
1330,8264,46,3,20
1331,392,42,1,10
1332,3861,85,5,20
1333,2881,61,2,15
1334,4368,75,1,20
1335,9392,34,3,15
1336,1494,69,1,5
1337,2364,38,1,15
1338,2455,10,3,15
1339,1556,30,2,10
1340,4271,57,2,5
1341,7735,8,2,10
1342,5277,45,4,5
1343,4765,81,5,0
1344,4345,15,3,15
1345,7446,86,1,20
1346,926,96,4,10
1347,9250,18,2,5
1348,7026,54,3,5
1349,8724,82,3,0
1350,4244,14,5,0
1351,8397,97,2,15
1352,4557,41,4,10
1353,6114,53,3,20
1354,9898,20,3,0
1355,7993,55,2,5
1356,7784,89,2,15
1357,4727,100,2,10
1358,3779,64,1,5
1359,1608,38,4,5
1360,869,64,1,0
1361,9958,43,5,5
1362,340,33,2,20
1363,6432,28,2,5
1364,1086,7,2,15
1365,5882,89,3,15
1366,4610,62,3,10
1367,9883,26,4,15
1368,8037,30,3,5
1369,1629,52,1,20
1370,4050,39,1,5
1371,8317,76,4,10
1372,62,80,2,20
1373,3335,35,5,15
1374,4582,61,5,5
1375,5962,29,5,10
1376,6383,21,1,10
1377,4769,20,4,5
1378,6778,59,1,20
1379,8825,78,2,15
1380,7826,8,1,5
1381,7064,9,5,0
1382,6757,50,4,5
1383,3054,19,1,15
1384,7338,45,5,10
1385,1098,39,3,15
1386,7851,95,2,0
1387,4589,44,2,5
1388,7249,94,4,20
1389,7478,77,1,15
1390,2256,59,4,5
1391,4477,32,5,15
1392,820,97,4,5
1393,633,5,4,20
1394,8695,23,2,5
1395,9103,75,1,15
1396,8194,63,2,10
1397,6861,29,5,5
1398,1217,14,5,15
1399,9079,97,1,15
1400,2327,50,5,20
1401,7821,57,2,10
1402,1920,7,3,20
1403,7574,28,3,10
1404,6749,67,3,0
1405,604,80,3,15
1406,4277,59,5,5
1407,9592,30,4,0
1408,6357,53,2,20
1409,665,70,4,20
1410,2175,73,4,20
1411,6280,30,4,15
1412,7421,55,2,20
1413,6147,50,2,10
1414,2099,61,2,15
1415,188,3,4,10
1416,6026,2,3,0
1417,9157,36,1,5
1418,8362,30,5,20
1419,834,13,1,15
1420,5200,20,5,5
1421,74,83,4,20
1422,197,64,4,20
1423,8234,93,5,15
1424,2026,67,2,10
1425,6788,91,1,15
1426,6987,34,1,5
1427,9049,83,1,5
1428,9192,4,2,5
1429,2942,87,3,10
1430,6356,56,1,15
1431,5338,12,4,10
1432,9201,56,4,15
1433,3002,52,3,15
1434,860,39,2,20
1435,8683,26,2,20
1436,2877,26,5,10
1437,415,80,5,0
1438,3068,100,4,20
1439,1273,59,4,10
1440,9438,72,3,15
1441,7282,38,2,15
1442,3436,41,5,20
1443,4291,8,4,0
1444,5275,39,4,5
1445,788,97,5,5
1446,7100,35,4,10
1447,2322,76,4,15
1448,9734,33,4,0
1449,8209,78,1,15
1450,6714,70,1,15
1451,3807,92,1,0
1452,471,11,4,20
1453,7718,61,4,15
1454,762,7,2,5
1455,225,4,2,15
1456,5046,99,2,5
1457,8383,22,2,5
1458,5631,41,2,5
1459,486,78,3,0
1460,2707,34,3,15
1461,3047,82,1,5
1462,380,22,3,10
1463,432,74,3,0
1464,1307,25,5,15
1465,5461,34,3,5
1466,5396,89,3,0
1467,7286,100,4,10
1468,6812,92,5,20
1469,3610,54,3,20
1470,5302,4,5,5
1471,6679,19,5,20
1472,7899,48,4,5
1473,973,94,2,0
1474,4699,89,2,0
1475,6642,13,3,5
1476,2906,66,5,10
1477,8660,74,5,10
1478,7419,6,5,20
1479,350,54,5,20
1480,8965,15,5,20
1481,2107,29,4,0
1482,981,34,3,20
1483,965,64,1,0
1484,3663,85,4,10
1485,6946,70,5,0
1486,6308,91,5,20
1487,7652,66,3,20
1488,421,25,5,0
1489,2331,83,4,15
1490,610,44,2,20
1491,8185,43,1,20
1492,5585,28,3,5
1493,9462,58,1,5
1494,9313,96,4,15
1495,3328,30,5,0
1496,501,33,1,10
1497,3174,22,4,20
1498,5119,82,3,0
1499,131,34,2,5
1500,2312,2,1,20
1501,6337,47,5,15
1502,2852,90,2,5
1503,4253,72,4,20
1504,1098,79,2,10
1505,2740,12,1,10
1506,7176,83,3,15
1507,7680,41,4,5
1508,2769,90,3,0
1509,4102,14,3,15
1510,1147,59,2,0
1511,2909,36,2,5
1512,1898,94,5,15
1513,9379,20,3,15
1514,6530,15,4,10
1515,795,30,3,5
1516,614,6,3,15
1517,8532,35,1,15
1518,2557,63,2,10
1519,914,51,5,15
1520,5403,34,1,5
1521,2983,50,2,0
1522,1685,41,1,20
1523,9482,17,2,20
1524,8264,26,1,20
1525,2485,19,1,5
1526,3390,60,1,10
1527,5275,90,1,5
1528,8426,53,1,15
1529,2693,80,3,5
1530,572,53,2,20
1531,7496,25,3,10
1532,2024,18,5,10
1533,1915,79,4,5
1534,8798,94,3,10
1535,8893,50,4,20
1536,3966,16,4,0
1537,2531,61,5,15
1538,3215,94,3,20
1539,7228,54,3,15
1540,1567,18,5,0
1541,6689,78,3,10
1542,2588,16,1,0
1543,9777,98,3,5
1544,1296,51,1,10
1545,6265,51,4,20
1546,5529,79,4,0
1547,3457,35,1,0
1548,2137,78,2,20
1549,8515,9,1,10
1550,2762,28,5,10
1551,2965,33,4,20
1552,6560,41,3,10
1553,5824,6,5,10
1554,5294,34,5,20
1555,5504,77,5,0
1556,6341,74,1,10
1557,3938,75,5,15
1558,8439,68,5,20
1559,9479,74,3,20
1560,8925,39,3,0
1561,6482,5,2,15
1562,9500,97,1,20
1563,5994,77,3,0
1564,5659,87,2,0
1565,9269,68,5,20
1566,303,24,1,15
1567,7618,64,2,0
1568,8736,65,1,10
1569,3766,3,2,20
1570,3612,27,2,15
1571,7618,58,1,10
1572,2312,73,4,20
1573,2240,46,2,20
1574,5040,13,2,15
1575,9633,81,1,5
1576,2351,48,2,5
1577,2293,90,3,20
1578,9185,66,3,0
1579,4978,98,1,15
1580,2832,63,3,5
1581,2247,13,2,0
1582,1447,96,3,10
1583,4450,40,5,10
1584,253,19,3,15
1585,1200,3,1,15
1586,8750,12,1,15
1587,1676,32,4,15
1588,9512,96,4,5
1589,243,80,3,0
1590,4974,82,4,0
1591,7322,25,4,5
1592,935,40,1,5
1593,2917,87,3,0
1594,4650,39,1,0
1595,2593,10,4,20
1596,5611,55,2,10
1597,3277,52,1,10
1598,5524,47,1,0
1599,2563,77,1,10
1600,3913,11,2,20
1601,7124,69,4,15
1602,7492,57,3,15
1603,4809,52,5,20
1604,3298,49,2,5
1605,2470,5,5,10
1606,8568,96,1,15
1607,8314,46,2,0
1608,9541,75,5,0
1609,8604,61,1,0
1610,4986,49,1,20
1611,7695,8,2,15
1612,3743,80,2,10
1613,6389,60,5,5
1614,1461,40,4,10
1615,2584,43,1,20
1616,8475,94,2,5
1617,2317,100,3,5
1618,6733,74,4,10
1619,7337,87,4,5
1620,2434,32,4,5
1621,4190,76,2,20
1622,2715,84,1,5
1623,3777,18,3,0
1624,6446,10,5,15
1625,4729,52,1,10
1626,6491,76,2,15
1627,4134,48,1,10
1628,6663,80,3,20
1629,2752,49,1,15
1630,9552,13,2,10
1631,3645,81,5,0
1632,2559,98,3,20
1633,771,24,3,15
1634,2773,11,5,15
1635,4427,61,4,0
1636,4911,94,3,0
1637,4872,19,3,0
1638,4729,19,4,10
1639,6148,20,4,0
1640,6474,8,3,15
1641,4865,32,1,0
1642,7188,21,3,15
1643,6446,50,1,10
1644,3571,10,2,20
1645,7876,97,5,5
1646,7573,37,4,15
1647,6224,93,5,5
1648,8077,61,4,5
1649,5000,99,2,10
1650,2767,62,5,10
1651,1182,23,5,15
1652,6754,99,1,5
1653,8269,19,4,0
1654,2613,36,5,20
1655,9072,60,4,20
1656,9294,77,3,20
1657,1201,75,3,0
1658,6670,91,5,0
1659,2909,59,3,15
1660,1479,93,1,10
1661,604,72,4,15
1662,3075,19,3,20
1663,6435,65,3,20
1664,1176,4,4,5
1665,4521,59,1,15
1666,5693,51,5,5
1667,8774,95,4,10
1668,1140,24,1,10
1669,4307,15,3,5
1670,8231,4,4,20
1671,6900,97,3,15
1672,7922,1,1,15
1673,9524,49,2,0
1674,2474,85,2,5
1675,6231,17,4,0
1676,6555,48,2,20
1677,1183,27,4,20
1678,9715,43,4,5
1679,3305,42,3,5
1680,5988,84,1,5
1681,9641,3,3,10
1682,8929,73,4,5
1683,9033,46,5,10
1684,2261,38,1,10
1685,641,8,3,10
1686,1437,96,1,15
1687,6247,98,4,0
1688,6118,72,5,0
1689,9481,41,5,5
1690,4277,28,5,20
1691,1397,44,5,20
1692,4034,21,2,10
1693,8014,8,2,0
1694,1759,53,5,15
1695,6593,86,1,5
1696,8831,78,2,20
1697,1536,33,5,20
1698,9929,51,3,15
1699,9658,85,1,15
1700,9043,15,3,10
1701,9051,90,2,15
1702,1421,95,1,10
1703,3954,72,2,5
1704,6191,50,3,10
1705,9672,26,3,15
1706,4620,30,1,5
1707,4825,83,2,15
1708,7630,71,3,10
1709,6484,56,1,0
1710,5392,45,4,20
1711,1264,53,1,20
1712,6274,40,1,10
1713,7189,66,4,15
1714,6841,4,1,15
1715,8928,21,5,15
1716,1572,37,4,5
1717,280,58,3,20
1718,467,20,4,20
1719,8160,94,2,15
1720,3315,2,1,20
1721,7002,80,5,10
1722,6477,48,2,0
1723,7786,38,3,15
1724,5150,72,5,20
1725,8776,35,2,20
1726,6943,72,3,10
1727,3709,89,5,0
1728,6419,67,3,0
1729,4976,48,4,20
1730,5795,45,4,5
1731,9060,9,3,15
1732,7406,74,5,15
1733,2147,68,1,10
1734,6954,11,2,0
1735,2050,81,2,5
1736,7882,52,2,20
1737,1480,51,5,10
1738,9867,64,2,20
1739,7387,51,5,15
1740,6282,47,5,15
1741,4842,64,1,20
1742,1314,87,4,10
1743,3719,35,1,20
1744,7083,14,5,20
1745,7229,99,3,0
1746,1427,63,3,15
1747,3575,37,3,0
1748,6758,7,2,0
1749,571,76,1,15
1750,2992,56,5,15
1751,6877,62,2,15
1752,8263,90,2,5
1753,2869,23,4,5
1754,8064,26,1,20
1755,6768,67,2,10
1756,3170,54,5,20
1757,1169,97,2,0
1758,733,56,4,20
1759,7353,21,4,15
1760,1976,48,4,20
1761,1414,82,3,15
1762,244,10,2,20
1763,8897,28,5,10
1764,5846,38,1,15
1765,4517,50,1,15
1766,1762,45,1,0
1767,7071,82,4,10
1768,2718,71,3,5
1769,821,5,3,10
1770,6136,61,5,15
1771,8749,43,5,5
1772,2459,20,2,0
1773,303,99,4,10
1774,7837,83,4,10
1775,1890,39,3,5
1776,921,11,5,0
1777,3456,37,2,0
1778,6203,94,5,15
1779,2835,9,4,0
1780,4598,93,4,15
1781,8601,61,1,20
1782,1981,63,5,15
1783,2321,16,1,15
1784,7921,14,2,5
1785,668,34,4,10
1786,8314,29,4,10
1787,9894,78,5,0
1788,1574,53,4,10
1789,8943,88,1,5
1790,6913,53,2,5
1791,2509,5,5,15
1792,1032,88,1,5
1793,1647,31,1,10
1794,402,74,4,5
1795,9868,74,3,15
1796,9022,25,3,20
1797,8964,10,3,15
1798,104,97,5,5
1799,4261,90,4,10
1800,254,95,4,20
1801,4957,27,3,10
1802,4672,15,4,10
1803,6171,55,4,0
1804,9838,51,2,0
1805,3646,22,2,20
1806,2959,80,3,0
1807,1877,87,5,15
1808,6301,11,1,5
1809,2206,14,4,10
1810,8230,91,1,20
1811,7530,20,4,15
1812,556,89,3,0
1813,1876,80,2,20
1814,8769,28,1,20
1815,304,35,3,20
1816,1434,51,4,5
1817,9847,11,5,5
1818,161,35,2,0
1819,1435,72,3,20
1820,1007,99,3,5
1821,7834,30,1,0
1822,9009,57,4,10
1823,6736,63,2,5
1824,4500,14,2,20
1825,6383,43,1,5
1826,8460,40,1,0
1827,1572,87,5,10
1828,9519,78,2,5
1829,2971,34,5,5
1830,4446,33,3,0
1831,6554,56,1,10
1832,9399,81,2,5
1833,2200,7,5,15
1834,6308,90,3,20
1835,6335,9,5,5
1836,9189,22,3,10
1837,9634,16,3,5
1838,2893,10,1,15
1839,2793,36,3,15
1840,994,100,3,0
1841,8385,23,1,20
1842,627,71,4,0
1843,7404,66,1,20
1844,8101,15,2,10
1845,3670,67,3,15
1846,3216,20,3,5
1847,975,89,3,15
1848,970,96,2,15
1849,5961,73,3,20
1850,3061,41,4,0
1851,8070,94,2,15
1852,9426,21,5,0
1853,4290,91,4,20
1854,8816,97,1,0
1855,7169,19,1,5
1856,7867,7,2,15
1857,1169,50,4,0
1858,6329,89,4,5
1859,8152,7,2,5
1860,4792,11,1,5
1861,6846,21,1,0
1862,8758,27,1,20
1863,3384,24,1,20
1864,1420,39,2,0
1865,9457,31,5,10
1866,1090,43,2,0
1867,1123,91,5,20
1868,2745,30,1,15
1869,3789,11,2,20
1870,7581,19,5,20
1871,8512,61,2,20
1872,7380,60,1,5
1873,670,39,2,5
1874,8315,61,4,20
1875,369,95,5,0
1876,231,95,4,15
1877,6995,37,2,15
1878,7484,95,1,20
1879,7578,68,3,5
1880,6113,32,5,20
1881,1076,25,5,10
1882,5053,9,2,0
1883,7546,81,3,10
1884,8801,87,3,0
1885,9543,46,3,10
1886,2793,86,2,5
1887,4264,33,1,5
1888,6112,92,5,20
1889,5941,43,1,0
1890,8611,68,5,5
1891,1695,57,1,0
1892,8574,86,4,10
1893,8773,42,2,0
1894,5564,78,5,15
1895,4710,87,4,0
1896,9161,96,4,5
1897,5550,33,4,15
1898,8167,43,2,20
1899,8963,16,4,15
1900,8797,29,3,5
1901,2120,36,4,20
1902,1306,92,1,0
1903,1940,55,2,0
1904,9955,67,5,15
1905,4186,100,3,15
1906,9514,99,2,0
1907,6866,72,1,10
1908,1201,50,3,20
1909,1883,92,5,0
1910,8086,7,3,10
1911,5591,15,5,15
1912,4729,74,2,5
1913,410,49,4,0
1914,225,15,4,10
1915,8481,38,2,10
1916,2645,35,4,15
1917,1956,77,2,0
1918,6271,92,3,15
1919,3257,89,5,0
1920,8668,62,3,5
1921,5574,69,5,20
1922,3339,21,3,5
1923,5398,86,5,10
1924,1859,31,2,5
1925,1134,92,4,20
1926,6107,35,2,5
1927,4010,24,3,15
1928,9290,29,3,10
1929,2021,54,5,15
1930,9038,67,2,15
1931,7759,62,2,0
1932,5047,30,5,15
1933,1979,65,5,20
1934,4473,19,4,0
1935,6160,93,5,15
1936,5183,54,3,10
1937,5889,94,2,20
1938,2660,67,3,0
1939,3329,35,4,15
1940,9795,52,3,10
1941,4365,40,1,15
1942,6440,67,5,20
1943,4913,20,3,5
1944,2647,66,2,15
1945,9534,30,1,20
1946,494,10,1,20
1947,8018,23,1,5
1948,9302,70,2,0
1949,2694,5,1,10
1950,7014,81,3,15
1951,2694,86,2,20
1952,7026,86,1,15
1953,782,10,5,15
1954,1145,75,1,5
1955,7065,87,3,0
1956,6769,76,3,20
1957,526,47,1,20
1958,5086,6,3,15
1959,7993,31,3,0
1960,3860,16,5,20
1961,4948,76,4,10
1962,1048,50,2,5
1963,2704,68,3,10
1964,6659,29,2,15
1965,6679,85,1,5
1966,3655,43,2,0
1967,8157,81,5,5
1968,1731,16,5,5
1969,8759,74,1,5
1970,449,90,3,0
1971,333,20,4,0
1972,290,46,5,0
1973,4346,59,5,15
1974,841,91,3,15
1975,2304,32,2,0
1976,9679,33,4,20
1977,7379,52,5,20
1978,5518,93,3,5
1979,4278,83,4,10
1980,5323,65,2,20
1981,5312,34,4,5
1982,7813,27,2,5
1983,162,6,2,0
1984,4464,59,1,15
1985,6636,20,2,10
1986,2894,47,2,0
1987,1981,17,5,0
1988,9716,37,1,0
1989,1780,12,2,20
1990,5636,18,1,15
1991,8236,14,5,15
1992,4785,13,3,15
1993,5701,54,4,5
1994,7383,6,4,0
1995,4272,99,2,15
1996,3198,98,4,10
1997,1329,33,2,10
1998,3923,42,3,10
1999,7013,95,2,5
2000,2497,88,5,10
2001,7508,98,4,15
2002,583,8,5,15
2003,5028,100,5,0
2004,9430,12,2,15
2005,1768,78,2,10
2006,9092,13,3,0
2007,4875,13,5,10
2008,4871,8,1,10
2009,8350,78,4,10
2010,7123,1,5,10
2011,6335,73,3,10
2012,4459,77,3,15
2013,9275,60,4,10
2014,6039,55,1,5
2015,4030,38,1,0
2016,1342,97,3,5
2017,2929,79,1,10
2018,416,81,1,10
2019,420,62,4,5
2020,9726,92,3,5
2021,381,13,2,0
2022,7521,18,2,0
2023,9701,39,2,10
2024,2852,24,1,20
2025,2252,39,1,20
2026,8972,84,3,15
2027,7464,94,5,15
2028,3458,37,1,5
2029,7306,20,2,0
2030,7487,29,3,15
2031,1632,82,2,15
2032,1126,65,4,15
2033,4163,74,4,20
2034,9705,47,2,10
2035,2672,42,5,10
2036,4045,41,3,20
2037,9348,44,1,10
2038,4428,14,3,5
2039,6898,7,3,5
2040,8972,64,2,10
2041,3855,1,5,20
2042,4820,72,4,0
2043,6983,34,1,10
2044,4920,95,2,10
2045,817,73,4,20
2046,3148,32,4,10
2047,7960,74,1,0
2048,5348,46,1,20
2049,8943,1,4,5
2050,9385,44,5,10
2051,5445,35,3,0
2052,5254,91,2,20
2053,6373,45,2,15
2054,753,33,4,15
2055,8231,8,5,20
2056,5802,51,5,5
2057,5126,7,3,0
2058,8616,31,3,10
2059,495,24,4,10
2060,5944,34,4,0
2061,2040,36,2,20
2062,5564,3,2,5
2063,7010,74,2,15
2064,8912,29,3,0
2065,2533,14,1,0
2066,4405,45,3,20
2067,8513,6,3,15
2068,432,51,3,5
2069,5020,82,5,5
2070,338,80,4,15
2071,7161,26,3,20
2072,2037,54,4,0
2073,6125,96,3,15
2074,7367,25,5,0
2075,4276,46,3,10
2076,3147,54,2,5
2077,3162,11,5,5
2078,1210,90,2,0
2079,768,72,1,0
2080,667,28,5,15
2081,7722,25,5,0
2082,551,58,4,20
2083,9854,67,1,20
2084,6602,71,4,0
2085,6821,50,4,20
2086,8308,39,2,5
2087,1449,56,3,0
2088,9788,70,2,5
2089,8724,9,2,15
2090,2299,38,5,0
2091,1771,35,1,10
2092,4996,26,5,5
2093,4578,49,5,20
2094,9853,67,3,15
2095,4018,66,3,5
2096,9709,41,2,15
2097,2916,48,5,0
2098,1481,44,2,10
2099,8540,37,5,15
2100,2504,3,1,5
2101,2990,29,1,5
2102,179,15,5,5
2103,6220,85,5,15
2104,992,15,4,5
2105,8315,46,3,10
2106,5956,46,1,10
2107,1560,81,5,0
2108,7643,87,4,0
2109,4930,21,4,15
2110,2271,38,3,5
2111,6749,64,4,0
2112,4214,81,1,0
2113,261,65,1,0
2114,2928,83,4,10
2115,1690,26,3,20
2116,7809,34,5,20
2117,5884,52,3,5
2118,6093,20,4,10
2119,3520,12,4,15
2120,9572,9,1,10
2121,3783,57,2,10
2122,6719,45,4,5
2123,3414,64,2,10
2124,3138,40,5,20
2125,9960,10,5,0
2126,414,98,1,0
2127,2761,33,2,0
2128,1184,17,4,15
2129,6153,4,4,15
2130,2177,48,5,10
2131,7715,70,4,10
2132,4888,15,1,5
2133,8241,40,5,10
2134,2862,12,4,5
2135,7968,33,2,0
2136,4198,8,3,15
2137,9127,93,5,0
2138,3320,56,4,0
2139,7155,9,4,20
2140,4827,98,5,20
2141,9285,77,1,5
2142,6289,31,5,5
2143,7397,77,3,0
2144,5022,45,3,0
2145,9676,60,2,5
2146,3207,6,5,20
2147,7809,6,2,20
2148,2647,91,3,5
2149,9707,70,3,5
2150,8131,8,3,20
2151,7305,81,2,10
2152,5016,40,4,5
2153,4826,50,3,15
2154,4219,73,4,10
2155,9301,16,2,0
2156,1362,2,1,10
2157,2083,22,1,20
2158,1529,45,5,10
2159,8857,69,1,5
2160,3202,55,5,20
2161,6747,50,1,20
2162,9055,23,2,5
2163,3886,48,1,0
2164,4038,85,5,10
2165,2705,23,3,10
2166,9427,88,3,10
2167,7367,3,2,0
2168,7695,52,5,0
2169,917,12,2,5
2170,4558,61,1,15
2171,3081,8,5,0
2172,4793,11,3,5
2173,3651,57,3,15
2174,4518,91,3,10
2175,6130,84,1,15
2176,3798,97,2,0
2177,1101,53,3,10
2178,8320,59,4,10
2179,7352,68,1,10
2180,9232,10,4,15
2181,5787,43,1,15
2182,2377,72,4,10
2183,2526,10,2,15
2184,869,15,4,0
2185,4981,62,2,5
2186,2057,78,3,10
2187,3284,13,5,15
2188,5200,11,4,10
2189,4762,13,5,0
2190,5463,35,1,0
2191,8504,42,2,20
2192,223,86,5,10
2193,2614,3,4,20
2194,6519,89,1,20
2195,9687,5,5,15
2196,9684,70,5,15
2197,5393,95,5,0
2198,3706,13,1,20
2199,8186,3,5,15
2200,8509,95,1,10
2201,7335,34,5,0
2202,6919,63,1,15
2203,5252,56,4,0
2204,9426,68,4,15
2205,8066,70,5,10
2206,1938,94,4,20
2207,2915,3,2,20
2208,6024,19,5,10
2209,7670,79,3,0
2210,1082,44,3,0
2211,6025,3,4,20
2212,9588,72,3,0
2213,1732,70,5,0
2214,1319,49,4,20
2215,8027,26,3,20
2216,912,72,3,0
2217,4136,79,4,15
2218,7419,48,4,0
2219,6237,74,3,10
2220,398,18,2,0
2221,3290,98,3,5
2222,6308,72,2,20
2223,6269,76,5,10
2224,7568,13,2,20
2225,5787,60,1,0
2226,1743,55,5,10
2227,5696,9,2,5
2228,4439,81,1,5
2229,3624,67,4,20
2230,3099,6,2,20
2231,1889,38,4,15
2232,842,36,1,20
2233,6491,90,2,15
2234,2363,73,2,5
2235,5727,100,5,10
2236,3327,57,4,5
2237,1947,1,5,20
2238,5893,26,2,15
2239,2121,57,2,0
2240,7086,51,4,10
2241,4493,75,1,10
2242,9460,64,2,0
2243,3941,59,3,5
2244,7744,100,3,10
2245,996,65,5,5
2246,66,92,4,20
2247,2274,73,3,20
2248,2016,57,1,10
2249,9486,89,4,15
2250,2441,75,3,5
2251,7307,93,5,0
2252,9574,9,4,5
2253,7406,89,5,20
2254,480,5,3,15
2255,2395,1,2,20
2256,8809,72,2,5
2257,9475,57,5,15
2258,45,99,5,15
2259,7801,5,1,10
2260,2756,96,3,5
2261,4383,37,2,0
2262,728,17,5,20
2263,3558,19,1,0
2264,3520,52,4,10
2265,578,5,5,5
2266,5582,100,3,5
2267,8142,4,5,20
2268,3527,14,5,0
2269,8932,8,2,10
2270,3082,4,4,0
2271,4945,70,5,5
2272,687,43,3,10
2273,409,71,2,15
2274,5868,88,5,20
2275,6498,67,3,20
2276,1587,77,4,10
2277,8295,71,3,15
2278,7199,34,5,5
2279,2798,25,2,20
2280,6531,33,2,10
2281,137,39,4,10
2282,7566,12,4,10
2283,2273,50,3,20
2284,8927,39,1,15
2285,7135,11,2,10
2286,5652,4,1,0
2287,7094,86,1,0
2288,2572,82,3,0
2289,9086,14,1,15
2290,865,59,4,5
2291,1659,3,5,15
2292,2671,53,2,0
2293,6172,72,3,15
2294,2960,94,1,5
2295,773,49,2,0
2296,5112,9,1,20
2297,2143,36,3,5
2298,2983,75,3,10
2299,70,86,3,15
2300,8702,90,4,10
2301,2426,74,4,0
2302,8054,23,3,15
2303,2253,63,2,0
2304,8599,72,5,15
2305,608,56,1,10
2306,4379,50,2,0
2307,3454,57,3,10
2308,5798,61,1,20
2309,1249,86,4,15
2310,3277,37,2,0
2311,4166,19,1,0
2312,4562,4,4,20
2313,1272,30,4,15
2314,5119,77,2,20
2315,164,64,1,5
2316,8481,29,5,10
2317,2834,60,1,5
2318,4342,19,3,15
2319,930,54,3,20
2320,2191,17,2,10
2321,7293,98,1,15
2322,4765,7,1,10
2323,8209,91,5,10
2324,2672,34,1,10
2325,3639,82,3,10
2326,7028,40,4,15
2327,3576,78,4,0
2328,8202,6,1,5
2329,732,50,2,5
2330,5798,64,3,20
2331,7820,80,3,20
2332,7661,41,4,15
2333,5833,54,3,15
2334,6916,64,4,15
2335,7229,33,5,0
2336,3601,39,5,0
2337,6439,75,3,0
2338,3482,22,3,5
2339,2645,15,4,10
2340,5786,26,2,10
2341,4701,89,2,0
2342,5017,52,1,0
2343,268,37,5,20
2344,3140,41,5,0
2345,865,43,5,0
2346,9185,25,4,10
2347,1238,98,3,15
2348,9524,8,3,20
2349,1403,69,2,15
2350,6763,46,2,20
2351,7493,74,1,0
2352,5257,59,5,5
2353,4187,12,1,20
2354,811,64,3,0
2355,9673,43,1,5
2356,5300,35,3,0
2357,3433,56,3,0
2358,2061,93,5,10
2359,2872,94,2,0
2360,9191,43,5,10
2361,43,25,1,5
2362,1586,47,3,20
2363,5846,74,5,10
2364,9348,100,2,10
2365,1149,78,4,0
2366,7101,51,3,10
2367,3551,49,1,0
2368,8944,12,1,15
2369,5,27,2,20
2370,725,86,2,5
2371,5819,26,5,5
2372,6504,10,3,10
2373,1985,61,5,5
2374,1157,84,4,10
2375,1201,40,5,0
2376,1036,13,3,15
2377,9061,64,2,15
2378,1893,16,4,5
2379,7836,2,2,0
2380,6143,27,5,10
2381,5736,6,2,10
2382,5338,81,5,20
2383,6509,60,2,0
2384,3258,86,1,5
2385,1921,26,1,5
2386,5085,26,3,15
2387,6219,90,4,5
2388,9907,15,2,15
2389,2922,11,3,5
2390,9708,36,3,0
2391,6292,1,1,10
2392,6867,94,1,5
2393,154,44,5,10
2394,9765,72,3,10
2395,7402,48,2,20
2396,3279,55,1,0
2397,7857,38,5,0
2398,3311,88,2,10
2399,3860,28,2,15
2400,4511,9,4,10
2401,1820,65,1,0
2402,7346,85,3,15
2403,6022,69,2,10
2404,5373,34,5,5
2405,8295,55,5,15
2406,1446,19,2,10
2407,8540,63,5,0
2408,5539,1,4,5
2409,687,90,5,0
2410,7885,17,5,10
2411,8665,41,4,5
2412,6337,55,4,15
2413,3175,13,2,20
2414,6626,96,2,20
2415,6497,32,2,20
2416,9460,59,3,10
2417,8019,3,1,0
2418,2976,11,3,5
2419,5876,78,2,20
2420,3725,73,3,5
2421,7290,22,5,5
2422,8727,66,1,10
2423,6827,48,5,15
2424,226,38,1,5
2425,9098,85,4,10
2426,4998,59,4,0
2427,6302,36,5,0
2428,3370,31,3,15
2429,8561,21,5,20
2430,2544,35,3,5
2431,3798,42,1,15
2432,8951,67,3,5
2433,9699,32,5,5
2434,6380,4,4,5
2435,6919,26,5,5
2436,3771,80,1,20
2437,2250,75,3,15
2438,8230,88,4,10
2439,5815,33,3,15
2440,244,25,1,20
2441,6741,65,4,10
2442,9544,24,4,20
2443,9784,40,5,0
2444,2894,78,4,10
2445,5279,37,5,5
2446,7547,64,1,20
2447,5696,78,1,0
2448,9624,34,1,5
2449,6542,39,3,15
2450,7713,21,5,0
2451,1956,70,5,10
2452,5088,6,1,10
2453,7327,100,1,20
2454,2898,26,1,20
2455,6177,15,4,5
2456,5782,66,5,5
2457,8457,34,3,5
2458,7245,16,5,0
2459,4336,47,3,20
2460,1500,23,5,20
2461,9264,48,1,5
2462,1790,82,4,10
2463,5052,57,3,15
2464,3755,51,3,0
2465,8253,28,4,0
2466,4966,59,1,5
2467,3160,59,1,5
2468,5944,3,4,20
2469,3035,15,2,0
2470,3589,48,5,0
2471,3937,99,5,15
2472,5424,11,5,15
2473,2983,90,3,10
2474,2455,34,1,10
2475,5934,65,5,15
2476,2847,30,3,20
2477,1039,73,5,20
2478,8478,41,3,5
2479,2778,77,2,20
2480,7191,62,1,5
2481,5980,81,5,20
2482,4645,46,5,10
2483,5151,37,2,5
2484,624,42,3,20
2485,7409,23,5,0
2486,3045,77,5,20
2487,6589,58,2,5
2488,5998,87,2,15
2489,469,81,4,5
2490,2395,27,1,0
2491,1217,57,1,20
2492,5798,46,4,15
2493,3096,17,5,10
2494,1957,51,4,5
2495,1157,45,4,15
2496,4423,72,4,5
2497,8140,37,4,0
2498,3880,83,1,5
2499,6781,51,2,20
2500,7004,86,1,5
2501,6324,81,5,15
2502,1910,88,4,10
2503,8236,34,1,10
2504,3710,98,1,20
2505,9039,53,3,20
2506,5338,24,2,20
2507,8426,82,4,15
2508,2018,58,2,15
2509,4468,54,1,0
2510,4029,38,1,0
2511,6123,72,5,5
2512,8654,58,1,5
2513,6112,12,4,0
2514,9649,76,3,20
2515,7290,34,3,0
2516,333,78,4,0
2517,7000,35,3,0
2518,7746,85,1,5
2519,5249,30,3,15
2520,1743,13,3,10
2521,5479,24,3,0
2522,2253,57,5,5
2523,882,15,3,20
2524,1046,15,2,0
2525,8421,84,2,20
2526,5747,25,1,0
2527,7105,82,5,10
2528,2022,46,2,5
2529,3361,34,3,0
2530,9020,73,4,0
2531,7869,10,2,15
2532,6282,50,4,0
2533,9187,8,4,0
2534,7013,7,3,0
2535,6878,38,1,10
2536,1565,12,5,5
2537,2917,71,3,0
2538,1594,85,3,10
2539,667,59,5,0
2540,4480,26,5,20
2541,3144,42,2,0
2542,7447,25,2,10
2543,7099,14,3,10
2544,2561,20,3,0
2545,1094,32,3,0
2546,4810,71,1,5
2547,6797,94,5,20
2548,2184,50,3,20
2549,3591,42,2,15
2550,3930,69,2,20
2551,6718,65,5,10
2552,6683,4,4,20
2553,4398,42,4,20
2554,4487,57,1,20
2555,3527,11,5,10
2556,8056,73,5,15
2557,5414,73,1,5
2558,4000,77,3,10
2559,9960,33,5,5
2560,82,60,5,10
2561,5389,59,5,10
2562,4104,77,1,5
2563,3832,8,4,15
2564,1877,40,4,10
2565,519,84,2,20
2566,6913,2,1,0
2567,8318,32,4,15
2568,1104,5,5,0
2569,8960,92,5,20
2570,1595,89,2,15
2571,8652,8,1,0
2572,721,37,4,0
2573,8334,84,3,10
2574,4146,33,3,5
2575,2198,45,4,15
2576,2194,12,1,20
2577,5437,10,1,0
2578,9311,35,3,5
2579,6587,46,5,5
2580,1161,53,3,10
2581,1451,39,4,5
2582,180,1,1,20
2583,8395,70,5,15
2584,6904,39,1,10
2585,3932,59,4,5
2586,2624,23,5,10
2587,5341,55,5,5
2588,1281,97,3,20
2589,3796,46,3,20
2590,9152,10,1,15
2591,3291,19,4,15
2592,1182,76,5,0
2593,3881,58,4,15
2594,4048,12,1,0
2595,2786,41,2,15
2596,5217,75,2,5
2597,5410,70,3,0
2598,5685,86,1,10
2599,9415,36,1,0
2600,8109,34,4,15
2601,2202,30,5,15
2602,8549,69,1,0
2603,8599,65,2,0
2604,770,57,4,0
2605,5312,86,5,10
2606,5213,69,4,0
2607,4125,19,3,5
2608,7177,60,4,20
2609,6660,62,2,5
2610,6116,35,5,15
2611,6261,4,4,0
2612,2884,71,4,5
2613,8118,17,2,20
2614,467,47,4,0
2615,2554,15,4,15
2616,2948,78,4,15
2617,8560,81,2,15
2618,3750,34,2,20
2619,9237,8,3,5
2620,6505,70,3,10
2621,4762,51,1,15
2622,8294,68,5,10
2623,8297,78,5,5
2624,2385,10,5,0
2625,3760,25,1,10
2626,4872,17,1,15
2627,9913,42,2,10
2628,8717,100,3,15
2629,4125,45,1,10
2630,5115,54,2,10
2631,407,100,3,10
2632,1582,52,2,0
2633,6960,93,4,10
2634,1561,63,1,0
2635,1023,29,2,15
2636,9605,3,3,15
2637,4355,17,1,5
2638,641,55,4,0
2639,6143,87,5,0
2640,8772,99,3,15
2641,9724,1,2,20
2642,9528,13,4,0
2643,8206,65,5,0
2644,7192,19,3,5
2645,1017,62,3,5
2646,293,97,5,15
2647,7569,19,2,15
2648,9808,55,4,15
2649,3698,36,5,10
2650,8554,90,4,0
2651,1464,95,3,0
2652,735,68,3,20
2653,5286,98,3,20
2654,1105,92,3,15
2655,5737,9,4,15
2656,9578,22,1,5
2657,7228,9,5,10
2658,2323,52,1,15
2659,2009,66,4,15
2660,986,86,5,15
2661,8277,31,4,5
2662,444,9,4,10
2663,8869,84,3,10
2664,7580,11,2,5
2665,2197,86,3,20
2666,1501,90,5,15
2667,3421,33,5,0
2668,3738,3,1,10
2669,3962,50,2,10
2670,6406,73,1,10
2671,4027,96,5,5
2672,126,44,5,0
2673,8832,64,4,5
2674,4623,1,3,15
2675,6193,12,1,0
2676,573,56,1,20
2677,5695,96,5,0
2678,6157,12,5,20
2679,3322,92,2,20
2680,8880,56,3,5
2681,7011,50,1,10
2682,5843,3,1,20
2683,1176,72,4,20
2684,5949,8,2,15
2685,4929,97,2,15
2686,1226,23,3,0
2687,4668,22,4,0
2688,8612,78,1,5
2689,5105,9,3,5
2690,1094,20,1,20
2691,3935,28,5,15
2692,3389,3,1,15
2693,638,31,2,20
2694,9657,57,5,10
2695,7555,30,4,15
2696,6022,56,3,0
2697,355,71,5,10
2698,6062,18,1,15
2699,2071,99,3,20
2700,4465,96,1,5
2701,8115,50,3,20
2702,4898,89,1,5
2703,3878,3,5,20
2704,4169,94,3,10
2705,2553,92,2,10
2706,5305,38,5,10
2707,2053,22,5,10
2708,1165,34,1,5
2709,6424,95,2,5
2710,5753,41,5,15
2711,1779,31,2,5
2712,3499,2,3,15
2713,1631,81,2,0
2714,1277,16,2,15
2715,2289,27,4,15
2716,887,66,2,0
2717,3462,95,3,5
2718,2488,10,1,0
2719,1702,67,5,0
2720,9379,71,2,0
2721,8313,62,5,20
2722,3495,29,2,0
2723,9849,84,1,5
2724,8459,84,5,0
2725,9952,72,4,0
2726,2650,3,5,5
2727,9206,73,4,20
2728,1938,70,1,10
2729,3871,27,3,20
2730,6909,23,5,5
2731,6050,65,5,0
2732,5937,70,5,15
2733,7963,85,5,15
2734,8197,5,4,15
2735,9118,64,5,0
2736,2923,36,3,15
2737,4281,35,2,5
2738,5643,74,5,15
2739,4454,66,3,0
2740,9565,24,4,0
2741,2380,74,1,15
2742,6106,33,2,5
2743,4320,71,5,20
2744,606,12,3,15
2745,6339,70,5,20
2746,3394,52,2,20
2747,1766,43,5,15
2748,5851,98,5,15
2749,6826,87,5,0
2750,4476,7,2,10
2751,8828,33,3,10
2752,5315,31,4,15
2753,9285,25,2,15
2754,3114,28,3,10
2755,7290,8,5,0
2756,1175,61,3,20
2757,6190,53,1,10
2758,5012,85,4,15
2759,6114,67,3,20
2760,961,68,5,10
2761,7711,16,1,15
2762,709,50,1,0
2763,4208,2,2,5
2764,3508,82,3,20
2765,6846,2,4,10
2766,8537,43,3,5
2767,2913,98,5,10
2768,376,77,3,10
2769,3514,56,1,10
2770,8751,66,3,20
2771,6471,93,1,20
2772,1792,64,3,10
2773,7203,96,3,15
2774,6598,67,2,15
2775,3500,56,5,0
2776,595,65,5,15
2777,3835,83,1,5
2778,6947,46,5,0
2779,7622,60,3,15
2780,7170,33,2,5
2781,4874,1,5,15
2782,880,42,3,10
2783,487,15,2,5
2784,3190,100,3,5
2785,1462,99,4,5
2786,7977,90,3,20
2787,6921,90,2,0
2788,8209,65,3,5
2789,4217,3,2,15
2790,2036,87,1,0
2791,5435,96,5,10
2792,2494,49,2,5
2793,3409,11,1,15
2794,8523,91,3,15
2795,7762,66,5,10
2796,6862,19,1,10
2797,4758,18,1,0
2798,1480,67,4,15
2799,8368,23,4,5
2800,6542,30,3,0
2801,1304,100,5,20
2802,1506,37,5,15
2803,7207,93,3,0
2804,9007,10,5,5
2805,7589,11,3,0
2806,3172,97,1,20
2807,4434,68,2,20
2808,9181,98,2,15
2809,6799,90,2,10
2810,3440,77,3,15
2811,3818,48,4,0
2812,8717,89,5,15
2813,8805,98,2,10
2814,4589,61,2,15
2815,4679,43,4,0
2816,5100,89,4,5
2817,7345,34,4,20
2818,3312,16,5,20
2819,424,57,1,5
2820,4060,25,4,15
2821,8402,14,2,0
2822,5433,46,3,5
2823,3596,57,2,20
2824,9693,58,4,0
2825,4442,87,1,10
2826,5509,70,5,15
2827,1373,28,4,10
2828,3190,20,2,10
2829,9233,97,1,15
2830,3971,17,5,15
2831,7402,42,3,10
2832,8209,37,1,0
2833,4633,20,1,0
2834,9780,74,4,20
2835,8517,67,3,15
2836,6675,91,1,0
2837,9361,52,4,15
2838,7246,74,2,20
2839,9277,95,2,15
2840,8807,87,2,15
2841,526,100,4,20
2842,8505,77,1,20
2843,7978,95,5,20
2844,2998,3,4,20
2845,8382,31,2,20
2846,1153,2,1,5
2847,6617,17,3,0
2848,8309,96,2,0
2849,9987,43,2,15
2850,4273,100,4,15
2851,4685,33,3,15
2852,3167,94,2,5
2853,5390,3,3,10
2854,6258,60,5,20
2855,4718,65,5,0
2856,6134,74,3,10
2857,7851,37,2,0
2858,467,17,5,20
2859,2445,29,3,5
2860,7419,13,3,5
2861,4658,25,5,20
2862,986,16,2,15
2863,2919,85,3,20
2864,2571,69,5,10
2865,522,95,5,15
2866,9944,99,4,10
2867,8056,29,5,10
2868,3829,81,4,10
2869,1788,23,2,0
2870,7943,18,1,10
2871,9345,87,5,0
2872,5407,50,1,5
2873,3013,20,3,15
2874,582,30,2,0
2875,3880,94,2,15
2876,8757,3,1,15
2877,8806,40,1,20
2878,6701,36,2,20
2879,3782,72,3,10
2880,6001,6,4,20
2881,3095,23,1,0
2882,8688,18,2,10
2883,4381,88,5,0
2884,3604,6,4,0
2885,3,66,3,10
2886,7961,8,3,0
2887,9483,25,4,10
2888,30,97,4,10
2889,1616,48,1,0
2890,8344,18,2,5
2891,4711,15,2,5
2892,9456,48,1,0
2893,418,17,2,5
2894,3190,95,2,0
2895,3561,73,5,5
2896,8852,41,5,0
2897,4639,24,4,5
2898,5193,5,2,5
2899,1637,92,3,20
2900,1390,51,1,0
2901,1383,77,5,10
2902,3665,88,2,0
2903,2,43,5,15
2904,8232,83,3,5
2905,8851,12,3,5
2906,5304,16,5,10
2907,2002,80,5,15
2908,9936,69,1,15
2909,6662,31,1,0
2910,9742,84,1,0
2911,5699,36,2,0
2912,7128,89,4,0
2913,1284,86,3,0
2914,21,39,5,20
2915,2248,4,4,10
2916,5701,49,2,0
2917,420,79,5,5
2918,2891,91,4,5
2919,7101,99,3,5
2920,9227,27,5,15
2921,2144,48,2,0
2922,5168,49,3,15
2923,7608,80,1,15
2924,7286,10,2,15
2925,5091,35,1,0
2926,3741,3,3,20
2927,7382,17,3,5
2928,4065,84,2,10
2929,9557,59,1,15
2930,3239,3,4,20
2931,6969,71,5,15
2932,9030,56,1,20
2933,2998,8,2,5
2934,8899,90,3,10
2935,739,35,1,5
2936,6609,97,1,15
2937,6393,67,3,10
2938,996,13,3,15
2939,2130,22,3,20
2940,4291,67,1,20
2941,293,53,1,10
2942,5445,83,5,20
2943,3045,91,4,20
2944,1065,37,4,0
2945,5596,85,4,10
2946,7554,87,1,15
2947,2386,75,1,5
2948,6558,73,5,0
2949,5139,32,2,10
2950,5888,29,2,20
2951,4879,27,1,20
2952,2267,54,5,15
2953,8276,66,2,5
2954,1932,7,2,0
2955,8248,44,2,0
2956,5952,52,3,10
2957,8579,2,2,10
2958,4186,7,3,20
2959,5869,56,3,20
2960,5974,11,5,15
2961,4212,90,2,20
2962,5664,5,3,10
2963,4929,91,5,5
2964,287,76,3,10
2965,5246,47,3,20
2966,1424,24,5,5
2967,1186,13,4,20
2968,4668,75,3,10
2969,2153,24,5,5
2970,2305,80,5,10
2971,8208,59,3,5
2972,7182,77,4,5
2973,58,36,5,10
2974,5589,3,5,10
2975,7234,69,4,10
2976,1101,56,2,20
2977,9061,22,5,0
2978,220,93,3,20
2979,2635,45,1,5
2980,1716,16,5,20
2981,4626,49,2,5
2982,1726,11,4,15
2983,6049,48,4,5
2984,6980,29,1,0
2985,4840,87,2,5
2986,5239,75,1,0
2987,5709,51,3,0
2988,7512,86,3,10
2989,6609,73,3,0
2990,4336,50,4,5
2991,5574,80,2,20
2992,3198,93,5,15
2993,2436,48,4,15
2994,4294,90,1,15
2995,2008,55,3,15
2996,6444,97,3,15
2997,6587,40,1,15
2998,3484,32,4,10
2999,5576,66,4,0
3000,7334,15,1,0
3001,6922,74,4,15
3002,9352,50,5,5
3003,3010,36,5,15
3004,2529,30,3,10
3005,3291,55,5,5
3006,8246,41,1,10
3007,6809,24,5,5
3008,8137,77,3,15
3009,7330,81,3,0
3010,8188,95,2,5
3011,4052,54,1,0
3012,872,61,5,15
3013,7830,50,1,10
3014,3518,37,3,0
3015,3358,43,5,0
3016,7016,87,3,10
3017,8850,81,1,15
3018,1788,66,3,15
3019,4941,71,4,15
3020,102,67,3,15
3021,6411,40,4,0
3022,3338,49,2,5
3023,4639,17,5,15
3024,6632,23,2,15
3025,1614,80,2,0
3026,7484,29,4,15
3027,5516,56,4,15
3028,3796,78,1,15
3029,726,63,2,15
3030,8108,97,2,5
3031,6776,48,4,15
3032,1232,34,4,15
3033,6738,46,4,0
3034,6827,33,1,5
3035,2586,51,1,5
3036,3208,33,5,10
3037,5560,94,4,5
3038,4370,89,3,20
3039,1432,59,4,10
3040,8815,92,2,15
3041,1579,39,5,0
3042,423,75,5,10
3043,7837,66,1,20
3044,4002,27,5,0
3045,8047,2,2,5
3046,1899,45,4,15
3047,7919,2,3,5
3048,4071,83,1,20
3049,5378,12,5,20
3050,3265,70,4,0
3051,6510,73,4,5
3052,5040,80,5,20
3053,5965,54,5,0
3054,1041,6,2,0
3055,8889,76,4,10
3056,8650,50,2,20
3057,464,34,1,10
3058,4390,13,4,0
3059,6489,52,1,5
3060,59,51,2,10
3061,4655,68,3,5
3062,9395,54,1,0
3063,4764,66,1,20
3064,9207,1,3,15
3065,4294,88,5,20
3066,7943,47,5,10
3067,877,22,3,20
3068,3995,65,4,0
3069,3531,69,5,20
3070,2332,59,5,5
3071,5544,86,3,10
3072,4403,44,5,20
3073,382,44,4,5
3074,1019,16,5,20
3075,5282,17,4,0
3076,4543,90,3,15
3077,8481,22,3,10
3078,6584,55,2,15
3079,3511,7,3,0
3080,2266,67,1,15
3081,3202,57,5,20
3082,7135,30,1,15
3083,3971,26,2,20
3084,5769,51,5,5
3085,6464,74,3,15
3086,650,94,1,0
3087,5395,87,1,5
3088,4432,27,1,15
3089,2516,79,2,5
3090,5272,52,2,0
3091,3910,34,2,5
3092,6057,58,1,5
3093,272,42,4,10
3094,2110,9,2,20
3095,6961,1,4,20
3096,3064,68,5,15
3097,2181,86,5,15
3098,545,19,3,10
3099,6577,40,3,5
3100,1953,87,1,15
3101,6526,82,5,0
3102,7826,4,1,20
3103,6319,6,5,20
3104,7147,60,3,10
3105,3733,83,3,20
3106,3701,36,3,15
3107,1164,53,1,10
3108,6975,27,2,15
3109,310,53,1,0
3110,1291,32,2,5
3111,1140,24,2,0
3112,3736,52,4,5
3113,7001,65,3,15
3114,3749,6,5,0
3115,6736,77,1,5
3116,5614,4,2,10
3117,2097,6,4,5
3118,8317,93,5,10
3119,8639,96,1,10
3120,2239,38,5,10
3121,1634,81,1,15
3122,8609,93,5,5
3123,9581,21,1,0
3124,5120,32,4,15
3125,9018,45,5,15
3126,3830,25,3,15
3127,6202,62,4,15
3128,8700,17,5,5
3129,893,4,4,5
3130,7731,2,2,20
3131,7422,64,3,15
3132,4404,30,5,10
3133,277,68,5,5
3134,6096,87,4,0
3135,4629,35,3,10
3136,4157,21,5,5
3137,6017,82,5,20
3138,7855,81,3,5
3139,1598,7,5,10
3140,3825,70,1,10
3141,4613,88,4,20
3142,4326,96,5,20
3143,8374,30,1,0
3144,8537,98,4,0
3145,8777,4,4,10
3146,3607,74,2,20
3147,9052,47,4,15
3148,6942,2,1,10
3149,2972,62,1,20
3150,8435,31,5,15
3151,5498,38,5,20
3152,4913,81,2,5
3153,8420,83,1,10
3154,3557,53,2,10
3155,7270,81,1,15
3156,8117,65,1,10
3157,7276,84,5,0
3158,5648,81,3,10
3159,5703,17,5,5
3160,6073,66,2,10
3161,9509,14,3,20
3162,110,72,4,10
3163,5347,74,2,0
3164,8302,74,2,0
3165,651,45,5,15
3166,6371,99,5,15
3167,9854,94,3,15
3168,1074,71,3,0
3169,6295,42,4,0
3170,4262,14,4,20
3171,7415,98,3,0
3172,491,42,4,15
3173,3179,17,4,5
3174,4532,55,2,0
3175,2953,99,3,15
3176,8894,95,4,10
3177,3813,43,4,20
3178,6285,54,4,15
3179,3498,55,1,5
3180,2380,13,1,5
3181,4543,42,5,15
3182,1345,46,3,15
3183,9470,65,3,10
3184,1660,70,3,0
3185,9799,77,4,20
3186,3334,89,2,15
3187,6865,19,5,20
3188,955,66,2,5
3189,7946,15,1,10
3190,9703,54,1,5
3191,3234,29,5,20
3192,333,36,4,5
3193,2496,63,2,5
3194,4468,25,4,10
3195,8854,96,1,0
3196,6980,18,3,20
3197,6399,96,5,15
3198,1060,65,3,0
3199,1950,35,4,15
3200,7631,16,4,5
3201,1906,89,3,20
3202,3250,68,1,20
3203,6580,19,4,20
3204,6463,100,1,0
3205,8495,96,5,0
3206,9274,22,5,5
3207,4596,99,3,0
3208,2140,56,1,20
3209,3682,43,5,20
3210,9283,60,3,5
3211,6140,83,3,0
3212,8341,41,5,10
3213,2608,1,3,20
3214,5938,81,3,20
3215,2936,65,4,15
3216,7662,86,3,15
3217,7394,41,2,20
3218,6707,53,5,20
3219,1249,40,3,5
3220,9695,17,3,0
3221,3276,96,2,15
3222,3338,25,2,15
3223,4965,7,5,0
3224,9842,82,3,10
3225,4695,72,5,0
3226,2390,4,5,10
3227,2302,60,2,10
3228,9998,75,1,20
3229,2094,12,3,15
3230,8305,55,3,10
3231,8697,97,2,20
3232,7098,11,2,0
3233,5131,19,5,15
3234,449,5,1,20
3235,781,49,2,10
3236,6992,97,3,5
3237,1077,81,2,5
3238,5780,52,2,10
3239,4759,29,4,15
3240,2512,79,2,0
3241,6945,54,3,10
3242,6015,54,4,15
3243,883,25,4,0
3244,7207,7,1,0
3245,9273,48,3,15
3246,5789,30,5,20
3247,2116,44,4,20
3248,4177,89,2,15
3249,1524,14,4,0
3250,9115,45,4,20
3251,1752,89,1,15
3252,8954,11,5,20
3253,7991,43,5,0
3254,5889,71,5,0
3255,8659,81,4,5
3256,3865,78,2,15
3257,8493,35,1,20
3258,7585,9,5,10
3259,7813,11,3,15
3260,2898,98,1,0
3261,801,3,3,15
3262,1147,74,3,0
3263,7115,84,3,15
3264,8453,44,5,0
3265,903,25,4,0
3266,8879,54,1,10
3267,6931,27,5,0
3268,886,19,4,10
3269,2841,28,4,20
3270,3181,58,4,5
3271,3884,15,3,15
3272,68,12,2,15
3273,295,96,3,15
3274,2571,80,2,15
3275,6353,76,2,5
3276,6353,18,1,0
3277,3803,38,2,0
3278,4121,92,5,15
3279,7163,30,1,5
3280,9702,65,4,5
3281,8230,15,1,20
3282,293,26,1,20
3283,6401,89,5,20
3284,5404,25,3,20
3285,1131,25,3,20
3286,3059,87,4,5
3287,8158,94,3,15
3288,8602,67,5,5
3289,4867,43,5,0
3290,9959,67,4,20
3291,1849,93,2,5
3292,9308,16,4,5
3293,3239,98,2,20
3294,8500,21,2,20
3295,3000,91,4,10
3296,5017,12,2,20
3297,7738,7,3,10
3298,4680,37,1,10
3299,4872,63,3,10
3300,3149,24,3,0
3301,3301,54,5,0
3302,7813,5,2,10
3303,9567,79,1,10
3304,1723,2,4,0
3305,7733,71,4,20
3306,9257,54,4,10
3307,3338,89,4,0
3308,9,36,3,10
3309,5601,64,5,10
3310,2289,64,3,5
3311,7636,28,4,5
3312,2723,51,5,10
3313,3296,58,2,10
3314,5118,36,5,15
3315,1973,21,2,15
3316,9693,41,1,10
3317,3968,54,5,5
3318,763,8,5,0
3319,2356,45,5,10
3320,3863,40,1,5
3321,9856,63,1,20
3322,9435,46,2,20
3323,9982,61,1,15
3324,4260,5,1,5
3325,8095,35,5,20
3326,6423,64,5,5
3327,7020,29,4,15
3328,9972,17,3,15
3329,1135,1,3,20
3330,9827,83,2,0
3331,8942,3,3,10
3332,7937,78,3,0
3333,5368,5,3,0
3334,5464,75,3,20
3335,210,53,1,5
3336,5409,54,2,15
3337,175,50,1,0
3338,5931,6,1,20
3339,1623,63,1,20
3340,5953,32,4,5
3341,9111,13,4,15
3342,4295,1,5,20
3343,9139,68,3,15
3344,9461,57,3,5
3345,1228,88,1,10
3346,4759,42,1,15
3347,4899,28,2,20
3348,8663,17,5,20
3349,3849,50,4,0
3350,665,76,4,10
3351,1722,71,5,15
3352,9035,18,5,15
3353,5777,63,1,20
3354,8879,70,4,5
3355,3169,7,4,10
3356,5686,61,5,15
3357,1543,49,3,20
3358,4132,13,2,0
3359,607,94,5,5
3360,2638,22,1,15
3361,4790,52,2,0
3362,6883,84,4,15
3363,2818,79,5,5
3364,6828,100,1,20
3365,5001,92,1,0
3366,2975,65,2,20
3367,6608,26,5,0
3368,2895,56,3,20
3369,2518,99,5,0
3370,3784,10,3,0
3371,2641,22,4,10
3372,8622,11,4,15
3373,2861,75,2,10
3374,7672,68,2,15
3375,3836,54,5,0
3376,2089,29,1,10
3377,3608,20,3,5
3378,6974,7,1,0
3379,1453,70,1,5
3380,4005,3,4,5
3381,8601,68,5,0
3382,1253,81,2,5
3383,1431,18,3,5
3384,6805,45,2,0
3385,987,10,1,15
3386,4469,43,2,0
3387,5702,91,1,0
3388,9652,74,1,0
3389,9958,81,4,0
3390,5269,65,1,20
3391,6087,81,1,0
3392,1036,42,1,10
3393,1758,22,2,10
3394,977,10,1,5
3395,8253,59,3,0
3396,8541,24,4,15
3397,681,25,5,0
3398,9651,63,2,20
3399,136,57,5,20
3400,1552,37,5,5
3401,8075,14,5,0
3402,517,36,3,0
3403,4965,16,3,15
3404,8816,65,1,15
3405,5212,97,4,0
3406,691,73,3,20
3407,3726,38,5,5
3408,5560,77,1,5
3409,7661,43,2,15
3410,3029,39,4,20
3411,917,46,2,5
3412,3161,94,3,15
3413,5532,2,5,0
3414,7931,71,2,10
3415,6910,25,4,10
3416,575,81,3,20
3417,5417,65,5,0
3418,1645,70,3,10
3419,7377,61,1,15
3420,384,57,4,10
3421,7740,55,4,5
3422,7568,10,1,15
3423,1695,5,3,5
3424,541,32,1,15
3425,3388,91,3,5
3426,9206,50,5,5
3427,8202,9,3,20
3428,7650,69,1,0
3429,7651,84,5,15
3430,1908,55,5,0
3431,1018,67,3,5
3432,4270,92,4,10
3433,5156,8,4,10
3434,8600,13,3,10
3435,5009,31,5,10
3436,4600,53,5,5
3437,6552,52,2,15
3438,3550,77,3,0
3439,9587,90,5,0
3440,3740,69,2,5
3441,4577,90,5,10
3442,1302,41,3,5
3443,9402,95,5,5
3444,7572,60,4,15
3445,1459,25,3,20
3446,9909,83,4,0
3447,6428,3,1,0
3448,3360,14,1,5
3449,8071,65,4,0
3450,8864,61,5,15
3451,8594,83,5,5
3452,9366,31,1,20
3453,943,100,4,15
3454,2307,41,5,10
3455,797,7,5,0
3456,6794,24,3,0
3457,9596,99,3,15
3458,6295,86,4,0
3459,5477,1,4,20
3460,9291,4,2,10
3461,6057,94,2,20
3462,8535,99,5,15
3463,3238,59,5,10
3464,419,57,1,10
3465,1885,75,1,5
3466,4395,16,4,0
3467,8124,58,2,5
3468,8166,73,4,5
3469,528,73,1,10
3470,3676,25,1,0
3471,9682,21,3,0
3472,8633,55,3,15
3473,321,34,5,10
3474,5202,6,2,5
3475,1350,32,4,10
3476,4436,63,1,10
3477,6199,46,1,5
3478,7757,13,3,0
3479,175,62,3,20
3480,8437,29,5,5
3481,7147,69,2,0
3482,1342,19,1,5
3483,1762,41,2,15
3484,2844,7,4,15
3485,7731,74,3,15
3486,5129,87,4,0
3487,8284,56,5,15
3488,2306,48,1,0
3489,7148,77,4,5
3490,6944,44,5,15
3491,9549,34,5,5
3492,3450,16,3,0
3493,1804,2,5,0
3494,8086,66,2,0
3495,3738,43,4,0
3496,964,76,2,15
3497,6968,93,1,15
3498,6710,47,5,20
3499,1406,68,5,5
3500,7625,49,1,15
3501,1110,84,4,0
3502,2167,46,3,0
3503,7386,45,5,10
3504,9400,26,5,0
3505,7843,69,2,15
3506,4359,8,5,5
3507,4420,85,3,10
3508,3394,36,1,5
3509,8479,67,3,10
3510,9726,77,1,0
3511,8376,59,4,0
3512,8004,41,4,15
3513,4047,41,4,20
3514,17,25,5,0
3515,8831,55,5,5
3516,2647,8,1,15
3517,3341,71,4,10
3518,4750,30,4,0
3519,1730,16,2,15
3520,9748,75,2,20
3521,9982,59,2,5
3522,4296,74,4,15
3523,1477,79,2,10
3524,8765,64,4,15
3525,715,13,2,0
3526,365,92,5,20
3527,7009,17,3,10
3528,3233,11,1,10
3529,8069,14,5,5
3530,6399,43,2,5
3531,7471,15,1,15
3532,8686,34,4,15
3533,7148,46,4,10
3534,8876,33,1,10
3535,3009,82,5,0
3536,1019,28,4,10
3537,9554,58,2,15
3538,4906,47,4,15
3539,1208,21,1,5
3540,4906,78,5,15
3541,7088,82,3,0
3542,5268,46,4,5
3543,1986,87,2,0
3544,1361,32,5,15
3545,8610,31,5,0
3546,2766,65,2,20
3547,7393,56,4,5
3548,2928,100,1,15
3549,1381,99,1,5
3550,5996,4,2,5
3551,6665,53,5,20
3552,4709,78,3,20
3553,2307,64,5,5
3554,6986,61,4,10
3555,4856,63,2,5
3556,4750,43,4,0
3557,9377,43,3,10
3558,9268,98,4,20
3559,4146,61,2,15
3560,6585,6,3,0
3561,2852,70,1,15
3562,8191,15,4,0
3563,6312,75,5,10
3564,4452,40,2,20
3565,3083,75,4,5
3566,2845,35,4,0
3567,182,40,2,20
3568,6087,42,3,15
3569,1891,22,1,0
3570,7226,30,1,15
3571,9103,6,5,0
3572,6237,72,2,10
3573,2311,32,5,20
3574,7766,82,4,15
3575,7896,41,2,5
3576,9304,73,5,5
3577,9463,13,5,15
3578,5580,78,5,0
3579,5941,65,5,10
3580,1919,75,3,20
3581,3005,36,4,10
3582,1889,9,5,20
3583,66,30,3,15
3584,7403,6,1,15
3585,1755,97,4,20
3586,3519,70,3,15
3587,3909,66,1,0
3588,6494,32,4,0
3589,7197,22,1,20
3590,6097,5,5,5
3591,2243,51,1,15
3592,4066,40,1,10
3593,4619,50,3,20
3594,8313,42,5,0
3595,1834,61,3,5
3596,5069,8,1,0
3597,7444,47,3,0
3598,4799,76,2,10
3599,7372,71,1,10
3600,1534,20,4,15
3601,392,10,3,5
3602,3172,67,4,20
3603,2215,85,5,5
3604,9605,22,5,0
3605,2525,31,5,0
3606,1317,84,5,15
3607,4555,84,1,0
3608,8123,33,2,5
3609,6336,22,5,10
3610,3473,22,2,15
3611,6299,6,2,10
3612,6178,61,2,20
3613,4576,36,2,10
3614,7885,23,2,5
3615,6944,37,4,5
3616,8218,32,2,5
3617,4993,96,2,5
3618,6206,6,2,5
3619,2231,20,4,10
3620,6152,13,4,10
3621,8646,28,3,10
3622,1174,59,2,0
3623,8311,90,1,20
3624,1367,92,5,5
3625,4735,94,2,10
3626,1794,22,5,15
3627,3710,46,5,15
3628,6071,21,2,20
3629,8328,30,2,0
3630,3611,76,4,10
3631,8966,5,1,20
3632,2887,79,2,15
3633,7254,57,5,10
3634,1360,36,3,10
3635,4418,99,5,10
3636,4655,35,3,5
3637,9838,83,4,5
3638,8016,19,4,20
3639,3083,21,2,5
3640,4158,69,2,5
3641,7950,87,3,10
3642,7331,82,2,15
3643,8870,44,1,5
3644,9736,26,1,0
3645,6380,43,2,0
3646,2378,54,3,10
3647,6247,89,5,15
3648,7288,46,4,0
3649,5806,62,1,15
3650,1534,47,5,0
3651,8846,29,2,5
3652,3807,47,4,5
3653,6094,44,1,0
3654,3373,43,5,10
3655,1856,98,1,5
3656,4267,11,1,5
3657,7228,25,2,0
3658,2099,17,1,0
3659,7457,30,5,5
3660,2066,81,4,0
3661,6502,69,4,20
3662,6781,54,2,0
3663,7875,3,5,20
3664,6770,37,5,20
3665,6678,30,5,20
3666,8350,58,3,15
3667,9187,13,5,5
3668,9328,98,3,20
3669,1326,12,1,5
3670,8610,40,5,5
3671,8619,25,3,0
3672,9316,32,2,15
3673,6048,25,2,20
3674,6367,78,3,20
3675,6494,25,2,0
3676,1340,32,1,15
3677,5291,100,2,5
3678,2813,31,5,15
3679,9980,10,1,20
3680,6182,49,3,0
3681,1211,44,1,15
3682,4808,90,3,15
3683,5460,78,2,5
3684,6806,100,3,20
3685,7740,72,2,15
3686,9580,3,1,20
3687,243,1,3,15
3688,51,26,2,5
3689,6820,6,1,20
3690,8257,99,5,10
3691,3110,73,1,5
3692,4381,80,4,5
3693,1929,3,3,5
3694,9211,67,5,20
3695,3632,13,2,20
3696,134,40,3,5
3697,8240,19,2,15
3698,2041,56,1,0
3699,342,85,5,15
3700,2430,96,5,20
3701,3389,92,5,5
3702,1124,17,1,0
3703,1596,47,1,0
3704,6799,7,5,15
3705,8434,39,5,15
3706,429,37,2,0
3707,9530,57,4,15
3708,6992,86,2,0
3709,544,7,5,10
3710,5474,26,1,20
3711,4563,18,2,5
3712,6286,42,2,5
3713,7748,11,3,15
3714,2927,83,3,0
3715,7895,49,2,5
3716,3739,17,4,10
3717,648,75,3,10
3718,4252,66,2,0
3719,8120,100,3,20
3720,3509,54,1,0
3721,6525,11,4,20
3722,7773,96,4,5
3723,508,63,2,15
3724,2665,20,3,15
3725,6098,70,3,20
3726,3949,52,2,20
3727,1949,57,1,0
3728,3469,66,5,20
3729,8934,14,1,5
3730,9323,42,4,20
3731,8514,17,2,5
3732,3803,87,3,20
3733,7035,18,2,10
3734,2321,85,2,5
3735,4780,98,2,5
3736,6846,39,1,0
3737,1993,34,3,5
3738,3151,1,3,15
3739,6398,44,4,15
3740,6901,2,4,0
3741,2480,46,1,15
3742,4229,31,3,5
3743,2044,4,5,10
3744,3843,79,5,20
3745,9224,26,5,0
3746,4079,91,1,15
3747,9907,53,3,15
3748,7077,67,1,5
3749,6430,86,5,15
3750,4784,96,5,10
3751,1818,81,1,15
3752,6950,85,4,0
3753,2415,36,4,15
3754,9039,42,5,15
3755,6194,55,3,15
3756,9234,21,4,10
3757,9799,87,1,5
3758,9014,21,4,15
3759,4873,53,5,10
3760,8926,24,3,10
3761,5136,60,4,5
3762,4825,38,4,20
3763,2808,6,1,0
3764,3139,63,4,20
3765,4050,47,2,20
3766,1268,31,4,5
3767,4325,23,1,10
3768,6874,96,3,5
3769,5130,21,1,15
3770,1013,44,4,5
3771,6193,64,4,20
3772,9022,25,1,0
3773,2377,93,1,5
3774,631,35,2,5
3775,799,63,4,20
3776,291,93,1,0
3777,2133,12,3,5
3778,2958,32,5,20
3779,5061,8,5,20
3780,5552,48,3,0
3781,7034,21,4,0
3782,9129,16,1,15
3783,3275,10,5,20
3784,6001,37,3,20
3785,883,56,4,15
3786,6249,35,4,5
3787,540,86,4,10
3788,1029,52,3,0
3789,2169,52,3,10
3790,7807,26,4,0
3791,4466,22,1,10
3792,1955,47,2,5
3793,9092,58,4,20
3794,8074,8,1,0
3795,9298,68,3,10
3796,5668,8,4,20
3797,3362,44,4,15
3798,3936,86,2,20
3799,1920,24,2,10
3800,4868,83,2,5
3801,7048,6,4,5
3802,94,27,4,15
3803,920,17,1,15
3804,526,58,2,15
3805,3889,51,4,20
3806,711,31,1,15
3807,9977,83,4,15
3808,267,58,5,0
3809,4401,50,4,0
3810,727,44,3,20
3811,3875,95,1,20
3812,9492,36,5,5
3813,4485,35,5,20
3814,1107,84,4,0
3815,5964,80,1,5
3816,9166,57,5,20
3817,2493,54,2,5
3818,5316,44,3,15
3819,4992,100,1,20
3820,4275,93,3,0
3821,8542,82,5,0
3822,7109,50,1,5
3823,6809,30,3,0
3824,9538,83,1,15
3825,1281,54,5,5
3826,2021,32,2,5
3827,6189,26,3,10
3828,2828,69,1,10
3829,3598,25,2,15
3830,4224,36,3,10
3831,8368,13,4,10
3832,9586,35,4,0
3833,5379,21,5,15
3834,9038,15,3,20
3835,1791,47,4,15
3836,4943,84,1,15
3837,9628,33,5,0
3838,7191,84,5,0
3839,6941,3,5,0
3840,2281,45,4,0
3841,6438,4,2,20
3842,8700,93,2,5
3843,4351,71,5,15
3844,1097,40,4,0
3845,6714,63,3,20
3846,6432,43,1,0
3847,310,24,1,20
3848,7387,80,4,15
3849,4972,83,4,0
3850,5084,89,5,15
3851,471,11,4,10
3852,6527,9,2,10
3853,7151,53,2,10
3854,6754,75,3,0
3855,2306,48,1,15
3856,2220,65,1,5
3857,6259,14,3,5
3858,2493,68,3,15
3859,4703,50,5,15
3860,8544,45,1,5
3861,6918,68,1,20
3862,4491,100,5,0
3863,4506,35,4,5
3864,5516,88,5,0
3865,698,96,2,15
3866,2246,79,1,15
3867,1668,35,1,0
3868,2195,14,2,20
3869,667,45,5,20
3870,8247,38,1,20
3871,3212,51,2,15
3872,3448,12,2,10
3873,9587,33,4,0
3874,7638,66,1,20
3875,2624,80,3,5
3876,1778,76,2,20
3877,5613,21,2,5
3878,3576,16,1,10
3879,3035,29,1,0
3880,5939,40,4,20
3881,7408,81,1,10
3882,9364,99,5,20
3883,3731,11,2,0
3884,6206,85,1,10
3885,3769,75,3,10
3886,4006,97,2,20
3887,4537,45,1,5
3888,9788,86,5,5
3889,8778,59,5,20
3890,4430,26,1,0
3891,7180,38,5,0
3892,4306,68,4,15
3893,4606,23,4,5
3894,75,1,5,5
3895,855,97,1,20
3896,9200,63,1,15
3897,9806,96,5,5
3898,2422,97,5,5
3899,4451,8,1,0
3900,6184,23,5,0
3901,1439,100,4,20
3902,565,60,2,5
3903,8497,14,5,15
3904,6010,81,1,15
3905,8041,20,1,20
3906,9119,80,1,15
3907,6869,45,1,10
3908,6975,47,3,5
3909,4581,3,1,5
3910,7135,88,4,0
3911,6751,9,4,5
3912,7494,57,3,5
3913,9278,43,3,5
3914,1534,90,4,0
3915,1206,70,4,20
3916,8474,15,3,5
3917,1893,65,3,20
3918,2954,73,2,0
3919,409,38,3,20
3920,2373,21,5,10
3921,6762,71,5,15
3922,6571,81,1,15
3923,6736,100,1,0
3924,8774,48,4,0
3925,811,12,1,20
3926,2571,8,4,5
3927,7260,71,4,15
3928,5270,46,4,0
3929,9969,44,3,15
3930,2706,73,1,5
3931,4348,9,2,20
3932,6853,41,1,15
3933,6304,64,2,15
3934,2436,63,2,10
3935,9657,92,1,15
3936,3135,45,5,5
3937,1983,21,1,10
3938,1218,85,1,0
3939,9925,77,5,0
3940,2862,80,5,20
3941,2978,94,3,20
3942,7087,13,2,0
3943,1589,1,2,10
3944,8518,4,4,15
3945,1402,8,5,0
3946,2722,8,3,10
3947,9509,30,5,15
3948,9959,47,5,15
3949,3700,67,3,10
3950,4094,42,3,15
3951,8960,15,5,15
3952,6296,23,2,0
3953,149,25,4,5
3954,6406,26,4,10
3955,7839,97,1,20
3956,1143,43,1,20
3957,202,94,4,15
3958,8862,29,2,15
3959,8626,24,4,0
3960,4763,89,3,15
3961,4330,100,3,10
3962,7344,45,2,0
3963,1010,6,2,15
3964,7011,72,5,15
3965,5077,24,4,10
3966,7283,10,3,20
3967,9755,9,2,10
3968,5730,17,5,0
3969,6643,45,2,20
3970,8120,73,3,10
3971,7397,33,1,0
3972,5469,71,4,15
3973,8624,37,5,5
3974,7285,21,3,10
3975,5423,100,2,20
3976,3102,93,2,10
3977,479,18,2,0
3978,8544,95,5,0
3979,2235,21,5,10
3980,3188,79,4,0
3981,5128,5,1,0
3982,2434,86,2,20
3983,4891,15,3,5
3984,9657,8,1,20
3985,4959,6,1,15
3986,7912,94,3,20
3987,1600,73,2,20
3988,3320,18,3,20
3989,6064,13,1,0
3990,9676,92,4,15
3991,506,88,2,10
3992,1048,10,4,20
3993,9979,29,3,15
3994,9131,99,4,15
3995,6787,19,5,15
3996,4472,96,4,15
3997,9942,27,1,15
3998,2407,16,4,20
3999,2878,10,5,5
4000,7926,78,1,0
4001,6626,95,5,10
4002,6448,38,2,20
4003,8186,32,3,10
4004,7243,50,2,10
4005,8404,94,4,5
4006,1592,12,1,5
4007,5994,37,5,5
4008,5137,72,4,15
4009,4492,41,4,10
4010,5117,29,1,5
4011,2687,69,1,10
4012,6328,10,2,15
4013,8194,24,2,5
4014,2381,80,1,10
4015,7055,1,5,10
4016,6328,88,4,10
4017,550,61,2,10
4018,8661,6,1,20
4019,7827,80,5,20
4020,7918,14,4,20
4021,364,70,3,20
4022,1333,41,2,15
4023,7401,90,1,0
4024,5881,95,2,15
4025,5269,90,1,15
4026,3350,97,4,0
4027,3914,24,1,10
4028,929,51,2,5
4029,2798,25,4,5
4030,8297,13,5,15
4031,9225,80,1,0
4032,1345,28,1,15
4033,3753,54,4,0
4034,9824,91,4,15
4035,1797,75,4,20
4036,7072,77,4,20
4037,1102,49,2,15
4038,6221,63,1,10
4039,1051,56,5,5
4040,6669,85,3,20
4041,8078,6,1,15
4042,3526,21,1,5
4043,7407,10,2,0
4044,5806,16,5,15
4045,312,78,4,5
4046,7516,29,1,15
4047,7781,27,3,20
4048,2454,71,3,5
4049,7067,63,5,15
4050,1512,58,5,10
4051,154,42,3,20
4052,5712,84,1,5
4053,284,53,1,5
4054,6186,66,4,5
4055,7699,2,1,10
4056,4362,80,5,15
4057,7931,13,3,20
4058,9960,96,2,15
4059,9090,13,2,10
4060,9764,65,2,5
4061,9231,88,5,0
4062,9681,63,5,5
4063,6878,65,4,10
4064,2602,16,3,0
4065,1322,94,2,15
4066,1091,1,5,0
4067,2213,68,2,15
4068,7982,41,4,10
4069,3132,78,5,20
4070,3488,63,4,15
4071,3741,21,4,10
4072,2654,56,4,15
4073,7252,28,1,0
4074,4295,18,2,10
4075,2242,63,5,10
4076,3922,37,1,15
4077,1187,90,4,5
4078,7951,52,4,10
4079,7878,68,3,20
4080,7115,4,3,15
4081,4112,16,2,0
4082,383,52,4,15
4083,727,93,2,20
4084,8127,19,5,10
4085,5465,16,2,10
4086,6729,1,5,20
4087,854,10,3,20
4088,233,52,5,0
4089,960,55,3,20
4090,5972,88,1,5
4091,6542,28,2,15
4092,2812,30,4,10
4093,355,43,3,5
4094,2524,24,4,0
4095,2595,62,5,10
4096,6375,90,2,10
4097,912,49,5,5
4098,7405,43,5,10
4099,5842,68,4,0
4100,2364,28,1,15
4101,1068,6,3,15
4102,5010,6,1,15
4103,7376,40,1,10
4104,8598,50,4,20
4105,5214,87,2,10
4106,371,82,5,15
4107,4477,13,3,10
4108,278,59,3,15
4109,6796,34,3,20
4110,6164,81,2,20
4111,2993,13,3,20
4112,1967,73,4,10
4113,2723,36,1,10
4114,3204,52,3,10
4115,5298,11,5,0
4116,6984,7,1,5
4117,2261,20,4,10
4118,6914,64,5,20
4119,2570,54,4,5
4120,4954,30,3,0
4121,7596,70,1,10
4122,8567,87,1,20
4123,10000,91,4,10
4124,9150,49,1,10
4125,6675,79,2,0
4126,1261,75,2,15
4127,8820,60,3,15
4128,4510,12,2,5
4129,8328,61,4,15
4130,194,87,3,10
4131,5052,61,1,20
4132,6342,73,3,0
4133,3727,78,1,10
4134,603,70,1,20
4135,6682,18,5,5
4136,5201,94,3,15
4137,1655,37,2,15
4138,518,76,2,0
4139,9759,11,2,0
4140,2468,43,5,10
4141,3755,43,2,5
4142,4722,16,2,15
4143,6792,52,2,0
4144,6976,72,3,15
4145,6758,98,1,20
4146,58,91,2,20
4147,8980,43,3,0
4148,1145,10,1,5
4149,473,12,3,0
4150,2535,49,1,10
4151,6054,33,2,15
4152,7308,86,1,10
4153,1059,7,3,10
4154,2235,67,5,15
4155,6657,38,4,20
4156,8371,3,5,0
4157,4133,80,3,5
4158,6237,4,3,0
4159,8224,48,3,15
4160,4531,13,2,15
4161,2381,99,5,0
4162,1729,17,2,5
4163,1273,39,3,20
4164,8737,52,2,15
4165,6935,65,1,5
4166,9967,41,3,10
4167,8924,44,5,20
4168,7328,43,2,15
4169,5680,98,4,0
4170,931,45,4,5
4171,8582,90,3,10
4172,3160,19,5,0
4173,8867,12,1,15
4174,711,92,5,15
4175,2917,79,2,20
4176,5350,94,4,0
4177,3191,49,1,10
4178,1676,2,1,5
4179,8122,34,5,5
4180,2033,20,1,20
4181,6872,79,5,15
4182,597,7,4,15
4183,5373,58,1,10
4184,5933,43,4,5
4185,3088,74,3,15
4186,6817,40,4,20
4187,1032,95,3,10
4188,7481,66,3,20
4189,113,75,3,0
4190,9869,93,5,0
4191,9609,41,5,20
4192,1002,46,4,0
4193,3526,17,4,15
4194,2196,94,3,0
4195,897,30,1,10
4196,4065,4,5,15
4197,549,31,2,0
4198,2658,36,4,15
4199,7872,54,5,15
4200,9072,84,5,15
4201,87,55,3,0
4202,928,66,1,20
4203,1088,1,4,5
4204,9230,79,4,15
4205,2804,23,3,20
4206,5550,45,1,10
4207,7341,5,2,10
4208,3327,37,5,0
4209,7194,10,1,0
4210,3822,84,3,15
4211,669,43,5,5
4212,3593,83,3,20
4213,4602,32,4,10
4214,8040,48,1,15
4215,3410,52,5,10
4216,3419,73,5,5
4217,8312,52,2,15
4218,9542,84,2,10
4219,1311,9,3,5
4220,5834,54,3,0
4221,6543,46,1,15
4222,4864,28,2,0
4223,5657,38,1,15
4224,9339,55,3,0
4225,4521,66,2,15
4226,9143,23,4,5
4227,5555,53,2,20
4228,4059,5,1,20
4229,2424,88,2,10
4230,1190,12,4,15
4231,1937,48,3,5
4232,7030,63,2,0
4233,7922,38,2,0
4234,1708,44,2,0
4235,9508,81,2,15
4236,9856,31,4,0
4237,9467,76,4,0
4238,7702,25,5,20
4239,6077,47,1,5
4240,1536,4,2,20
4241,8824,55,5,20
4242,7040,25,3,20
4243,4833,13,2,5
4244,157,86,4,10
4245,6207,98,4,10
4246,5124,32,4,15
4247,591,78,4,10
4248,2550,18,3,15
4249,3415,66,3,0
4250,7122,4,2,0
4251,2530,9,5,0
4252,4914,34,2,5
4253,8865,11,3,10
4254,4520,8,2,5
4255,7813,92,3,0
4256,5614,33,4,10
4257,3000,20,3,10
4258,9309,18,2,15
4259,1213,80,2,0
4260,7706,39,3,0
4261,1730,38,5,15
4262,2681,78,4,20
4263,3099,17,5,10
4264,5295,25,5,0
4265,2712,98,5,0
4266,7112,56,1,10
4267,196,89,1,20
4268,9131,75,2,15
4269,8881,94,4,0
4270,1086,61,2,0
4271,6023,89,1,20
4272,4330,83,4,10
4273,4244,6,1,0
4274,5206,33,2,0
4275,2651,17,2,15
4276,4902,75,2,5
4277,2549,57,2,10
4278,5050,100,3,0
4279,3634,65,5,5
4280,4991,62,4,10
4281,9580,42,2,5
4282,2479,41,2,15
4283,7789,83,3,5
4284,2584,82,4,15
4285,1035,49,3,20
4286,4187,31,3,0
4287,4697,46,3,15
4288,2202,50,1,10
4289,5617,30,5,10
4290,5817,45,5,20
4291,5541,74,5,0
4292,8674,73,1,5
4293,4388,61,4,10
4294,4482,96,5,20
4295,5725,72,3,5
4296,9957,98,1,0
4297,1152,29,1,20
4298,3403,19,1,5
4299,1716,99,4,0
4300,7413,54,2,10
4301,1499,98,5,15
4302,3391,87,1,0
4303,2425,82,5,20
4304,4072,28,1,5
4305,7161,42,2,20
4306,1565,1,1,15
4307,4644,98,5,20
4308,8989,85,5,15
4309,1238,2,3,10
4310,8567,38,1,10
4311,4030,72,1,0
4312,8877,49,4,15
4313,5420,67,1,10
4314,3422,80,2,15
4315,2551,19,2,5
4316,3455,50,3,15
4317,9389,45,3,20
4318,5094,56,3,20
4319,2352,2,3,10
4320,8569,72,5,10
4321,843,60,2,5
4322,6033,60,5,0
4323,6697,24,5,0
4324,7880,62,2,15
4325,9929,17,3,5
4326,3441,17,1,20
4327,6633,54,2,15
4328,2185,44,1,15
4329,185,9,2,0
4330,205,71,3,0
4331,7793,47,5,20
4332,2636,17,2,15
4333,2082,87,3,20
4334,5257,76,5,5
4335,1038,64,5,10
4336,8275,61,5,15
4337,3363,35,1,10
4338,3816,70,4,15
4339,6624,57,4,0
4340,3088,62,2,15
4341,9268,52,4,5
4342,9101,6,2,15
4343,7264,16,5,20
4344,9446,33,4,10
4345,542,12,2,5
4346,5514,62,5,5
4347,2857,26,5,10
4348,7553,5,5,5
4349,5015,7,4,5
4350,6162,19,5,10
4351,3795,51,3,10
4352,1200,35,5,15
4353,8029,57,3,10
4354,9341,94,5,10
4355,1990,65,5,5
4356,6211,66,1,20
4357,9505,68,5,0
4358,9604,98,2,5
4359,323,57,5,15
4360,4672,38,5,0
4361,7796,46,3,5
4362,5500,91,2,20
4363,1087,81,2,10
4364,5269,18,3,0
4365,452,98,2,0
4366,8915,74,4,5
4367,7793,53,1,5
4368,7707,67,4,0
4369,3260,32,2,0
4370,5550,65,2,15
4371,3412,6,2,20
4372,2058,66,3,20
4373,7032,60,3,5
4374,6302,3,3,20
4375,8699,67,2,5
4376,6426,18,5,0
4377,7189,94,3,0
4378,7101,6,5,10
4379,7615,9,5,20
4380,8472,2,4,20
4381,5659,10,2,0
4382,9592,16,3,5
4383,9256,53,4,5
4384,256,58,3,15
4385,8984,94,4,5
4386,8825,49,3,15
4387,1255,8,4,20
4388,1621,22,4,15
4389,9853,33,5,0
4390,7720,55,3,10
4391,8395,79,5,20
4392,2139,29,5,0
4393,6707,92,2,15
4394,564,38,5,0
4395,4665,83,1,20
4396,5950,54,2,5
4397,3882,27,5,5
4398,1801,52,4,5
4399,9517,7,1,5
4400,7411,18,3,15
4401,968,95,5,10
4402,1952,93,5,10
4403,1415,26,1,15
4404,4875,42,3,5
4405,9821,5,1,5
4406,5747,79,2,0
4407,6007,62,1,20
4408,3219,75,2,5
4409,6810,31,1,5
4410,886,64,5,5
4411,8143,9,4,10
4412,2418,94,5,10
4413,6599,13,2,10
4414,8003,79,5,0
4415,2719,25,2,0
4416,6910,4,2,0
4417,8837,92,5,20
4418,3031,87,3,15
4419,3942,87,1,0
4420,4783,3,2,0
4421,5730,27,1,20
4422,242,37,1,5
4423,7521,53,1,15
4424,8009,70,1,5
4425,8402,76,2,5
4426,2164,29,3,10
4427,4204,18,2,5
4428,1398,96,4,15
4429,8469,15,4,5
4430,1832,94,3,5
4431,7785,54,3,15
4432,5548,57,1,15
4433,6949,20,1,10
4434,1978,53,2,10
4435,902,87,2,0
4436,4650,24,1,0
4437,6181,84,1,0
4438,4318,9,1,15
4439,4639,42,3,20
4440,3052,1,1,20
4441,4174,97,1,5
4442,4431,33,3,0
4443,6150,13,5,10
4444,6678,43,2,15
4445,41,80,2,5
4446,8382,86,4,20
4447,8491,31,2,5
4448,2778,97,2,15
4449,7227,57,1,20
4450,9032,73,3,5
4451,4885,19,3,0
4452,8131,8,1,5
4453,5191,65,5,0
4454,2574,16,3,10
4455,5737,18,3,20
4456,9441,80,2,0
4457,8276,61,1,5
4458,216,98,1,15
4459,1503,72,5,0
4460,5058,99,1,0
4461,2972,9,2,15
4462,2009,7,5,0
4463,6966,89,1,0
4464,2242,93,5,15
4465,7728,35,4,20
4466,7695,57,5,0
4467,3175,37,5,5
4468,1717,56,2,20
4469,3525,90,3,20
4470,3857,47,3,15
4471,5112,74,1,20
4472,5598,57,3,15
4473,1367,63,4,0
4474,5240,43,4,10
4475,8547,74,4,10
4476,3862,20,2,10
4477,6425,76,4,5
4478,1751,69,1,10
4479,8733,77,5,15
4480,32,76,5,5
4481,2614,50,2,10
4482,3216,7,5,5
4483,7057,21,1,10
4484,8396,18,3,0
4485,1826,45,2,0
4486,7381,99,2,20
4487,1808,7,1,20
4488,7286,31,2,5
4489,4665,62,1,10
4490,2661,44,5,20
4491,9950,90,4,15
4492,3834,79,1,5
4493,1690,97,4,20
4494,7301,100,2,20
4495,1675,70,5,10
4496,8752,33,1,15
4497,3962,38,2,0
4498,9366,3,5,10
4499,7340,90,2,10
4500,6464,80,5,15
4501,7558,44,5,20
4502,7762,8,1,10
4503,4700,20,2,15
4504,649,80,3,10
4505,7793,59,2,0
4506,769,93,3,5
4507,6800,100,5,20
4508,9763,7,5,20
4509,7081,35,2,10
4510,4032,70,2,0
4511,1677,70,4,15
4512,6768,58,1,5
4513,9366,35,3,0
4514,1137,48,2,0
4515,1765,20,4,0
4516,7285,25,4,15
4517,2927,7,4,5
4518,8138,17,3,10
4519,7443,2,5,20
4520,7028,61,3,10
4521,222,59,1,15
4522,2379,30,5,5
4523,5843,18,4,10
4524,5973,43,4,10
4525,7275,53,5,0
4526,1817,21,1,0
4527,5861,54,3,10
4528,5668,32,1,10
4529,335,62,3,5
4530,9758,27,5,15
4531,2587,85,4,0
4532,7790,84,3,20
4533,3517,30,3,20
4534,2886,37,2,5
4535,9152,39,3,20
4536,2122,32,2,20
4537,9662,2,1,15
4538,1025,5,4,5
4539,7976,68,1,0
4540,8938,56,5,20
4541,3978,70,2,20
4542,5629,99,3,5
4543,4540,81,3,15
4544,1275,18,5,10
4545,908,28,5,10
4546,1018,48,5,20
4547,7601,1,3,20
4548,1518,73,2,0
4549,8962,84,4,5
4550,2128,30,2,10
4551,1669,73,3,0
4552,6788,18,2,5
4553,4993,35,1,10
4554,9282,98,2,20
4555,8914,31,2,5
4556,3442,58,5,15
4557,3351,86,2,10
4558,8592,8,3,20
4559,2648,79,5,20
4560,9868,89,3,20
4561,8254,9,3,20
4562,8786,2,3,20
4563,5477,9,3,10
4564,6727,63,3,15
4565,4932,18,2,15
4566,3259,7,1,15
4567,3927,51,3,15
4568,626,36,5,15
4569,982,38,2,20
4570,735,35,5,20
4571,1782,78,2,20
4572,4777,81,3,15
4573,6915,28,2,15
4574,8006,99,5,20
4575,3925,66,1,10
4576,7347,6,1,5
4577,145,26,4,15
4578,180,35,5,0
4579,9606,13,4,20
4580,9258,60,1,10
4581,7459,75,4,5
4582,1634,3,5,0
4583,2840,63,1,5
4584,6917,22,2,10
4585,6021,63,5,10
4586,1178,73,1,5
4587,2436,17,2,0
4588,1915,29,5,20
4589,6989,79,1,20
4590,6633,56,1,15
4591,238,79,3,0
4592,9531,42,4,5
4593,4142,12,4,20
4594,5581,95,5,10
4595,5740,90,2,15
4596,9283,66,1,0
4597,5723,26,3,0
4598,5959,29,3,15
4599,4685,73,2,5
4600,682,88,5,0
4601,823,61,5,20
4602,3807,35,3,15
4603,5860,10,2,20
4604,433,61,2,15
4605,7451,39,3,5
4606,3689,79,4,5
4607,5193,94,5,20
4608,9258,11,4,20
4609,481,84,2,15
4610,1613,41,2,5
4611,7415,31,4,5
4612,2284,53,2,20
4613,6917,15,4,0
4614,6232,72,1,5
4615,8987,25,3,20
4616,1700,64,5,0
4617,478,100,3,5
4618,4884,83,3,0
4619,3080,41,4,20
4620,3468,47,3,5
4621,1172,97,1,5
4622,5540,61,5,15
4623,1502,40,3,10
4624,379,8,3,15
4625,9574,73,4,20
4626,8989,39,2,0
4627,5587,22,2,15
4628,1382,15,1,15
4629,4998,56,3,10
4630,663,52,3,5
4631,159,23,1,0
4632,6940,69,4,10
4633,2666,25,2,0
4634,4969,18,1,10
4635,2617,19,3,15
4636,158,34,2,20
4637,4852,65,3,0
4638,1234,26,4,15
4639,2258,38,3,0
4640,9186,79,2,5
4641,876,3,5,10
4642,9013,88,4,10
4643,2373,9,5,5
4644,2622,50,5,10
4645,4535,85,4,10
4646,3600,13,1,5
4647,9643,15,2,0
4648,9242,63,4,10
4649,8514,28,3,15
4650,1869,83,4,20
4651,6938,18,1,20
4652,9745,23,4,20
4653,9452,64,5,5
4654,4109,72,2,5
4655,9344,33,5,0
4656,8068,34,2,15
4657,8238,80,1,0
4658,7330,46,1,0
4659,7637,62,3,10
4660,7397,45,1,5
4661,1248,54,5,0
4662,5861,59,2,15
4663,7019,40,1,20
4664,6838,72,1,0
4665,2877,4,1,5
4666,9277,3,5,0
4667,9760,59,1,10
4668,7260,52,3,20
4669,5444,38,3,0
4670,9153,70,5,20
4671,5494,2,2,15
4672,2664,9,5,5
4673,444,40,1,20
4674,280,67,3,20
4675,2172,76,4,0
4676,4670,54,2,0
4677,9018,64,2,20
4678,4996,29,2,5
4679,1634,47,4,5
4680,4859,26,5,15
4681,6893,65,2,10
4682,2104,32,5,0
4683,5619,99,3,15
4684,5032,27,2,20
4685,9821,46,3,15
4686,5797,41,2,20
4687,3755,47,1,15
4688,5644,89,3,0
4689,3094,74,1,15
4690,4492,33,2,5
4691,9357,63,5,5
4692,44,24,2,5
4693,2023,99,2,5
4694,7420,85,1,5
4695,2558,82,2,20
4696,8218,69,5,15
4697,970,87,2,15
4698,498,8,3,5
4699,1002,55,1,0
4700,8590,37,1,0
4701,6322,98,5,15
4702,7765,88,4,10
4703,3083,18,2,20
4704,6437,25,4,15
4705,3368,52,3,5
4706,1906,57,5,10
4707,7722,21,2,20
4708,317,93,3,5
4709,6489,78,1,15
4710,4830,24,2,20
4711,869,98,5,15
4712,9874,12,5,0
4713,8561,7,5,20
4714,1704,61,3,10
4715,5393,90,2,15
4716,5244,82,2,15
4717,160,4,3,0
4718,555,23,2,5
4719,6335,99,2,20
4720,6197,37,1,0
4721,6425,78,2,15
4722,7725,84,1,5
4723,9042,77,2,0
4724,3670,90,4,10
4725,9535,3,2,15
4726,5364,58,1,15
4727,8646,67,5,15
4728,2420,76,2,0
4729,9844,4,1,0
4730,1365,70,3,10
4731,4450,2,3,15
4732,4251,37,5,15
4733,375,29,5,0
4734,8144,13,4,10
4735,7923,38,5,0
4736,7770,79,2,5
4737,2336,68,3,5
4738,3846,62,2,15
4739,2399,26,1,10
4740,7286,52,2,0
4741,7571,22,4,15
4742,9886,32,1,20
4743,5989,65,3,5
4744,1660,67,4,5
4745,6054,29,5,10
4746,6389,28,5,10
4747,8805,63,3,5
4748,2192,33,2,10
4749,9593,8,5,5
4750,4161,19,4,20
4751,2561,53,2,10
4752,4173,39,5,5
4753,105,33,1,0
4754,6072,40,3,20
4755,6388,2,1,20
4756,3694,82,4,15
4757,2771,71,4,15
4758,5194,83,4,15
4759,8804,4,4,5
4760,5073,44,4,0
4761,382,60,1,15
4762,8402,3,4,10
4763,5304,5,2,15
4764,4971,61,2,5
4765,3305,10,3,15
4766,4805,20,1,5
4767,209,58,4,10
4768,7986,74,4,15
4769,7458,45,5,0
4770,3386,39,2,10
4771,4441,60,4,15
4772,2759,30,4,20
4773,6305,53,2,15
4774,9005,55,1,5
4775,86,34,3,20
4776,8088,64,4,15
4777,4139,8,3,20
4778,5712,4,4,20
4779,2731,45,1,20
4780,2037,12,3,10
4781,7026,44,2,20
4782,2307,59,5,0
4783,3106,52,2,10
4784,8994,2,3,15
4785,7887,61,5,5
4786,3262,72,2,20
4787,5566,94,1,5
4788,7599,72,4,5
4789,6313,26,1,10
4790,1471,30,3,0
4791,3162,89,5,15
4792,8584,41,1,10
4793,1162,23,1,0
4794,1213,99,5,0
4795,6306,64,4,5
4796,6845,70,3,5
4797,3859,59,3,15
4798,6811,16,1,10
4799,5608,69,3,20
4800,7827,99,2,20
4801,4972,2,1,20
4802,1822,10,1,10
4803,2314,12,2,10
4804,342,86,4,15
4805,6757,62,5,15
4806,1662,79,5,15
4807,6248,38,3,5
4808,3990,67,2,15
4809,3720,27,1,0
4810,7192,81,3,15
4811,6553,4,2,0
4812,656,61,4,15
4813,3124,83,3,5
4814,3864,74,4,10
4815,1298,35,3,0
4816,2700,62,3,15
4817,9320,69,5,0
4818,2874,59,2,0
4819,9984,88,2,10
4820,2687,47,1,5
4821,16,80,5,15
4822,5871,44,3,15
4823,8169,92,1,0
4824,4690,61,3,20
4825,7530,6,1,5
4826,8501,3,5,15
4827,533,25,3,0
4828,1973,51,2,20
4829,6862,10,1,0
4830,146,68,2,0
4831,1693,48,2,10
4832,2262,58,5,0
4833,743,94,3,15
4834,614,66,5,15
4835,3158,72,3,0
4836,9849,50,2,20
4837,5109,14,5,10
4838,4307,57,3,15
4839,475,93,3,15
4840,9492,22,2,5
4841,1033,99,5,5
4842,9361,42,4,15
4843,8833,45,2,20
4844,9930,30,2,10
4845,6147,17,3,0
4846,9966,45,1,15
4847,9093,52,2,0
4848,8912,84,5,5
4849,7585,67,4,20
4850,9164,83,3,15
4851,8398,61,5,15
4852,7444,90,2,15
4853,9775,94,5,10
4854,6276,69,5,0
4855,8484,42,5,15
4856,7152,45,2,0
4857,6241,28,3,20
4858,7799,71,4,10
4859,8542,4,1,0
4860,5404,15,1,20
4861,4662,18,4,10
4862,2027,95,1,5
4863,2399,7,3,20
4864,3921,42,5,10
4865,7808,99,5,20
4866,352,90,5,5
4867,5676,18,4,5
4868,7333,32,5,5
4869,7240,51,1,15
4870,7470,5,4,5
4871,6000,1,5,0
4872,7724,94,5,5
4873,6610,13,1,20
4874,8827,91,1,20
4875,5340,56,1,15
4876,9388,79,2,5
4877,4016,18,2,15
4878,8033,89,2,15
4879,5573,88,3,0
4880,1343,97,5,15
4881,3507,16,1,0
4882,2788,3,2,15
4883,2772,23,1,15
4884,3967,9,4,10
4885,1566,80,5,5
4886,8974,73,2,15
4887,3975,29,3,0
4888,9931,92,3,20
4889,6473,32,3,10
4890,7153,75,2,5
4891,2284,50,4,5
4892,4224,20,5,20
4893,6958,49,2,20
4894,282,58,3,5
4895,6312,55,2,5
4896,8222,81,5,0
4897,2858,19,5,0
4898,153,24,2,15
4899,904,81,4,0
4900,3203,10,3,0
4901,7509,86,2,5
4902,6383,15,2,5
4903,9646,28,2,20
4904,1490,71,5,10
4905,5625,81,3,20
4906,7238,45,1,10
4907,2585,31,5,10
4908,9189,74,4,5
4909,5703,3,4,15
4910,1242,29,2,5
4911,3607,58,1,20
4912,265,31,1,5
4913,5064,51,3,10
4914,3727,78,1,0
4915,5391,87,2,5
4916,9472,43,5,5
4917,3098,89,2,15
4918,5912,6,5,0
4919,1936,23,5,0
4920,8279,40,5,20
4921,3637,82,4,10
4922,5465,77,1,5
4923,856,98,1,15
4924,7631,74,5,0
4925,3325,37,4,20
4926,647,49,1,15
4927,5682,51,1,5
4928,1839,87,4,10
4929,7733,18,4,15
4930,2947,28,3,0
4931,7113,70,5,15
4932,8129,20,4,10
4933,3252,71,4,15
4934,9002,77,4,0
4935,7286,27,3,5
4936,1675,69,1,20
4937,3347,14,4,20
4938,8276,18,2,15
4939,9445,99,5,10
4940,4005,92,3,5
4941,479,43,4,15
4942,8234,3,4,5
4943,5873,22,4,15
4944,5197,50,3,5
4945,8833,1,3,5
4946,629,25,4,0
4947,148,3,3,15
4948,332,94,3,0
4949,36,3,1,20
4950,5597,1,1,20
4951,9137,96,4,5
4952,6477,35,4,5
4953,7368,14,4,15
4954,5751,17,1,10
4955,9398,32,3,10
4956,1283,48,4,5
4957,3850,75,4,10
4958,3033,33,4,10
4959,2444,84,3,20
4960,9638,13,5,20
4961,5176,79,4,10
4962,7022,42,1,20
4963,8728,38,4,10
4964,6205,28,1,15
4965,485,27,2,20
4966,9075,66,5,10
4967,8763,74,4,20
4968,4964,14,4,5
4969,7055,98,2,10
4970,2189,67,5,5
4971,8228,2,5,5
4972,3518,13,3,5
4973,625,85,2,10
4974,2442,6,1,5
4975,9423,97,5,20
4976,497,38,2,15
4977,9403,89,5,0
4978,8885,62,5,5
4979,5177,31,3,15
4980,8113,85,1,20
4981,9596,57,5,10
4982,606,97,4,0
4983,6278,9,2,0
4984,2480,16,4,20
4985,8748,85,5,20
4986,1416,56,2,15
4987,6921,52,5,20
4988,7807,35,2,5
4989,3874,30,5,10
4990,4990,40,4,0
4991,1494,59,5,10
4992,4947,77,3,15
4993,1104,88,1,15
4994,172,38,5,10
4995,5070,84,1,10
4996,3153,50,1,10
4997,5488,10,5,5
4998,1214,30,2,0
4999,8629,15,4,15
5000,651,39,5,0
5001,5891,51,1,0
5002,957,63,2,15
5003,1015,60,4,20
5004,5762,10,4,10
5005,929,83,4,10
5006,546,7,3,20
5007,4717,38,3,0
5008,2201,65,2,15
5009,2296,80,3,5
5010,8771,80,5,0
5011,1805,55,4,10
5012,9787,61,2,10
5013,8599,96,2,5
5014,5171,77,3,15
5015,4917,90,5,10
5016,1779,97,2,5
5017,8181,46,5,20
5018,3249,29,3,10
5019,9045,24,2,20
5020,8735,12,5,15
5021,1832,51,5,10
5022,6279,96,4,10
5023,7085,72,5,5
5024,9894,81,2,10
5025,7475,53,5,0
5026,7741,18,3,15
5027,9348,57,3,0
5028,3109,12,3,10
5029,6854,25,4,15
5030,6919,20,1,5
5031,7109,2,4,5
5032,4672,91,5,10
5033,4368,60,2,15
5034,2215,40,3,10
5035,7970,50,5,20
5036,9573,69,4,10
5037,1104,14,5,10
5038,8660,76,2,5
5039,3646,51,2,20
5040,9275,56,1,0
5041,5111,35,4,0
5042,5972,88,5,20
5043,7511,64,1,20
5044,4237,81,3,10
5045,5961,90,5,15
5046,1287,34,1,20
5047,7444,59,3,0
5048,8328,37,1,5
5049,6234,33,1,10
5050,4047,47,2,20
5051,3622,23,2,15
5052,6647,76,4,5
5053,967,42,4,5
5054,1954,66,4,10
5055,5527,87,2,5
5056,7136,12,4,20
5057,1253,60,3,20
5058,9256,29,5,10
5059,5656,83,2,5
5060,7324,91,5,0
5061,8475,2,3,10
5062,4326,63,1,0
5063,6816,97,5,20
5064,7941,31,1,5
5065,9218,54,2,0
5066,5658,95,4,5
5067,3811,51,3,0
5068,9481,58,4,5
5069,8908,21,4,0
5070,2610,96,5,20
5071,2888,97,4,5
5072,2012,3,5,15
5073,8947,59,2,10
5074,4912,6,4,15
5075,4135,69,5,0
5076,6807,65,2,0
5077,4570,28,2,20
5078,1502,18,4,15
5079,3571,15,4,15
5080,4851,87,2,15
5081,8784,78,3,5
5082,7835,70,5,15
5083,2623,35,2,15
5084,5724,65,1,10
5085,410,89,4,10
5086,940,93,3,20
5087,132,93,5,10
5088,3513,14,4,10
5089,7229,7,3,20
5090,4318,71,5,15
5091,5544,25,3,0
5092,7913,83,2,5
5093,8808,82,3,10
5094,6162,70,5,20
5095,3854,19,2,20
5096,1069,82,4,0
5097,580,71,2,5
5098,8937,16,5,10
5099,920,28,2,10
5100,9318,90,4,15
5101,5877,82,5,5
5102,3458,50,4,20
5103,3794,46,5,20
5104,4622,44,3,20
5105,530,87,5,15
5106,7998,82,5,0
5107,3433,65,2,5
5108,1714,91,1,20
5109,6676,92,4,15
5110,4607,58,3,20
5111,4086,32,3,15
5112,6215,32,5,20
5113,2726,66,2,5
5114,7317,2,4,20
5115,7736,64,4,15
5116,3870,5,5,10
5117,2955,75,5,10
5118,991,58,4,0
5119,2293,28,4,20
5120,1463,87,1,10
5121,6927,30,4,5
5122,2318,96,1,0
5123,5644,39,4,0
5124,2141,10,3,20
5125,1491,94,2,5
5126,8792,84,4,15
5127,3102,14,5,10
5128,1978,82,5,10
5129,9407,20,4,10
5130,1698,16,5,10
5131,8257,8,2,0
5132,2968,84,2,0
5133,5311,81,2,0
5134,8945,2,5,15
5135,1145,20,3,20
5136,2529,8,1,20
5137,4875,96,2,10
5138,9744,61,2,0
5139,8532,7,4,10
5140,7715,19,4,5
5141,8515,7,1,15
5142,5543,71,3,10
5143,6857,25,2,10
5144,5670,37,1,10
5145,3708,56,1,15
5146,5361,55,5,0
5147,5258,34,1,20
5148,8530,100,3,5
5149,1581,58,4,5
5150,9275,56,2,5
5151,9476,24,2,10
5152,6753,62,1,20
5153,4930,35,4,0
5154,7211,25,2,15
5155,4877,32,1,15
5156,6462,93,4,15
5157,4131,81,1,0
5158,1631,82,5,10
5159,7606,86,4,15
5160,9599,77,3,5
5161,5643,74,4,0
5162,7271,12,2,10
5163,876,71,3,15
5164,6269,46,2,0
5165,5687,49,2,5
5166,4880,98,4,0
5167,8726,8,2,20
5168,8649,10,3,5
5169,7476,14,1,10
5170,5195,83,5,5
5171,6224,8,5,15
5172,587,4,4,10
5173,901,59,5,15
5174,5507,100,2,5
5175,1214,59,5,0
5176,6763,53,4,15
5177,4986,65,1,20
5178,9473,26,1,0
5179,6535,26,4,20
5180,4450,17,4,5
5181,3471,56,1,20
5182,9607,13,2,10
5183,5582,77,4,10
5184,7493,21,4,5
5185,9012,64,5,0
5186,8261,33,1,10
5187,7602,49,2,5
5188,8345,5,2,15
5189,8001,8,5,10
5190,6672,9,5,15
5191,7574,87,4,0
5192,6670,98,3,0
5193,8503,16,3,15
5194,852,33,5,20
5195,1427,20,5,5
5196,7033,26,2,5
5197,8499,4,2,20
5198,7339,77,5,0
5199,1198,28,3,15
5200,2473,96,1,20
5201,7111,63,2,20
5202,6914,50,4,10
5203,1107,80,4,10
5204,3438,57,4,15
5205,413,32,5,5
5206,7881,39,5,20
5207,1407,39,2,20
5208,3881,79,4,10
5209,15,44,2,0
5210,9019,81,2,5
5211,6158,98,1,0
5212,4801,55,4,0
5213,5742,10,1,20
5214,9191,67,5,5
5215,7997,7,2,5
5216,2781,38,5,20
5217,1055,31,4,0
5218,5009,25,4,10
5219,5642,48,4,15
5220,7149,100,2,20
5221,4970,3,5,0
5222,9356,17,4,10
5223,8306,36,5,5
5224,8007,57,3,20
5225,4970,58,5,5
5226,2800,60,1,0
5227,9682,20,3,15
5228,7591,46,5,10
5229,7932,79,4,5
5230,4032,61,1,0
5231,9842,26,3,0
5232,7599,4,5,15
5233,1816,54,3,0
5234,8656,15,4,0
5235,3340,88,4,15
5236,1119,28,3,5
5237,4717,20,5,0
5238,7013,75,3,10
5239,3938,90,5,10
5240,5156,44,3,5
5241,7610,18,3,10
5242,7175,45,2,20
5243,9088,58,5,5
5244,553,12,3,20
5245,2428,79,2,5
5246,7917,79,2,10
5247,9384,94,5,15
5248,8745,53,3,0
5249,6218,54,1,0
5250,1404,52,3,10
5251,8620,52,3,0
5252,1337,45,1,5
5253,5308,47,3,20
5254,1687,70,1,0
5255,6816,52,1,10
5256,6937,88,4,15
5257,3044,82,1,5
5258,7149,3,1,20
5259,4480,94,2,20
5260,564,4,4,5
5261,9977,78,2,15
5262,8678,18,2,15
5263,9586,90,1,0
5264,9885,87,5,15
5265,8640,58,2,0
5266,9445,13,4,5
5267,109,89,5,0
5268,7079,43,1,15
5269,8906,6,1,10
5270,7889,24,1,10
5271,3262,43,4,0
5272,335,79,2,10
5273,8333,58,1,15
5274,961,24,1,0
5275,5757,42,3,0
5276,1780,96,5,15
5277,8668,75,1,0
5278,5323,24,5,20
5279,4318,19,2,5
5280,5821,45,3,5
5281,3225,33,5,5
5282,3452,23,1,5
5283,4954,26,1,5
5284,5424,66,2,5
5285,272,28,4,0
5286,3914,18,2,15
5287,6924,94,5,0
5288,4183,84,4,10
5289,4885,64,2,0
5290,9914,82,5,0
5291,1983,4,4,20
5292,219,94,5,15
5293,6869,49,4,20
5294,4997,44,2,5
5295,4756,82,2,5
5296,5745,87,4,20
5297,4869,29,4,0
5298,1144,87,1,20
5299,752,26,2,15
5300,1369,27,4,5
5301,7878,91,3,0
5302,6908,3,3,0
5303,3616,32,3,0
5304,1846,51,2,15
5305,9116,97,3,10
5306,7390,81,2,15
5307,2753,45,2,0
5308,4015,35,2,15
5309,62,22,4,5
5310,3057,17,4,20
5311,9976,17,4,5
5312,8480,60,1,5
5313,3022,78,3,0
5314,267,76,4,10
5315,1332,9,1,5
5316,9316,31,5,10
5317,186,74,5,15
5318,5767,54,4,20
5319,9311,46,4,10
5320,5816,78,5,0
5321,7237,9,2,0
5322,3641,21,5,5
5323,9189,38,3,5
5324,2731,14,2,20
5325,4791,95,2,5
5326,2094,12,2,5
5327,612,8,1,10
5328,2714,80,3,15
5329,24,25,1,5
5330,9769,26,1,20
5331,5541,65,4,5
5332,433,22,1,15
5333,5826,20,1,0
5334,2822,42,3,15
5335,9733,28,1,20
5336,7083,1,4,5
5337,3651,82,1,10
5338,3962,68,4,10
5339,4943,30,4,5
5340,115,45,2,10
5341,6878,17,4,15
5342,3871,2,1,20
5343,8031,49,2,5
5344,5330,18,4,5
5345,9949,57,4,15
5346,4240,71,5,0
5347,3794,75,1,10
5348,2397,2,2,15
5349,5939,100,4,20
5350,5081,9,3,5
5351,1146,39,1,0
5352,3844,76,5,20
5353,7728,90,5,10
5354,2651,79,3,5
5355,3312,93,4,0
5356,8429,76,3,5
5357,8777,37,1,20
5358,8734,98,5,10
5359,6744,87,2,20
5360,133,24,5,10
5361,2435,9,2,0
5362,801,37,1,15
5363,4374,71,3,0
5364,6028,46,5,15
5365,4288,70,4,0
5366,3086,18,1,20
5367,7590,2,2,20
5368,6015,94,1,20
5369,9023,71,5,10
5370,2698,30,3,20
5371,4343,2,2,0
5372,6748,74,5,0
5373,6973,71,1,5
5374,5612,81,4,5
5375,6293,19,2,10
5376,4705,56,2,15
5377,5466,47,4,0
5378,5980,86,4,15
5379,2103,30,3,10
5380,1377,62,2,15
5381,4597,89,5,10
5382,7461,77,2,15
5383,703,46,5,20
5384,4349,36,4,0
5385,7370,29,3,5
5386,6578,8,4,20
5387,4702,38,4,0
5388,6918,93,4,10
5389,78,78,1,5
5390,6318,4,2,20
5391,7459,82,1,0
5392,7332,97,1,0
5393,424,55,3,20
5394,869,98,2,5
5395,2375,46,5,15
5396,9227,80,5,0
5397,1016,100,5,20
5398,1618,37,5,10
5399,8865,82,5,10
5400,6348,88,3,10
5401,1208,90,1,5
5402,4544,92,2,5
5403,9807,53,1,15
5404,1350,32,5,5
5405,1964,61,2,20
5406,5126,19,1,20
5407,6748,56,4,20
5408,2352,28,5,15
5409,7914,42,4,15
5410,6750,91,3,20
5411,4764,88,5,15
5412,3673,58,5,15
5413,8674,45,3,20
5414,7286,15,1,20
5415,7888,89,2,10
5416,8499,15,5,15
5417,297,56,2,5
5418,7837,81,5,15
5419,4288,57,2,15
5420,7256,93,2,5
5421,6315,96,5,0
5422,3840,54,1,10
5423,3641,52,3,0
5424,7916,89,4,5
5425,753,90,2,20
5426,2534,92,1,15
5427,5038,81,5,10
5428,6696,24,3,0
5429,4030,100,2,10
5430,5629,77,1,5
5431,3935,87,1,10
5432,1376,35,2,0
5433,5759,67,2,10
5434,4182,100,3,0
5435,4113,29,3,5
5436,8878,19,3,0
5437,928,68,4,20
5438,9635,17,1,10
5439,1134,8,2,10
5440,1227,47,5,10
5441,2244,92,5,5
5442,4632,75,3,5
5443,8474,32,3,5
5444,7251,8,4,0
5445,7309,62,1,10
5446,9838,62,4,10
5447,2340,30,4,20
5448,1751,64,1,5
5449,2158,40,2,5
5450,3715,37,1,15
5451,7489,76,2,0
5452,1725,59,1,0
5453,5983,21,3,10
5454,6446,2,5,0
5455,1550,21,4,0
5456,7888,22,1,20
5457,8816,37,1,5
5458,7288,100,1,20
5459,4442,26,1,10
5460,2787,15,1,20
5461,8026,16,4,20
5462,6825,93,2,10
5463,6589,89,1,10
5464,6678,31,4,20
5465,8895,52,3,15
5466,5540,83,1,10
5467,5309,49,5,15
5468,87,99,4,5
5469,8484,45,2,15
5470,7993,40,5,5
5471,9154,81,1,20
5472,7703,10,1,5
5473,6732,30,3,10
5474,3132,16,2,5
5475,1927,12,2,15
5476,853,56,3,10
5477,5073,62,5,5
5478,9359,96,5,0
5479,4573,75,4,20
5480,1466,3,2,0
5481,3437,29,4,20
5482,9983,15,4,0
5483,8412,43,1,5
5484,7583,52,4,0
5485,7024,33,3,0
5486,9790,27,1,10
5487,7884,57,4,0
5488,4768,2,4,20
5489,2516,51,1,0
5490,5640,37,2,20
5491,6787,28,3,15
5492,4601,5,5,20
5493,5527,14,4,10
5494,4351,39,3,0
5495,3990,98,5,20
5496,2127,41,5,5
5497,4021,100,3,10
5498,2370,51,2,15
5499,3369,32,5,0
5500,6281,98,1,15
5501,7845,80,5,20
5502,9239,6,3,5
5503,8754,89,1,0
5504,169,51,2,0
5505,44,41,5,10
5506,458,60,4,0
5507,4182,1,3,20
5508,7029,65,4,0
5509,7106,77,1,15
5510,3956,29,5,5
5511,1749,8,5,5
5512,874,6,5,0
5513,1910,36,5,20
5514,9859,18,1,15
5515,9090,45,1,20
5516,8383,78,3,15
5517,3161,79,5,5
5518,6308,33,4,20
5519,183,81,4,0
5520,229,79,4,0
5521,3620,30,5,5
5522,2419,88,2,20
5523,2717,24,2,10
5524,3472,59,3,10
5525,8140,18,4,0
5526,5460,79,2,10
5527,461,84,1,20
5528,8770,57,2,0
5529,6705,79,4,10
5530,7231,64,4,15
5531,7622,70,5,15
5532,2013,25,1,20
5533,4165,65,2,20
5534,8134,17,1,0
5535,6420,91,4,5
5536,2131,80,3,15
5537,8326,73,5,15
5538,5797,57,3,20
5539,9603,98,2,15
5540,7625,82,1,15
5541,1076,73,4,10
5542,135,1,2,20
5543,1260,93,3,0
5544,4217,27,5,20
5545,41,12,3,5
5546,1149,46,1,0
5547,5905,89,5,5
5548,6077,86,2,10
5549,8878,42,5,10
5550,3014,43,3,15
5551,1127,36,1,15
5552,8531,39,2,15
5553,6390,4,1,20
5554,3248,24,3,15
5555,9351,66,1,15
5556,9772,46,2,10
5557,2449,34,4,20
5558,3116,97,4,0
5559,4265,98,2,10
5560,9384,75,1,10
5561,119,9,5,5
5562,9394,41,5,20
5563,8350,11,5,10
5564,3865,92,2,10
5565,5039,47,4,10
5566,3836,40,2,10
5567,9682,46,1,5
5568,2556,72,4,20
5569,5470,19,5,5
5570,8213,21,1,0
5571,7131,20,5,15
5572,9054,45,2,0
5573,704,6,4,5
5574,5509,77,1,0
5575,3315,24,3,15
5576,374,83,3,10
5577,1386,34,5,5
5578,2434,36,2,0
5579,3003,44,5,10
5580,8263,67,5,10
5581,5340,57,2,20
5582,3607,78,4,10
5583,2757,82,4,0
5584,8906,46,3,0
5585,2221,85,4,5
5586,6140,76,5,0
5587,4356,98,2,10
5588,3568,74,3,20
5589,5220,53,5,0
5590,7618,21,1,15
5591,1009,32,4,15
5592,9130,65,5,5
5593,7770,25,4,5
5594,787,13,3,5
5595,7729,62,2,15
5596,4636,92,5,0
5597,2014,69,3,10
5598,8951,64,5,20
5599,277,46,2,20
5600,1652,70,3,10
5601,823,73,1,0
5602,2752,44,3,20
5603,7487,66,2,10
5604,7595,26,1,5
5605,365,23,2,0
5606,3794,58,2,10
5607,4940,6,3,5
5608,3294,88,3,0
5609,1572,54,3,15
5610,8899,94,3,0
5611,6822,5,5,5
5612,3244,64,1,20
5613,8785,49,3,20
5614,5236,10,1,5
5615,1141,94,3,15
5616,5286,34,5,0
5617,9239,99,2,5
5618,2733,3,4,0
5619,5784,22,3,0
5620,1305,77,1,15
5621,7903,78,5,15
5622,9243,41,1,10
5623,7637,82,1,0
5624,6560,24,2,10
5625,724,10,4,15
5626,5457,79,1,15
5627,4619,70,5,0
5628,9833,23,2,20
5629,3622,53,1,10
5630,4597,63,1,15
5631,312,54,4,0
5632,5879,64,5,15
5633,5263,17,4,5
5634,9464,72,2,0
5635,1565,21,3,20
5636,8250,21,2,0
5637,8445,91,5,20
5638,7356,2,1,15
5639,2555,88,3,10
5640,4402,45,1,15
5641,9967,53,1,5
5642,8003,2,2,10
5643,485,70,3,20
5644,7781,67,3,5
5645,1997,41,1,5
5646,7462,82,3,5
5647,9228,32,5,0
5648,9218,13,4,10
5649,4546,41,5,10
5650,8848,4,4,5
5651,898,74,3,5
5652,8105,79,3,20
5653,6471,8,4,5
5654,5797,8,5,5
5655,3115,82,2,0
5656,2432,7,4,20
5657,3043,19,1,10
5658,3518,66,3,10
5659,2650,72,1,5
5660,4101,74,4,20
5661,5191,58,3,5
5662,3661,19,4,15
5663,1407,5,2,20
5664,2548,15,1,20
5665,6765,23,1,10
5666,706,87,2,10
5667,5228,9,2,0
5668,9238,97,5,20
5669,6426,23,5,10
5670,2951,86,4,10
5671,8163,98,4,0
5672,7782,3,2,10
5673,5535,49,2,0
5674,5833,46,3,5
5675,7947,33,2,0
5676,6544,73,1,20
5677,5845,98,4,10
5678,9295,39,1,20
5679,251,33,3,10
5680,9412,7,4,10
5681,4933,93,4,20
5682,2401,78,2,10
5683,919,84,5,20
5684,8569,50,4,15
5685,1210,85,1,20
5686,7276,8,1,15
5687,4415,79,5,20
5688,208,2,4,0
5689,9018,6,2,0
5690,3107,15,3,10
5691,7078,60,4,10
5692,3042,15,4,5
5693,6021,80,2,10
5694,4592,39,3,0
5695,7383,56,3,10
5696,7480,68,5,20
5697,1597,41,3,20
5698,3951,80,5,20
5699,7640,63,3,0
5700,5037,18,3,20
5701,345,64,3,5
5702,2600,15,2,0
5703,3146,100,4,5
5704,6776,2,1,0
5705,4948,42,2,5
5706,2898,32,2,20
5707,1789,98,3,5
5708,555,34,1,15
5709,9639,28,5,10
5710,3599,66,3,5
5711,245,62,1,20
5712,4978,53,4,0
5713,9940,4,2,10
5714,1804,84,3,20
5715,833,84,2,5
5716,3812,13,2,20
5717,3198,49,1,10
5718,7754,19,1,15
5719,3302,12,1,10
5720,6764,63,4,5
5721,3900,65,4,10
5722,8716,17,4,5
5723,429,13,4,0
5724,8256,8,2,0
5725,3526,68,4,20
5726,4498,21,4,5
5727,4631,1,3,10
5728,8079,46,3,0
5729,5451,97,4,20
5730,8522,29,2,5
5731,9979,75,1,20
5732,1098,21,5,0
5733,9971,9,5,0
5734,7674,61,1,0
5735,9428,89,5,5
5736,7987,60,1,15
5737,9679,44,4,15
5738,8500,43,5,15
5739,6501,56,1,5
5740,1315,92,4,15
5741,4635,94,3,10
5742,1776,45,4,10
5743,7369,37,2,15
5744,5504,77,5,5
5745,4801,69,1,5
5746,2384,69,1,20
5747,232,13,2,20
5748,5998,46,5,10
5749,4501,41,4,5
5750,5321,22,4,10
5751,572,58,1,10
5752,9355,11,2,0
5753,681,34,4,10
5754,2345,64,3,0
5755,4298,46,4,10
5756,5259,36,2,0
5757,2914,74,1,5
5758,8654,23,4,10
5759,1626,20,5,10
5760,7388,24,5,20
5761,2153,52,2,5
5762,7365,5,1,20
5763,5715,16,1,5
5764,9940,11,2,5
5765,2558,57,4,0
5766,5753,71,3,5
5767,5688,90,1,0
5768,8870,97,4,10
5769,2970,21,2,0
5770,9181,43,5,5
5771,1435,90,2,5
5772,7907,45,4,0
5773,3274,38,1,20
5774,7250,16,5,0
5775,4387,69,3,10
5776,3750,52,2,15
5777,4370,67,1,20
5778,7612,25,1,15
5779,9069,99,3,5
5780,9708,62,4,10
5781,2659,66,3,15
5782,9011,41,1,20
5783,2508,52,1,15
5784,5770,88,5,15
5785,9835,20,4,10
5786,2634,85,5,0
5787,870,29,5,0
5788,6428,16,1,5
5789,8387,11,1,0
5790,1663,63,1,10
5791,335,38,4,20
5792,7692,30,4,10
5793,8363,7,3,5
5794,1934,93,4,0
5795,2104,6,4,5
5796,9259,62,1,0
5797,6820,87,2,0
5798,6930,17,5,10
5799,8429,9,1,15
5800,7844,15,5,15
5801,8123,56,4,10
5802,1087,88,4,15
5803,833,52,3,20
5804,5543,71,5,20
5805,4702,81,3,10
5806,2232,37,3,0
5807,4466,94,5,20
5808,8375,52,3,10
5809,3640,65,4,20
5810,4800,41,1,5
5811,6831,43,2,15
5812,6809,54,4,5
5813,1780,44,3,5
5814,5178,35,1,15
5815,8833,28,2,0
5816,1289,20,4,20
5817,1791,71,4,20
5818,6066,4,4,5
5819,4887,42,5,10
5820,6828,96,5,15
5821,7944,9,1,10
5822,6018,84,4,20
5823,9087,24,4,5
5824,4960,23,3,5
5825,3376,47,5,5
5826,8692,67,4,0
5827,270,43,2,10
5828,1345,27,4,5
5829,7801,23,3,20
5830,6603,16,5,5
5831,1615,9,3,0
5832,8989,35,5,15
5833,4239,20,4,0
5834,5685,81,3,15
5835,1914,22,1,15
5836,2057,61,3,15
5837,3139,31,2,0
5838,402,54,1,0
5839,3657,56,5,20
5840,5659,20,5,15
5841,4648,100,5,0
5842,2766,92,2,5
5843,5878,21,2,10
5844,8464,81,3,10
5845,9790,56,2,20
5846,3515,86,5,10
5847,6411,8,4,10
5848,9556,10,4,20
5849,8557,16,3,10
5850,5298,56,1,5
5851,9969,55,1,10
5852,7741,83,3,0
5853,111,38,2,10
5854,2247,42,5,10
5855,6446,48,5,20
5856,9522,27,2,5
5857,5552,62,1,15
5858,7091,71,3,5
5859,8320,35,5,20
5860,4429,3,5,10
5861,7410,60,2,15
5862,7420,20,5,0
5863,2276,64,4,0
5864,4866,1,1,10
5865,6176,33,1,20
5866,8147,77,5,0
5867,7773,31,4,0
5868,8339,68,3,15
5869,5629,20,3,10
5870,2644,15,4,10
5871,2702,84,1,0
5872,1817,95,5,0
5873,8606,22,5,10
5874,4129,81,5,10
5875,2190,11,1,5
5876,1844,89,3,20
5877,5099,55,2,5
5878,4052,72,1,15
5879,9328,86,5,10
5880,2417,57,4,20
5881,738,13,4,15
5882,426,49,5,0
5883,5402,30,2,15
5884,1007,88,1,20
5885,3871,49,2,20
5886,10000,67,4,10
5887,1030,34,2,15
5888,4110,56,2,20
5889,6243,92,5,0
5890,5650,40,3,5
5891,1223,76,1,20
5892,2726,51,4,0
5893,3060,41,5,10
5894,185,38,4,15
5895,955,65,2,0
5896,7173,32,3,10
5897,6887,7,1,15
5898,9524,59,3,0
5899,7721,56,5,10
5900,6259,35,3,20
5901,2491,41,3,20
5902,3782,32,3,20
5903,8256,49,5,10
5904,5052,53,5,0
5905,83,17,2,0
5906,7263,55,3,15
5907,5949,26,1,15
5908,6125,89,5,10
5909,9266,54,2,15
5910,4329,17,2,5
5911,4924,85,1,5
5912,8942,89,2,10
5913,3904,82,4,0
5914,3952,60,3,5
5915,6430,79,4,20
5916,6135,62,3,5
5917,9784,9,4,20
5918,1700,25,5,10
5919,6223,71,5,5
5920,3853,17,4,15
5921,6501,12,4,5
5922,8224,36,5,0
5923,1974,59,2,5
5924,5541,16,2,10
5925,7880,40,5,0
5926,5724,27,2,10
5927,7094,82,1,15
5928,3718,78,5,0
5929,8592,1,5,10
5930,5750,35,2,0
5931,6415,1,5,20
5932,4094,79,4,0
5933,904,91,4,20
5934,9384,96,3,20
5935,3516,44,1,15
5936,1606,63,4,5
5937,3357,66,2,0
5938,7471,45,1,0
5939,3928,39,5,15
5940,5563,58,5,15
5941,9125,15,1,5
5942,3054,8,2,5
5943,4245,1,1,15
5944,3644,87,2,20
5945,1358,41,5,10
5946,5051,27,1,5
5947,4259,82,4,15
5948,4100,2,1,20
5949,4729,1,3,5
5950,7349,71,1,10
5951,1148,15,5,10
5952,8664,60,2,15
5953,824,53,2,10
5954,656,48,1,5
5955,597,6,3,15
5956,3050,30,5,10
5957,3376,24,4,20
5958,1870,65,2,5
5959,3613,16,4,15
5960,1945,54,2,20
5961,9502,54,5,0
5962,7665,100,3,10
5963,9106,12,3,10
5964,2119,84,2,5
5965,5638,20,1,10
5966,6644,7,2,5
5967,2753,39,4,10
5968,6495,68,4,20
5969,2173,64,1,20
5970,5737,46,1,5
5971,7654,7,2,10
5972,9524,58,5,15
5973,8883,94,1,20
5974,8098,65,3,0
5975,7504,66,4,15
5976,3668,79,2,15
5977,9767,29,5,10
5978,9747,76,3,15
5979,3034,4,2,0
5980,3375,41,2,0
5981,1013,39,5,0
5982,1944,34,4,20
5983,1459,32,5,20
5984,3722,32,1,5
5985,8579,56,2,10
5986,9418,18,2,10
5987,2202,96,3,20
5988,3225,63,1,0
5989,4568,13,4,15
5990,3055,72,3,0
5991,106,32,1,0
5992,6747,36,1,10
5993,417,30,5,15
5994,6558,17,1,0
5995,8656,72,1,15
5996,607,36,2,20
5997,9635,11,1,10
5998,8398,19,1,20
5999,9445,15,2,0
6000,6157,19,3,10
6001,1045,68,3,0
6002,1134,86,4,15
6003,4779,86,1,10
6004,300,78,5,10
6005,8102,95,3,15
6006,8633,12,1,5
6007,4141,29,1,10
6008,3653,24,5,5
6009,1537,34,5,5
6010,9905,18,5,5
6011,2561,27,3,20
6012,6578,32,3,15
6013,2740,99,4,5
6014,4426,57,1,20
6015,3825,74,1,15
6016,5208,22,4,15
6017,3264,1,5,15
6018,2216,87,3,0
6019,3830,51,3,20
6020,662,2,2,10
6021,4707,2,4,10
6022,6255,86,4,15
6023,5994,9,4,5
6024,7933,96,4,10
6025,3598,21,5,0
6026,2160,27,4,10
6027,5441,56,3,10
6028,1778,34,5,5
6029,73,4,1,10
6030,19,28,5,5
6031,4162,2,2,0
6032,9573,22,2,20
6033,3669,40,2,15
6034,4454,39,3,15
6035,6958,26,1,20
6036,729,49,4,20
6037,5126,71,1,10
6038,4437,3,4,15
6039,4939,40,4,10
6040,1092,43,4,0
6041,7953,85,5,5
6042,3799,7,1,5
6043,8614,65,2,10
6044,9472,85,2,20
6045,4372,38,3,10
6046,677,61,3,5
6047,8439,19,5,0
6048,3216,92,4,20
6049,4487,35,1,0
6050,167,9,1,10
6051,7101,68,5,15
6052,7768,77,1,5
6053,7082,33,5,15
6054,4979,39,2,5
6055,1885,52,5,15
6056,8576,78,2,20
6057,7086,73,4,20
6058,7436,75,2,10
6059,8193,41,5,15
6060,3076,47,4,5
6061,2107,86,2,0
6062,5176,17,4,0
6063,5901,89,4,20
6064,4682,71,1,10
6065,7492,41,5,0
6066,389,5,1,10
6067,5026,40,4,10
6068,1041,23,3,10
6069,8033,31,4,20
6070,8864,35,5,0
6071,935,19,1,5
6072,2754,67,4,0
6073,7239,67,5,15
6074,1112,62,5,5
6075,2457,85,2,10
6076,951,77,1,10
6077,5911,58,2,5
6078,2913,19,2,5
6079,2211,52,1,0
6080,7430,46,3,5
6081,6445,80,5,20
6082,3377,22,1,20
6083,9413,81,1,5
6084,4466,20,2,10
6085,9050,25,5,0
6086,6852,11,5,10
6087,5437,52,4,5
6088,7184,66,3,15
6089,3226,3,2,5
6090,9697,38,5,10
6091,7866,90,4,0
6092,4402,51,4,5
6093,3374,83,5,0
6094,2522,16,2,15
6095,651,15,5,5
6096,2562,63,3,0
6097,3173,15,4,20
6098,4736,82,4,10
6099,3962,34,1,20
6100,8696,15,3,15
6101,7026,87,3,0
6102,6125,8,2,0
6103,8383,52,3,10
6104,9965,72,2,0
6105,9423,39,1,10
6106,1384,61,4,5
6107,8383,53,1,20
6108,9998,4,5,10
6109,4934,2,2,0
6110,3191,19,3,5
6111,6064,42,3,20
6112,9891,93,3,5
6113,9789,58,2,0
6114,5317,53,1,0
6115,6843,91,3,5
6116,37,78,2,5
6117,5938,73,4,5
6118,6793,60,1,15
6119,1418,6,4,0
6120,1634,96,1,5
6121,71,29,2,5
6122,3459,86,2,5
6123,5814,91,3,5
6124,3258,89,4,10
6125,5221,27,4,10
6126,6540,5,2,15
6127,7792,91,3,0
6128,2822,11,4,5
6129,8328,22,3,10
6130,9565,49,2,5
6131,3718,80,4,5
6132,4561,89,5,10
6133,3569,74,4,0
6134,9786,76,4,0
6135,7515,75,2,20
6136,1300,1,3,0
6137,5787,81,1,15
6138,1143,81,1,20
6139,1269,53,3,5
6140,5594,74,5,10
6141,1033,100,3,5
6142,2538,8,5,5
6143,9150,30,3,5
6144,4460,20,3,20
6145,5432,2,1,10
6146,2792,92,5,0
6147,866,94,4,10
6148,8638,53,1,10
6149,7322,85,4,20
6150,9535,28,2,10
6151,6601,91,5,15
6152,4357,78,2,20
6153,9655,56,2,20
6154,9217,74,4,20
6155,178,14,2,15
6156,6180,73,5,5
6157,888,5,3,10
6158,7309,52,3,5
6159,4717,80,3,10
6160,2326,95,5,5
6161,8850,12,5,5
6162,2533,44,3,0
6163,2594,49,4,20
6164,1075,62,5,5
6165,7192,21,5,15
6166,3035,15,2,15
6167,364,72,4,15
6168,317,22,2,20
6169,6592,30,1,15
6170,5827,7,1,5
6171,4507,8,3,0
6172,3423,40,1,15
6173,6844,1,5,15
6174,1871,26,4,15
6175,7870,80,2,20
6176,6205,39,1,10
6177,7630,4,3,5
6178,710,85,5,15
6179,6624,93,3,15
6180,8703,54,2,10
6181,9725,88,3,5
6182,225,90,1,5
6183,2121,50,5,10
6184,1932,42,2,10
6185,4120,26,1,20
6186,7718,2,3,0
6187,9005,21,2,0
6188,6663,18,3,20
6189,3638,23,2,10
6190,143,91,5,10
6191,270,84,4,10
6192,9408,26,5,5
6193,4342,11,4,5
6194,3973,97,2,10
6195,2177,66,4,10
6196,5051,4,2,20
6197,1841,26,2,5
6198,2488,62,4,0
6199,3392,76,2,0
6200,9220,14,4,10
6201,8201,97,1,15
6202,4227,28,5,10
6203,5435,95,1,5
6204,9534,65,4,15
6205,3868,15,5,0
6206,5292,66,2,0
6207,7397,51,5,0
6208,4853,49,2,10
6209,379,64,4,5
6210,1791,71,5,10
6211,3866,60,4,10
6212,3932,28,3,20
6213,4224,82,1,20
6214,5163,84,2,5
6215,2779,83,3,5
6216,3230,93,3,0
6217,6443,74,5,10
6218,4981,32,2,20
6219,329,21,3,10
6220,8176,96,1,5
6221,7756,70,1,15
6222,6188,33,3,20
6223,5980,83,4,15
6224,8962,89,4,20
6225,9791,22,4,20
6226,5845,92,3,0
6227,2416,62,1,0
6228,1691,68,2,15
6229,918,51,2,15
6230,197,90,3,10
6231,5044,46,4,10
6232,1703,43,3,0
6233,4560,23,2,20
6234,6850,10,3,10
6235,352,78,3,0
6236,3683,82,5,5
6237,2547,46,5,0
6238,4379,92,1,0
6239,151,14,1,20
6240,408,45,1,10
6241,5046,94,2,20
6242,1668,54,3,10
6243,8259,89,1,20
6244,1787,5,4,5
6245,5432,46,1,20
6246,8041,19,4,5
6247,4780,91,3,10
6248,5218,54,3,20
6249,2599,38,4,15
6250,9130,18,3,20
6251,4151,46,5,15
6252,2179,20,1,10
6253,712,16,1,15
6254,356,3,2,15
6255,8494,39,5,15
6256,7795,59,4,15
6257,1989,75,2,0
6258,2174,75,4,15
6259,4058,57,4,10
6260,5689,47,4,20
6261,4869,93,2,0
6262,9773,25,4,15
6263,7285,12,1,15
6264,2692,46,2,10
6265,2932,18,5,5
6266,9156,51,2,20
6267,1334,69,4,20
6268,3293,85,4,10
6269,9935,99,2,15
6270,2149,62,3,0
6271,3550,10,3,20
6272,6215,19,1,15
6273,1187,27,5,20
6274,4128,61,4,20
6275,5506,39,1,15
6276,9591,34,3,5
6277,3477,36,1,0
6278,3027,28,4,10
6279,6661,89,2,20
6280,5312,7,4,20
6281,6539,59,2,0
6282,6509,98,3,15
6283,5040,1,3,10
6284,265,29,4,10
6285,204,16,4,0
6286,5291,47,4,0
6287,4549,62,5,15
6288,1033,17,2,15
6289,2890,72,4,5
6290,5926,63,4,20
6291,5862,56,3,5
6292,6772,45,2,20
6293,9498,84,5,0
6294,5124,37,4,0
6295,8138,89,4,10
6296,1577,55,5,15
6297,7995,37,3,20
6298,9259,80,4,0
6299,5509,14,4,0
6300,285,72,1,10
6301,4656,27,3,20
6302,3737,44,1,0
6303,774,54,4,0
6304,7316,81,4,0
6305,4037,92,3,10
6306,3639,3,1,15
6307,3102,36,1,10
6308,2540,62,3,5
6309,1393,19,5,0
6310,4027,26,1,20
6311,4849,31,5,0
6312,1963,97,5,0
6313,8851,63,3,5
6314,7438,39,1,5
6315,6845,3,1,5
6316,6941,81,4,10
6317,5612,88,5,15
6318,1207,67,5,10
6319,2142,97,1,15
6320,2466,38,5,20
6321,7487,65,2,0
6322,2636,97,5,5
6323,5714,25,4,10
6324,5210,20,2,0
6325,5139,25,5,10
6326,8582,8,2,0
6327,2852,46,1,10
6328,7636,100,1,15
6329,1029,78,3,10
6330,6720,59,2,5
6331,9790,2,3,10
6332,1742,70,3,0
6333,7279,9,1,5
6334,8240,26,3,0
6335,4264,56,2,10
6336,4762,60,4,10
6337,8780,36,5,20
6338,5289,39,4,15
6339,2920,1,4,20
6340,3790,91,3,20
6341,6393,63,2,15
6342,279,87,2,0
6343,9778,62,4,0
6344,7840,34,2,5
6345,6897,39,1,15
6346,2618,87,2,10
6347,5939,16,3,10
6348,9069,66,3,0
6349,2036,70,2,20
6350,9588,73,1,20
6351,1521,2,1,0
6352,2796,49,2,20
6353,647,2,1,20
6354,9545,4,4,5
6355,9297,35,5,20
6356,4050,40,1,5
6357,9843,5,4,0
6358,7416,85,4,0
6359,8735,60,2,20
6360,7967,7,2,10
6361,5152,8,3,20
6362,8256,95,2,0
6363,2809,33,3,15
6364,9659,37,2,20
6365,7720,38,2,5
6366,5315,63,4,20
6367,8366,29,1,10
6368,2148,14,3,10
6369,3357,66,2,5
6370,3931,22,1,5
6371,598,9,5,5
6372,8997,100,4,20
6373,2664,18,4,15
6374,2836,32,3,15
6375,1646,9,5,10
6376,3146,53,1,10
6377,8039,42,4,5
6378,9609,58,5,20
6379,2454,32,3,10
6380,3431,10,5,10
6381,4793,40,4,20
6382,694,39,5,20
6383,3291,43,4,5
6384,4665,63,1,15
6385,9064,83,5,0
6386,1744,61,4,0
6387,950,70,4,20
6388,6430,47,3,0
6389,6482,47,1,0
6390,2385,26,3,15
6391,4964,100,1,10
6392,553,61,4,0
6393,4133,19,1,0
6394,5207,40,2,10
6395,1407,25,4,0
6396,8307,30,3,20
6397,8045,90,5,20
6398,2447,20,5,0
6399,961,92,5,0
6400,7230,58,5,10
6401,8310,100,3,20
6402,9814,11,5,5
6403,8426,76,2,0
6404,7571,56,5,15
6405,952,30,5,5
6406,4287,63,5,15
6407,2442,53,3,15
6408,1375,93,4,0
6409,5438,84,1,0
6410,8720,53,1,10
6411,212,31,3,0
6412,215,84,4,20
6413,6653,9,1,10
6414,356,88,4,15
6415,7404,3,2,10
6416,7616,3,1,20
6417,2150,51,2,15
6418,4918,87,4,10
6419,6147,20,2,10
6420,709,83,4,10
6421,7492,56,2,0
6422,9233,71,5,5
6423,8902,95,2,10
6424,9347,30,1,0
6425,6436,65,3,20
6426,7259,8,4,0
6427,9667,76,2,10
6428,7920,42,1,0
6429,7502,10,3,10
6430,411,25,3,5
6431,8793,59,3,15
6432,7244,26,1,0
6433,775,16,4,15
6434,6318,1,2,15
6435,1503,88,2,15
6436,1240,45,3,0
6437,8409,85,3,15
6438,9864,11,1,5
6439,9665,26,3,20
6440,1998,8,1,5
6441,3136,40,3,5
6442,9407,25,1,15
6443,5078,93,2,5
6444,1524,56,3,20
6445,8209,13,1,10
6446,7814,100,5,0
6447,3251,50,4,20
6448,9809,44,2,15
6449,9943,19,5,0
6450,6393,31,5,15
6451,8935,18,3,20
6452,1220,64,2,20
6453,8074,14,2,0
6454,1514,88,3,20
6455,2762,42,1,20
6456,4778,28,3,5
6457,1534,94,1,5
6458,1553,89,5,5
6459,8812,68,2,20
6460,1549,34,3,10
6461,7671,6,3,10
6462,4069,27,2,0
6463,2521,42,5,10
6464,4808,25,2,10
6465,4785,91,2,20
6466,3007,23,1,15
6467,8429,84,1,0
6468,5413,93,1,20
6469,9564,72,5,10
6470,863,96,5,0
6471,6641,81,4,5
6472,3999,98,2,15
6473,9583,32,3,0
6474,717,60,2,20
6475,6128,9,3,5
6476,4730,81,2,10
6477,6951,62,5,10
6478,1170,45,3,0
6479,4943,54,1,15
6480,4537,48,3,15
6481,3202,63,5,0
6482,1974,67,4,0
6483,5344,12,2,0
6484,87,51,2,10
6485,581,76,4,0
6486,2865,83,5,20
6487,2694,49,2,5
6488,6346,15,5,0
6489,5994,57,5,15
6490,7256,53,3,5
6491,3302,60,5,20
6492,5183,5,4,20
6493,482,83,3,15
6494,6129,45,2,5
6495,156,100,2,5
6496,5126,81,1,0
6497,2921,30,2,20
6498,93,7,1,0
6499,2662,35,5,5
6500,4590,14,3,20
6501,2476,18,1,5
6502,1374,97,3,0
6503,1696,6,5,20
6504,5,90,5,20
6505,9265,44,1,15
6506,6672,48,5,5
6507,5603,51,1,10
6508,960,4,5,0
6509,4937,87,3,5
6510,9033,51,1,15
6511,8779,76,2,0
6512,7922,95,3,10
6513,8064,93,1,15
6514,4121,77,3,5
6515,2275,38,5,20
6516,4326,85,5,20
6517,9496,57,4,5
6518,9324,16,4,0
6519,776,58,4,20
6520,4735,11,4,10
6521,9143,60,1,0
6522,5707,17,5,10
6523,857,97,4,5
6524,5507,39,1,15
6525,7268,68,3,5
6526,429,36,3,10
6527,6352,60,3,20
6528,8407,88,1,20
6529,6614,32,2,10
6530,3427,26,3,0
6531,8789,84,3,0
6532,1887,17,4,10
6533,8393,84,1,15
6534,2337,54,5,20
6535,6031,23,1,10
6536,7007,86,4,0
6537,5465,89,5,20
6538,9358,94,2,5
6539,1055,74,4,10
6540,6577,48,4,5
6541,8698,19,3,15
6542,9816,6,2,20
6543,7272,82,4,0
6544,7193,92,4,20
6545,1535,29,5,20
6546,1909,3,2,0
6547,8926,64,3,0
6548,2871,69,5,20
6549,3809,54,3,0
6550,693,95,2,0
6551,10000,3,5,10
6552,7484,72,5,5
6553,5192,68,3,5
6554,3019,3,5,15
6555,5826,17,1,15
6556,8166,38,5,15
6557,792,24,3,15
6558,3806,61,5,0
6559,1472,89,4,20
6560,871,88,5,15
6561,2440,57,2,5
6562,8200,48,3,15
6563,7565,76,4,10
6564,9109,33,1,20
6565,5912,22,2,20
6566,6832,12,5,20
6567,2055,57,2,15
6568,107,49,3,15
6569,7105,66,2,20
6570,9854,99,4,15
6571,2406,67,2,10
6572,1714,94,5,15
6573,8215,94,4,20
6574,709,34,2,20
6575,8831,63,5,20
6576,2652,42,5,20
6577,6479,57,2,10
6578,1995,78,3,10
6579,2027,81,3,15
6580,1137,61,4,5
6581,6624,73,4,15
6582,2879,69,5,5
6583,5893,63,4,10
6584,5444,44,1,10
6585,7060,47,5,20
6586,8284,30,1,10
6587,3277,8,5,20
6588,5659,30,2,0
6589,8874,74,2,0
6590,5948,88,2,0
6591,5360,86,5,15
6592,6039,34,5,5
6593,3788,86,5,20
6594,729,55,4,0
6595,9895,14,4,10
6596,2842,47,1,20
6597,6983,80,4,10
6598,6740,49,4,0
6599,7407,84,3,5
6600,4919,87,1,20
6601,7486,90,3,20
6602,6167,14,2,20
6603,3770,36,4,10
6604,9515,47,1,0
6605,4868,40,1,20
6606,5866,81,1,0
6607,7031,5,2,0
6608,8170,100,5,20
6609,5033,31,4,5
6610,4531,68,4,0
6611,5283,93,4,10
6612,8935,66,4,20
6613,3163,38,1,10
6614,9078,51,5,5
6615,8893,91,3,0
6616,3274,61,1,15
6617,8548,61,1,5
6618,3114,7,1,10
6619,1086,15,5,5
6620,6350,81,1,15
6621,710,100,4,20
6622,2739,92,1,15
6623,7227,54,3,15
6624,8189,3,3,15
6625,4890,22,1,10
6626,541,83,1,20
6627,616,2,1,0
6628,8657,84,2,15
6629,65,89,4,5
6630,1020,16,1,20
6631,9885,2,4,20
6632,9144,62,1,20
6633,658,75,1,10
6634,2675,32,2,15
6635,6778,29,3,10
6636,6569,40,3,0
6637,4345,100,1,15
6638,9697,88,3,5
6639,5754,77,2,5
6640,252,22,1,5
6641,5354,17,1,15
6642,6774,34,2,10
6643,9304,28,2,10
6644,6884,16,5,5
6645,7697,6,1,10
6646,7440,62,3,10
6647,1397,82,4,15
6648,2493,15,3,10
6649,9237,66,3,20
6650,4411,62,1,15
6651,9381,89,2,15
6652,1604,64,3,15
6653,9064,22,4,20
6654,1049,99,3,0
6655,5997,43,1,0
6656,4841,43,4,0
6657,198,37,1,0
6658,7949,25,2,15
6659,5474,75,1,0
6660,2792,68,4,0
6661,3747,16,5,20
6662,3444,79,3,10
6663,7331,5,1,15
6664,470,13,4,0
6665,9990,80,3,20
6666,4869,22,3,5
6667,5324,97,2,10
6668,3884,58,1,20
6669,4926,20,1,15
6670,5858,80,5,20
6671,5310,84,3,10
6672,60,71,1,20
6673,9535,41,5,20
6674,2551,84,5,5
6675,1890,83,3,10
6676,9489,99,4,5
6677,190,65,2,20
6678,7844,62,2,10
6679,1859,70,5,5
6680,3169,72,5,10
6681,3996,39,5,0
6682,556,23,4,5
6683,9788,70,4,10
6684,9703,29,3,10
6685,4228,76,5,15
6686,200,58,3,10
6687,4758,47,2,20
6688,8956,22,2,5
6689,4449,4,5,0
6690,7306,5,5,20
6691,5254,63,3,5
6692,8621,19,4,15
6693,8665,20,5,5
6694,7223,46,5,20
6695,7412,49,5,0
6696,7632,74,5,0
6697,744,46,1,5
6698,1786,40,4,20
6699,2588,75,5,5
6700,3332,81,5,15
6701,3552,34,3,20
6702,7954,22,2,15
6703,4065,84,4,5
6704,8604,43,5,10
6705,9628,70,1,0
6706,4227,48,4,10
6707,8653,93,4,5
6708,8712,53,5,20
6709,488,47,1,15
6710,4941,41,1,0
6711,5462,23,3,15
6712,1219,68,4,0
6713,305,84,1,0
6714,3251,1,1,5
6715,5587,85,2,15
6716,5318,13,4,5
6717,8683,51,2,5
6718,4577,80,3,20
6719,8067,100,5,5
6720,6950,97,1,0
6721,2417,78,5,10
6722,6046,83,3,20
6723,3009,65,1,10
6724,6616,81,1,15
6725,2745,61,1,0
6726,9104,73,1,5
6727,8424,72,4,5
6728,1857,63,2,20
6729,4020,52,1,15
6730,9946,49,4,20
6731,8280,97,3,10
6732,8938,64,5,10
6733,9991,32,1,15
6734,3170,26,2,5
6735,477,53,2,10
6736,9071,4,4,5
6737,7479,37,2,10
6738,8356,87,3,15
6739,9350,28,2,20
6740,8016,96,3,5
6741,4746,18,1,10
6742,276,21,3,0
6743,9558,1,3,0
6744,9163,81,2,10
6745,5700,8,2,15
6746,3820,48,1,20
6747,2944,84,4,20
6748,2827,44,2,15
6749,1113,61,3,0
6750,6005,33,1,20
6751,8915,84,2,5
6752,8312,58,1,0
6753,2340,9,2,15
6754,1441,28,5,20
6755,9308,22,2,5
6756,3545,76,5,15
6757,4590,87,3,10
6758,1555,21,2,15
6759,6890,84,1,15
6760,8753,54,4,0
6761,7324,90,4,10
6762,4729,84,2,0
6763,7437,5,4,15
6764,1687,30,3,20
6765,2556,93,2,5
6766,1443,23,5,20
6767,9560,65,3,0
6768,1454,66,4,0
6769,5689,35,2,5
6770,1233,13,2,15
6771,2298,46,4,10
6772,8404,77,3,15
6773,6582,91,4,10
6774,6331,92,3,10
6775,395,47,4,10
6776,1033,73,3,5
6777,4170,17,3,10
6778,8214,19,3,0
6779,8778,47,1,0
6780,5905,40,5,10
6781,7379,89,3,0
6782,4853,55,3,5
6783,4193,22,3,10
6784,2503,20,5,20
6785,381,84,2,5
6786,6902,1,2,20
6787,7864,83,3,20
6788,399,42,4,20
6789,6949,89,5,15
6790,3239,27,3,5
6791,588,13,5,20
6792,9919,59,4,0
6793,1395,7,5,15
6794,7093,26,1,5
6795,8491,55,4,10
6796,3994,47,5,0
6797,9013,75,5,10
6798,7615,80,1,15
6799,2593,11,3,20
6800,6558,72,5,5
6801,3857,72,3,10
6802,1978,86,3,0
6803,478,100,5,5
6804,4135,52,4,15
6805,3868,7,5,20
6806,107,34,5,0
6807,8663,12,2,15
6808,2103,64,3,15
6809,231,6,1,0
6810,1460,47,4,15
6811,3858,81,1,0
6812,432,94,5,10
6813,8924,48,3,15
6814,9952,83,2,20
6815,3675,67,1,5
6816,4097,3,1,10
6817,8047,52,4,20
6818,6526,36,5,10
6819,7066,12,3,20
6820,1741,4,1,10
6821,5244,22,5,15
6822,1678,59,2,0
6823,4483,25,1,0
6824,3112,65,4,10
6825,117,73,2,0
6826,46,94,4,0
6827,7895,29,3,10
6828,8018,16,4,15
6829,7237,21,1,15
6830,6262,37,1,0
6831,6371,23,3,20
6832,5607,26,3,10
6833,4415,59,5,15
6834,2282,69,1,20
6835,9778,97,2,15
6836,2538,42,5,10
6837,7030,14,4,20
6838,9804,72,2,15
6839,5174,3,1,10
6840,9072,16,1,5
6841,8147,4,2,15
6842,4535,92,4,10
6843,7803,51,1,0
6844,5900,18,4,5
6845,3106,88,4,10
6846,5088,26,3,10
6847,7737,62,5,0
6848,1950,41,2,15
6849,180,63,3,20
6850,6306,73,5,5
6851,5520,66,5,5
6852,9347,63,5,10
6853,7333,77,1,15
6854,6549,42,5,0
6855,4643,39,3,10
6856,279,29,2,5
6857,2024,20,3,20
6858,9279,15,3,5
6859,8005,34,2,10
6860,8281,73,1,10
6861,9855,49,3,10
6862,5419,87,5,5
6863,7904,28,4,5
6864,384,34,1,15
6865,8317,76,2,20
6866,4372,22,3,0
6867,8583,41,1,10
6868,8603,76,1,0
6869,6350,3,4,15
6870,215,68,4,15
6871,2069,35,1,20
6872,2089,72,2,5
6873,859,4,5,5
6874,7681,28,2,20
6875,5277,20,5,20
6876,2920,41,4,0
6877,2331,92,4,15
6878,2586,9,5,5
6879,5777,63,1,10
6880,7414,63,2,0
6881,7868,43,2,15
6882,3717,78,4,20
6883,6268,84,5,0
6884,3615,51,1,20
6885,4605,31,5,15
6886,8778,22,2,20
6887,8441,84,2,5
6888,6746,75,1,20
6889,5505,57,1,15
6890,8977,27,1,0
6891,3181,4,3,15
6892,5057,33,1,10
6893,9065,77,4,20
6894,9497,88,4,10
6895,8538,20,5,15
6896,5199,83,5,5
6897,3145,97,1,20
6898,3998,86,5,0
6899,2126,12,3,15
6900,3926,82,2,0
6901,8756,27,4,0
6902,6185,90,2,5
6903,8248,61,5,10
6904,7742,30,1,0
6905,255,76,5,5
6906,961,38,5,0
6907,6659,13,1,5
6908,4094,55,2,20
6909,9000,88,3,15
6910,1019,14,3,20
6911,9908,98,4,15
6912,1771,73,4,10
6913,2614,83,4,5
6914,153,22,4,15
6915,8610,6,2,5
6916,7262,93,2,20
6917,9260,98,4,15
6918,6297,23,5,0
6919,9460,9,2,15
6920,4617,9,2,20
6921,3425,93,5,0
6922,7241,45,4,15
6923,3497,97,3,0
6924,8738,23,2,0
6925,4495,64,2,0
6926,1559,76,2,10
6927,9433,87,1,15
6928,4582,66,5,5
6929,4560,13,5,5
6930,3546,46,4,15
6931,2411,4,4,0
6932,9639,3,1,10
6933,7927,29,3,5
6934,7663,23,2,0
6935,8455,74,3,20
6936,169,79,1,0
6937,5911,10,4,10
6938,8848,76,5,15
6939,2172,17,1,15
6940,8789,54,4,5
6941,6720,36,2,20
6942,9772,35,1,10
6943,2675,32,3,20
6944,8532,99,2,0
6945,2214,74,1,0
6946,6458,92,4,10
6947,1729,47,1,15
6948,4305,63,4,5
6949,3979,86,3,5
6950,7053,51,4,10
6951,7180,80,5,10
6952,7066,43,1,5
6953,3938,46,1,10
6954,6273,65,1,0
6955,5256,89,2,15
6956,6651,45,1,20
6957,6439,5,2,0
6958,7448,47,5,10
6959,6693,78,2,20
6960,6790,30,2,5
6961,9637,80,1,20
6962,4255,93,3,15
6963,6171,31,3,5
6964,4060,77,5,15
6965,1137,23,2,15
6966,3612,5,4,0
6967,9945,29,4,15
6968,1011,51,1,20
6969,8274,61,5,0
6970,1319,71,4,0
6971,6742,50,5,20
6972,3287,35,1,0
6973,5404,44,4,15
6974,2698,34,2,15
6975,4486,17,1,15
6976,8400,38,2,15
6977,1942,98,4,0
6978,3148,57,3,15
6979,5005,72,4,15
6980,1843,34,2,15
6981,4530,69,5,5
6982,6148,11,4,10
6983,9797,2,5,20
6984,7823,89,1,0
6985,2549,48,1,20
6986,9107,22,5,0
6987,6464,6,2,10
6988,4094,31,3,10
6989,1132,99,1,0
6990,2814,23,1,0
6991,3668,73,2,0
6992,6738,4,5,5
6993,2438,68,5,5
6994,7514,1,5,20
6995,7979,23,4,5
6996,3948,20,5,5
6997,3635,86,1,0
6998,2505,27,2,20
6999,5289,21,1,5
7000,4385,2,1,15
7001,2261,17,3,0
7002,7918,39,5,15
7003,717,3,4,10
7004,9700,88,5,20
7005,2584,33,4,15
7006,9981,4,2,20
7007,256,95,2,15
7008,6572,75,5,20
7009,356,35,3,0
7010,9143,24,1,5
7011,7089,93,5,5
7012,7491,71,2,20
7013,8046,21,3,5
7014,9449,68,2,15
7015,4745,41,2,15
7016,4368,7,1,5
7017,6302,70,3,20
7018,592,69,3,15
7019,4793,26,2,0
7020,6740,43,5,5
7021,1928,19,3,20
7022,3914,98,5,5
7023,7361,78,1,15
7024,5183,99,3,10
7025,7394,31,3,20
7026,5388,35,1,5
7027,2223,30,4,15
7028,1180,54,2,10
7029,2985,29,1,20
7030,1108,77,4,5
7031,3152,91,3,20
7032,4902,43,2,0
7033,4126,46,2,10
7034,2386,84,1,10
7035,2726,53,4,5
7036,8493,83,5,20
7037,203,83,4,15
7038,1863,32,1,20
7039,7788,90,4,5
7040,9990,44,3,0
7041,397,22,2,0
7042,2600,91,4,15
7043,9160,72,4,20
7044,5895,14,2,15
7045,30,41,4,0
7046,2619,62,2,0
7047,3809,67,2,0
7048,890,2,1,5
7049,9628,2,1,0
7050,1001,72,1,0
7051,9296,23,5,5
7052,1841,99,1,5
7053,8911,68,4,20
7054,1722,43,1,10
7055,1722,60,5,20
7056,2631,55,3,10
7057,905,11,4,5
7058,4610,18,5,10
7059,6007,48,2,20
7060,7903,7,5,15
7061,9522,12,3,10
7062,2604,23,1,10
7063,8996,85,2,5
7064,8523,30,4,0
7065,6142,68,4,10
7066,5113,33,5,15
7067,3514,24,3,5
7068,4773,51,4,0
7069,5113,63,2,20
7070,4200,66,3,5
7071,3011,4,5,0
7072,239,14,3,5
7073,1605,6,1,15
7074,993,78,4,0
7075,7058,59,1,10
7076,4003,2,2,10
7077,1791,79,2,10
7078,513,65,1,10
7079,4370,23,2,5
7080,5734,64,3,0
7081,5834,16,5,0
7082,3848,33,2,20
7083,8423,15,3,0
7084,4577,57,2,20
7085,9425,2,3,5
7086,7608,75,5,20
7087,1732,92,3,10
7088,8102,20,5,15
7089,6339,71,3,0
7090,8550,97,1,15
7091,2088,93,5,5
7092,6356,15,2,15
7093,2336,34,2,10
7094,1942,74,1,15
7095,3263,90,5,10
7096,9256,30,2,20
7097,5907,40,3,0
7098,5490,94,3,10
7099,6322,31,2,0
7100,9074,24,4,0
7101,162,98,4,5
7102,7034,71,4,0
7103,704,72,3,10
7104,7733,54,1,15
7105,8076,77,5,20
7106,8636,73,4,5
7107,8530,53,4,10
7108,3576,30,2,20
7109,9054,96,5,20
7110,5618,100,2,10
7111,9112,66,1,10
7112,9348,84,4,5
7113,5836,22,3,10
7114,9125,4,2,0
7115,5364,29,5,10
7116,3528,9,2,0
7117,3475,46,2,0
7118,4959,93,5,10
7119,7925,44,1,15
7120,4383,31,1,20
7121,3038,81,4,5
7122,1288,76,4,5
7123,1713,39,3,15
7124,2965,55,3,10
7125,3053,42,5,15
7126,6435,1,1,20
7127,4317,52,1,0
7128,6943,1,5,0
7129,302,63,3,10
7130,2615,46,3,20
7131,6624,16,3,0
7132,8691,47,3,0
7133,1514,7,5,0
7134,3190,2,4,0
7135,5681,38,4,0
7136,994,41,4,20
7137,7623,8,2,15
7138,1713,27,1,0
7139,9599,40,2,15
7140,1263,6,1,5
7141,6862,50,4,0
7142,7113,27,2,20
7143,7738,80,5,20
7144,1069,98,3,20
7145,4472,92,3,15
7146,1007,51,5,10
7147,5312,84,5,20
7148,1763,43,2,10
7149,2955,61,3,0
7150,9959,4,1,15
7151,1708,44,2,15
7152,4200,36,2,0
7153,6247,22,2,0
7154,428,32,1,0
7155,5046,87,3,5
7156,708,68,2,5
7157,5121,1,5,15
7158,8403,69,5,20
7159,3773,9,1,10
7160,9706,52,2,20
7161,6746,64,4,20
7162,4186,34,3,0
7163,2464,15,5,0
7164,7914,98,1,15
7165,2422,19,1,15
7166,8890,75,3,5
7167,6762,94,1,5
7168,2476,2,1,5
7169,9350,3,2,20
7170,1858,43,3,5
7171,5764,78,3,5
7172,8305,32,5,20
7173,1666,15,2,0
7174,543,43,5,15
7175,218,11,2,10
7176,4599,20,2,15
7177,119,90,2,10
7178,6803,63,2,5
7179,2764,77,1,15
7180,1695,22,2,5
7181,861,77,3,10
7182,5018,1,5,5
7183,4582,30,4,20
7184,8851,54,5,0
7185,4582,71,1,5
7186,454,51,4,10
7187,6497,88,5,5
7188,324,94,1,20
7189,633,32,5,15
7190,5242,83,3,15
7191,7362,50,1,5
7192,4357,24,5,5
7193,3786,25,3,10
7194,3856,3,3,15
7195,1477,40,2,15
7196,2182,94,1,10
7197,1324,95,2,20
7198,5842,37,1,10
7199,9327,15,4,0
7200,1458,11,2,20
7201,4185,19,3,15
7202,1474,77,4,5
7203,3956,99,2,15
7204,8731,54,2,10
7205,1466,25,4,15
7206,2338,61,4,20
7207,72,46,3,10
7208,9842,2,5,10
7209,8478,27,1,0
7210,3547,35,3,15
7211,9747,35,2,0
7212,7384,37,5,20
7213,2852,7,5,15
7214,6645,65,1,5
7215,7679,66,5,20
7216,6,97,1,5
7217,2408,52,5,20
7218,5787,12,5,0
7219,6877,22,5,10
7220,4954,19,1,10
7221,2841,3,2,0
7222,6914,95,3,15
7223,1674,19,5,15
7224,5805,92,2,5
7225,4729,65,1,20
7226,316,10,2,15
7227,922,40,5,10
7228,8117,34,2,0
7229,4530,23,3,10
7230,8785,24,4,0
7231,9172,76,5,0
7232,4822,41,4,15
7233,9563,23,2,20
7234,6980,21,3,20
7235,4868,98,4,0
7236,7883,88,2,0
7237,7700,55,5,20
7238,9703,47,5,0
7239,5762,29,1,10
7240,4391,29,1,20
7241,7670,39,1,15
7242,4049,83,5,10
7243,823,62,1,0
7244,7282,37,1,15
7245,4006,31,5,15
7246,3563,42,1,0
7247,9498,1,5,5
7248,3448,12,5,15
7249,8414,31,5,20
7250,5291,74,1,10
7251,6285,80,2,15
7252,6167,93,4,5
7253,9560,9,5,20
7254,819,6,5,0
7255,8204,90,1,15
7256,3839,81,2,0
7257,8505,76,3,0
7258,4457,83,1,20
7259,8021,89,2,10
7260,8612,51,1,15
7261,1445,59,4,10
7262,4756,47,1,15
7263,5951,91,4,20
7264,7000,71,1,10
7265,8029,64,5,0
7266,945,12,2,20
7267,8735,47,5,15
7268,8864,59,1,20
7269,1482,32,5,5
7270,1053,16,4,0
7271,5332,75,3,15
7272,6167,76,4,0
7273,4236,86,4,20
7274,7473,86,5,5
7275,8355,75,2,15
7276,9764,35,5,0
7277,3704,86,2,10
7278,2110,76,3,10
7279,945,81,1,10
7280,4759,43,2,0
7281,5066,18,1,10
7282,3947,11,4,15
7283,5720,15,5,20
7284,9604,99,5,10
7285,401,26,4,10
7286,738,18,5,20
7287,1478,56,5,15
7288,9150,82,2,5
7289,3058,49,2,0
7290,298,3,2,20
7291,5520,66,5,10
7292,7795,17,5,0
7293,5438,48,1,10
7294,2839,14,5,20
7295,3198,53,2,5
7296,456,69,1,15
7297,2316,91,4,0
7298,7885,56,1,5
7299,4526,17,1,10
7300,4230,10,3,15
7301,8888,88,2,0
7302,7727,20,4,20
7303,9322,80,5,10
7304,9365,89,5,10
7305,911,97,1,20
7306,8543,74,2,15
7307,6949,24,5,5
7308,6247,58,3,0
7309,8304,84,4,10
7310,6714,94,1,0
7311,2702,95,2,20
7312,5603,97,4,0
7313,3658,39,5,5
7314,5680,96,3,5
7315,4425,16,4,15
7316,970,62,5,20
7317,8055,51,4,20
7318,9980,32,4,20
7319,10000,16,5,10
7320,3067,6,5,20
7321,5050,49,2,10
7322,8061,57,4,10
7323,1719,45,3,15
7324,3213,81,2,10
7325,4874,92,1,20
7326,593,12,2,20
7327,463,23,5,0
7328,4976,26,5,10
7329,2385,99,1,15
7330,4238,65,1,0
7331,5499,47,5,15
7332,2719,8,3,15
7333,5152,18,2,15
7334,1289,78,2,15
7335,8993,3,4,10
7336,583,84,1,20
7337,6341,59,1,20
7338,3867,27,5,20
7339,8640,2,4,20
7340,7533,31,2,20
7341,2108,65,4,20
7342,1309,88,4,5
7343,3232,44,2,20
7344,8815,14,3,0
7345,3119,56,5,20
7346,2778,65,4,0
7347,407,4,2,5
7348,9474,61,4,0
7349,4408,29,1,5
7350,4781,46,3,0
7351,6678,27,5,20
7352,8270,97,2,5
7353,8258,79,5,15
7354,1883,6,3,15
7355,5270,34,5,20
7356,1273,15,1,20
7357,228,79,5,0
7358,6710,56,1,20
7359,9334,71,5,0
7360,1928,20,5,0
7361,4909,62,1,10
7362,3894,71,3,0
7363,1759,12,3,10
7364,478,88,2,5
7365,5574,79,4,20
7366,899,8,4,0
7367,5380,41,2,0
7368,7020,18,4,15
7369,1357,71,4,20
7370,8472,53,5,5
7371,975,15,4,15
7372,6918,23,4,0
7373,4157,94,5,5
7374,7862,87,3,10
7375,4029,61,5,10
7376,6578,80,4,20
7377,2710,51,1,15
7378,9893,19,5,0
7379,5029,16,4,20
7380,6120,72,5,5
7381,685,31,2,10
7382,838,4,2,15
7383,6295,51,1,0
7384,2945,67,3,10
7385,990,27,5,10
7386,7193,100,1,0
7387,6877,67,5,15
7388,3170,100,1,15
7389,4057,56,4,5
7390,4081,90,1,0
7391,1969,92,1,20
7392,4741,46,5,15
7393,5816,85,1,5
7394,501,14,2,0
7395,8177,29,1,20
7396,1275,49,2,10
7397,8205,15,1,0
7398,5556,3,2,15
7399,2740,43,4,15
7400,2826,56,1,20
7401,5214,69,3,5
7402,6342,15,2,15
7403,3116,45,5,10
7404,8924,85,2,10
7405,3192,39,5,5
7406,2338,68,1,20
7407,5438,58,4,5
7408,3460,50,2,5
7409,9439,11,4,0
7410,4096,96,3,0
7411,2340,40,5,10
7412,5203,97,2,10
7413,6406,66,4,0
7414,8608,69,1,15
7415,3385,45,4,5
7416,9491,65,5,20
7417,2411,6,3,10
7418,1532,31,4,5
7419,8957,23,5,0
7420,2898,57,1,15
7421,4648,30,1,15
7422,5476,83,5,0
7423,990,53,5,10
7424,1221,98,1,15
7425,560,22,1,0
7426,2767,19,1,5
7427,5821,70,3,15
7428,2504,31,5,15
7429,5103,66,3,20
7430,9355,89,2,15
7431,9346,65,1,5
7432,2736,44,1,20
7433,1726,28,3,15
7434,9208,100,1,5
7435,7700,90,3,5
7436,1738,39,1,10
7437,7706,3,5,20
7438,6137,17,1,0
7439,4356,52,1,10
7440,8788,76,5,5
7441,6625,16,1,0
7442,4886,38,4,15
7443,1788,90,3,20
7444,4353,26,3,0
7445,5691,8,1,5
7446,6805,65,1,20
7447,5012,87,3,15
7448,5156,33,3,5
7449,3606,41,3,20
7450,9863,60,2,20
7451,5174,47,1,10
7452,5977,19,3,0
7453,1625,1,5,15
7454,1433,42,3,0
7455,9242,22,2,20
7456,3198,38,4,15
7457,2751,77,4,5
7458,6007,93,3,20
7459,3667,46,3,10
7460,9910,76,3,15
7461,3063,56,2,10
7462,8509,96,3,10
7463,130,7,2,5
7464,499,78,4,5
7465,9750,49,4,20
7466,2588,70,4,15
7467,1300,74,5,5
7468,8389,42,5,0
7469,4407,6,4,5
7470,872,73,3,5
7471,4629,15,1,5
7472,3828,92,1,0
7473,3212,7,1,0
7474,4002,18,4,5
7475,4048,77,5,20
7476,6715,66,3,20
7477,6685,55,4,20
7478,6629,62,2,10
7479,8391,16,3,5
7480,9376,12,2,5
7481,1342,77,1,10
7482,3156,90,4,0
7483,5189,54,5,0
7484,4387,98,2,15
7485,4967,90,3,10
7486,6239,97,5,10
7487,4956,18,1,0
7488,230,53,4,0
7489,734,47,2,0
7490,3758,22,4,0
7491,5546,13,5,15
7492,1681,5,3,0
7493,5007,36,4,10
7494,6566,30,5,20
7495,9165,75,2,5
7496,8477,40,1,0
7497,5044,94,3,20
7498,7951,74,1,10
7499,8090,83,2,10
7500,8299,8,3,10
7501,1796,56,2,0
7502,8378,78,2,15
7503,5853,5,1,15
7504,9269,21,1,10
7505,3107,79,1,0
7506,5339,4,4,15
7507,4673,99,5,0
7508,7301,79,5,20
7509,902,26,2,0
7510,3945,76,2,15
7511,5860,100,5,0
7512,3521,90,1,0
7513,2228,12,4,0
7514,9595,91,3,10
7515,9646,42,4,0
7516,8832,9,2,10
7517,1869,8,2,20
7518,445,56,1,15
7519,9295,13,5,10
7520,3487,54,1,0
7521,6789,64,1,15
7522,6490,76,4,15
7523,105,24,3,20
7524,2014,17,4,0
7525,7704,62,2,5
7526,6520,69,3,15
7527,8756,98,1,0
7528,5642,95,2,20
7529,9721,38,1,15
7530,9038,55,2,0
7531,8200,46,3,5
7532,5199,54,4,15
7533,7940,70,4,20
7534,45,42,3,0
7535,1328,55,4,20
7536,1536,12,3,5
7537,4728,3,3,5
7538,4981,18,4,20
7539,6743,85,5,15
7540,9342,58,4,20
7541,7000,79,5,0
7542,834,60,5,5
7543,8245,16,4,0
7544,4285,15,2,15
7545,9671,91,4,10
7546,683,38,5,15
7547,699,27,5,5
7548,4997,13,1,5
7549,1151,13,1,10
7550,5839,63,4,0
7551,1140,69,2,0
7552,7738,65,3,20
7553,331,65,2,10
7554,5676,49,1,20
7555,4746,30,2,0
7556,1955,26,1,5
7557,2104,26,5,5
7558,5694,35,1,5
7559,6121,58,1,5
7560,3250,98,5,10
7561,4128,63,2,15
7562,9045,10,2,0
7563,9762,50,3,15
7564,3804,48,1,10
7565,4713,73,4,0
7566,6315,56,1,15
7567,7121,53,3,15
7568,1478,19,3,5
7569,4740,94,4,20
7570,3615,34,5,10
7571,4851,76,4,10
7572,1757,88,3,15
7573,9767,67,1,0
7574,5140,66,2,5
7575,6919,83,5,15
7576,3903,52,1,15
7577,3799,95,1,0
7578,7194,78,5,5
7579,1483,96,1,20
7580,5515,80,2,15
7581,9076,32,2,5
7582,8742,43,5,15
7583,9189,30,3,10
7584,1905,10,4,0
7585,912,50,3,0
7586,5139,84,1,5
7587,8441,20,2,5
7588,6804,20,5,5
7589,6209,98,3,20
7590,8979,30,3,20
7591,6334,7,3,5
7592,545,93,3,20
7593,8928,19,3,5
7594,6227,87,4,20
7595,1251,95,2,20
7596,8210,48,1,10
7597,8241,52,5,10
7598,620,79,3,20
7599,7629,10,5,20
7600,2255,77,5,0
7601,7650,69,1,15
7602,6427,54,1,10
7603,4165,46,5,0
7604,7002,14,5,15
7605,863,4,1,5
7606,6773,41,1,5
7607,3026,2,1,15
7608,3314,47,4,15
7609,9881,14,2,15
7610,5073,83,4,5
7611,5440,76,5,10
7612,6258,70,3,5
7613,1656,92,2,5
7614,8390,78,5,10
7615,3409,99,3,10
7616,1673,34,2,0
7617,1552,82,5,10
7618,2928,51,4,5
7619,6546,25,2,10
7620,1748,46,2,0
7621,719,91,3,5
7622,377,70,1,10
7623,5251,29,1,0
7624,600,22,3,20
7625,741,38,4,10
7626,4814,90,4,15
7627,9785,12,4,0
7628,3603,45,5,10
7629,1106,83,5,10
7630,6761,75,1,15
7631,2457,66,3,15
7632,1401,19,4,0
7633,9988,77,2,15
7634,2803,39,1,20
7635,8845,91,4,20
7636,3296,31,2,5
7637,908,55,3,10
7638,7380,99,4,0
7639,3964,46,3,5
7640,2276,1,2,5
7641,7269,80,4,0
7642,8027,59,1,0
7643,1432,23,5,0
7644,9029,45,3,0
7645,7420,24,5,10
7646,8947,71,5,20
7647,4050,29,1,0
7648,9231,66,5,15
7649,9023,32,3,10
7650,553,48,2,10
7651,6499,33,1,15
7652,395,81,3,15
7653,5035,27,2,20
7654,177,7,5,20
7655,5519,2,5,0
7656,5474,64,2,15
7657,5343,1,4,5
7658,6767,22,2,20
7659,8794,23,2,10
7660,200,45,2,20
7661,6409,41,2,0
7662,2119,26,3,20
7663,4354,67,3,5
7664,1000,74,3,0
7665,8580,35,3,10
7666,7067,92,2,0
7667,4387,24,3,10
7668,8185,82,5,15
7669,3060,58,2,0
7670,3969,86,5,5
7671,1442,14,5,0
7672,8356,100,2,20
7673,3638,70,1,15
7674,4506,28,5,10
7675,7511,23,5,0
7676,3813,18,1,15
7677,5477,16,3,10
7678,6996,82,4,5
7679,3109,57,4,0
7680,795,59,2,15
7681,7665,85,5,15
7682,6846,81,3,20
7683,8009,31,2,10
7684,6876,4,3,15
7685,583,45,1,5
7686,1482,13,5,5
7687,5423,2,3,20
7688,3584,51,5,5
7689,5395,99,1,15
7690,790,82,2,10
7691,5788,84,3,5
7692,6150,59,3,15
7693,9300,88,2,10
7694,4977,25,2,5
7695,2646,71,2,15
7696,2796,10,2,0
7697,3034,87,4,5
7698,3056,17,1,10
7699,4964,71,3,0
7700,407,2,3,10
7701,3552,39,3,10
7702,6443,24,2,15
7703,9903,18,5,0
7704,8086,20,4,5
7705,4523,99,2,5
7706,4299,60,4,5
7707,346,34,5,10
7708,4700,31,4,15
7709,2388,82,5,5
7710,5513,87,3,20
7711,9898,40,5,10
7712,9157,21,4,10
7713,9460,50,3,10
7714,9755,71,4,15
7715,9470,33,1,5
7716,404,1,5,15
7717,1529,7,4,5
7718,3601,43,5,0
7719,6460,73,2,0
7720,8273,24,3,10
7721,6336,87,3,20
7722,5280,52,4,10
7723,6586,90,4,0
7724,3016,86,1,15
7725,6988,83,2,10
7726,5122,11,2,0
7727,9531,53,1,5
7728,7543,94,2,10
7729,8549,43,4,20
7730,5068,80,3,0
7731,9122,37,3,5
7732,7140,42,3,20
7733,5238,29,4,0
7734,6032,61,3,10
7735,4848,11,3,20
7736,7563,40,3,20
7737,2003,44,1,5
7738,2305,21,5,10
7739,1102,95,5,10
7740,9211,77,4,15
7741,8437,11,1,15
7742,5170,46,1,20
7743,9953,15,3,20
7744,1009,68,4,15
7745,9916,73,1,10
7746,7622,36,5,0
7747,982,39,5,15
7748,9452,6,5,0
7749,2542,49,4,20
7750,2361,21,3,20
7751,256,94,5,5
7752,5083,17,4,10
7753,9865,58,5,10
7754,7492,42,2,5
7755,8261,9,3,10
7756,1269,41,4,5
7757,4888,79,5,5
7758,8020,18,5,20
7759,5172,93,2,0
7760,4465,27,1,0
7761,6634,8,3,5
7762,6788,30,4,10
7763,9828,82,4,5
7764,9366,65,3,15
7765,8509,47,5,10
7766,7495,53,1,10
7767,285,85,3,15
7768,5957,77,5,15
7769,5906,92,2,20
7770,2673,73,1,20
7771,8658,99,1,20
7772,4162,6,3,10
7773,8205,33,4,10
7774,2827,75,1,20
7775,9589,25,3,20
7776,848,47,5,5
7777,827,57,4,20
7778,2242,87,1,10
7779,4114,18,4,0
7780,2317,97,3,10
7781,2064,91,1,0
7782,7924,92,2,20
7783,4614,79,4,5
7784,7384,34,2,15
7785,9170,93,3,20
7786,5955,5,4,0
7787,1092,31,3,5
7788,2861,30,3,10
7789,385,36,3,0
7790,6087,64,1,0
7791,7070,17,1,20
7792,539,20,1,0
7793,1683,7,3,0
7794,2362,47,5,20
7795,6734,89,1,10
7796,9791,84,4,0
7797,2235,83,2,10
7798,728,80,2,0
7799,2036,14,5,20
7800,8225,42,3,5
7801,6468,11,4,5
7802,8460,100,2,15
7803,659,17,4,0
7804,2118,48,5,5
7805,7209,75,4,15
7806,75,33,1,5
7807,7390,15,5,5
7808,228,15,1,0
7809,8448,86,3,20
7810,5732,19,3,10
7811,638,2,2,10
7812,1838,99,5,20
7813,3474,36,3,15
7814,6297,37,5,10
7815,7252,65,5,15
7816,2540,50,5,0
7817,1365,52,1,15
7818,4230,50,4,15
7819,3552,24,4,15
7820,3658,86,1,20
7821,8895,18,5,15
7822,8249,83,4,15
7823,8898,90,2,10
7824,6070,67,3,20
7825,5222,12,4,15
7826,2986,55,2,10
7827,7205,42,3,20
7828,4806,43,2,10
7829,499,45,3,0
7830,6768,69,2,5
7831,1970,34,2,0
7832,5047,60,2,5
7833,8481,5,2,5
7834,7381,7,3,10
7835,4897,36,1,5
7836,7940,38,1,5
7837,4097,29,2,0
7838,5439,68,5,5
7839,481,93,4,20
7840,251,83,3,5
7841,6306,87,4,0
7842,4009,49,4,15
7843,3174,40,5,10
7844,2169,69,3,5
7845,9974,41,5,0
7846,3402,90,1,5
7847,421,15,2,5
7848,7908,95,5,15
7849,8400,44,3,20
7850,6626,42,2,0
7851,1439,61,4,20
7852,278,2,2,20
7853,1843,8,3,20
7854,3475,78,1,5
7855,894,49,3,0
7856,6170,64,1,5
7857,1354,39,5,5
7858,898,60,5,5
7859,4520,1,1,0
7860,7567,59,2,10
7861,218,17,1,0
7862,9585,70,3,20
7863,3559,8,4,0
7864,8376,35,2,20
7865,2421,80,1,5
7866,6128,25,5,10
7867,1476,88,1,20
7868,7924,19,4,10
7869,2851,78,2,5
7870,1355,60,3,15
7871,1149,25,4,5
7872,1895,15,3,20
7873,6239,83,5,10
7874,5910,39,5,0
7875,7512,71,1,20
7876,9083,44,3,15
7877,6438,31,3,0
7878,7096,24,3,5
7879,1823,55,3,0
7880,2830,90,2,15
7881,3808,74,2,0
7882,4380,48,4,10
7883,1590,87,2,20
7884,9105,55,1,5
7885,7777,62,5,0
7886,5495,34,2,10
7887,3590,11,4,0
7888,2120,64,4,15
7889,2830,13,4,20
7890,9215,84,4,5
7891,8847,100,4,20
7892,2532,99,4,10
7893,150,7,2,0
7894,2804,27,3,10
7895,8407,96,2,15
7896,6902,21,3,5
7897,6161,63,1,20
7898,3448,19,2,20
7899,5377,26,1,5
7900,1158,44,3,20
7901,5711,24,2,5
7902,9709,81,2,0
7903,5545,77,1,0
7904,5851,90,1,20
7905,5492,6,4,20
7906,7904,17,2,20
7907,1660,7,5,20
7908,1830,72,5,15
7909,136,67,5,20
7910,5463,7,1,0
7911,3616,68,5,20
7912,1643,13,2,5
7913,516,30,4,0
7914,9220,51,1,5
7915,3715,64,3,20
7916,6564,10,2,15
7917,9532,1,4,5
7918,8231,8,4,20
7919,4082,89,3,10
7920,7040,78,4,20
7921,37,82,5,0
7922,785,21,2,0
7923,9464,98,2,15
7924,9522,94,5,0
7925,4434,35,4,0
7926,89,64,5,0
7927,9905,33,5,5
7928,3534,43,5,5
7929,985,23,4,5
7930,891,40,5,20
7931,8029,68,1,10
7932,5293,99,1,0
7933,4871,36,2,0
7934,1612,14,1,15
7935,7973,4,3,0
7936,2250,88,1,0
7937,7769,41,2,10
7938,3237,46,3,5
7939,4033,55,3,5
7940,7848,45,3,20
7941,4340,78,1,5
7942,9007,23,4,10
7943,3007,40,5,0
7944,4406,100,5,10
7945,6532,15,5,20
7946,4825,52,3,20
7947,5543,33,4,5
7948,9036,73,2,0
7949,1373,55,1,5
7950,7695,78,2,10
7951,2960,49,2,20
7952,1304,9,3,0
7953,7360,16,4,20
7954,9290,17,2,5
7955,1934,63,1,0
7956,4573,49,4,10
7957,3431,5,1,10
7958,7976,8,3,10
7959,7344,95,1,0
7960,4511,32,1,5
7961,7256,92,4,15
7962,9351,16,5,5
7963,4494,99,3,0
7964,4596,19,5,5
7965,2106,33,2,0
7966,676,78,3,10
7967,1337,5,5,10
7968,2071,77,4,20
7969,6658,61,4,10
7970,2284,53,2,5
7971,3432,16,2,5
7972,5845,54,2,0
7973,2839,81,4,10
7974,1357,93,3,0
7975,5448,48,1,15
7976,2109,96,5,15
7977,7655,20,5,0
7978,6632,16,4,20
7979,3611,36,5,15
7980,1430,59,3,15
7981,4132,71,4,20
7982,3058,8,4,20
7983,5424,94,2,0
7984,8169,44,4,0
7985,4356,81,4,10
7986,8723,87,2,15
7987,1317,41,2,0
7988,3157,63,4,5
7989,1839,63,3,20
7990,1715,92,4,15
7991,4138,29,1,5
7992,1985,95,5,5
7993,7532,20,3,20
7994,6854,59,2,10
7995,8157,41,2,0
7996,7850,72,3,0
7997,6965,84,3,15
7998,5545,95,4,0
7999,9944,14,3,15
8000,6023,36,1,10
8001,7443,79,4,0
8002,4276,97,2,20
8003,3008,30,3,5
8004,8966,22,1,20
8005,7172,68,5,15
8006,2050,20,2,10
8007,3770,36,2,5
8008,1955,29,2,20
8009,6865,69,4,20
8010,8155,28,2,10
8011,9307,72,5,15
8012,848,79,5,5
8013,9794,37,4,10
8014,8959,48,5,20
8015,9935,32,3,10
8016,3911,20,5,0
8017,1632,77,3,0
8018,4627,47,1,15
8019,7436,76,1,0
8020,8017,10,3,10
8021,8233,75,3,20
8022,5238,7,3,5
8023,6311,17,2,15
8024,227,57,4,20
8025,2660,56,2,15
8026,4646,90,1,15
8027,8229,92,3,20
8028,7160,33,4,10
8029,2261,9,3,15
8030,2400,37,5,20
8031,5430,49,4,10
8032,4604,55,3,5
8033,9790,66,5,20
8034,7686,88,5,5
8035,67,95,4,0
8036,12,36,4,15
8037,6836,8,3,5
8038,2186,90,4,0
8039,2239,39,4,0
8040,3203,3,3,5
8041,63,51,3,0
8042,9231,9,5,0
8043,7383,95,1,15
8044,7084,73,2,10
8045,4863,66,5,0
8046,380,21,1,0
8047,4345,94,1,20
8048,1412,41,3,20
8049,1694,52,4,5
8050,8570,28,2,20
8051,9592,59,1,10
8052,8478,25,3,15
8053,3887,24,4,15
8054,774,28,4,0
8055,9581,29,2,20
8056,8286,83,4,10
8057,2245,41,4,15
8058,8919,61,3,5
8059,6649,35,2,15
8060,9763,87,4,20
8061,8057,94,3,5
8062,5511,39,2,0
8063,7544,12,5,0
8064,6808,68,3,20
8065,5455,73,5,5
8066,6194,28,3,20
8067,4816,84,3,20
8068,695,42,2,15
8069,5982,100,3,20
8070,9961,8,3,20
8071,5512,91,1,0
8072,4182,15,1,0
8073,112,71,5,20
8074,7604,83,2,15
8075,9357,88,1,10
8076,5038,58,1,5
8077,8086,25,5,5
8078,6161,89,4,15
8079,9648,48,5,20
8080,1167,84,5,5
8081,7739,92,1,5
8082,9496,35,4,5
8083,1783,100,2,10
8084,4584,80,4,0
8085,8120,45,1,10
8086,9263,81,4,15
8087,8114,40,1,0
8088,2512,69,4,15
8089,4097,94,1,15
8090,489,59,2,0
8091,9566,67,3,0
8092,4417,61,5,20
8093,2303,44,3,15
8094,6892,14,2,20
8095,2726,98,3,0
8096,8527,20,5,15
8097,2175,57,3,0
8098,6193,40,4,0
8099,8727,68,4,0
8100,4177,38,5,0
8101,6670,86,1,15
8102,3127,3,2,15
8103,5944,83,5,15
8104,9621,33,2,5
8105,173,46,1,0
8106,638,100,5,10
8107,3568,50,3,20
8108,7017,96,1,15
8109,5527,36,3,10
8110,3062,23,2,5
8111,7165,2,4,20
8112,4104,25,3,15
8113,2194,75,4,20
8114,3585,21,1,10
8115,2128,74,5,10
8116,9398,51,1,15
8117,577,66,5,10
8118,4389,70,1,20
8119,8371,18,4,10
8120,9892,85,1,20
8121,4107,11,2,10
8122,5034,62,2,10
8123,6968,27,2,0
8124,3231,39,3,20
8125,4675,1,5,10
8126,3138,6,5,20
8127,4863,32,4,15
8128,6885,91,3,15
8129,639,43,3,15
8130,1595,75,5,15
8131,1931,29,1,15
8132,9769,47,4,0
8133,7723,16,2,0
8134,8239,4,2,20
8135,7843,68,3,5
8136,8081,89,2,10
8137,5090,4,4,20
8138,5531,25,3,0
8139,8163,11,4,0
8140,1981,71,5,5
8141,2343,10,2,0
8142,7271,19,2,15
8143,1152,27,2,20
8144,621,3,1,0
8145,9832,43,5,10
8146,70,67,4,10
8147,5811,4,2,5
8148,4165,53,4,0
8149,6026,59,4,5
8150,6440,86,3,0
8151,4637,8,2,5
8152,6355,78,3,15
8153,2878,96,1,20
8154,4451,66,3,15
8155,1311,99,5,0
8156,2434,68,5,5
8157,3564,73,5,20
8158,4787,25,4,15
8159,2056,14,1,20
8160,3350,81,1,20
8161,5625,11,4,10
8162,3947,5,5,15
8163,2713,88,1,10
8164,8197,91,4,20
8165,1608,71,2,0
8166,4607,10,2,20
8167,2273,43,1,15
8168,9611,72,2,5
8169,1048,33,3,10
8170,6876,81,5,15
8171,3531,11,3,15
8172,9090,63,1,10
8173,1282,13,3,0
8174,6868,91,4,20
8175,5540,41,2,20
8176,2226,99,1,20
8177,1617,89,1,5
8178,4715,51,3,20
8179,9105,7,4,20
8180,8805,77,5,0
8181,8184,7,4,15
8182,3847,3,5,20
8183,3894,80,2,5
8184,2953,68,2,0
8185,105,18,1,10
8186,2461,26,3,20
8187,4993,16,4,0
8188,9278,31,2,5
8189,5426,58,1,15
8190,7424,77,1,20
8191,5816,6,4,10
8192,1791,77,4,15
8193,3690,17,1,5
8194,6474,2,4,0
8195,4764,75,5,15
8196,619,27,4,20
8197,4330,100,3,10
8198,7765,82,4,15
8199,7109,87,2,0
8200,4628,16,2,0
8201,9992,23,5,20
8202,3436,24,2,5
8203,9587,39,4,20
8204,590,6,1,10
8205,495,99,4,15
8206,1886,47,4,15
8207,3443,50,5,10
8208,7052,67,5,0
8209,1035,5,5,20
8210,9804,63,2,10
8211,8753,87,2,20
8212,778,36,3,0
8213,5908,64,2,5
8214,6700,82,4,5
8215,961,46,4,5
8216,5844,96,5,15
8217,2422,17,2,15
8218,398,75,1,10
8219,5093,21,5,20
8220,4110,44,5,5
8221,1530,88,4,0
8222,4732,77,4,0
8223,1777,25,2,0
8224,8107,60,2,15
8225,2256,77,2,20
8226,7484,45,1,10
8227,5866,30,2,20
8228,2303,39,5,10
8229,8386,8,2,10
8230,7526,52,5,20
8231,9078,48,5,20
8232,3151,78,4,5
8233,5673,14,1,20
8234,9798,54,4,10
8235,1409,60,2,20
8236,8986,42,3,0
8237,8751,73,3,10
8238,3774,77,3,10
8239,3326,36,3,5
8240,3398,68,3,5
8241,1801,38,4,0
8242,1264,92,1,0
8243,6038,45,5,15
8244,9313,96,3,5
8245,2802,96,2,10
8246,1709,32,2,10
8247,2646,53,2,20
8248,8823,78,2,15
8249,5203,15,5,10
8250,6757,42,3,10
8251,6675,1,2,10
8252,6619,49,1,20
8253,8076,25,5,20
8254,6166,34,1,15
8255,6475,85,3,15
8256,65,62,4,20
8257,4351,75,1,5
8258,42,7,2,5
8259,6027,66,4,15
8260,3186,62,1,5
8261,1301,53,5,20
8262,7808,4,5,0
8263,2467,91,4,15
8264,7584,15,4,5
8265,9069,18,2,5
8266,7720,78,4,0
8267,3501,4,2,15
8268,1161,86,3,0
8269,3546,28,2,15
8270,9598,6,1,20
8271,8013,81,2,15
8272,4024,64,4,5
8273,7894,99,3,5
8274,778,70,4,0
8275,616,23,1,20
8276,1816,20,3,0
8277,6623,83,3,10
8278,7472,80,4,20
8279,8808,21,3,20
8280,9834,31,2,5
8281,1337,58,3,20
8282,4940,88,5,15
8283,4315,15,3,5
8284,215,100,2,0
8285,4900,60,3,10
8286,8476,96,5,0
8287,6216,11,4,10
8288,8017,32,5,5
8289,6468,55,5,10
8290,7998,15,5,5
8291,4663,36,5,20
8292,8677,46,4,10
8293,7596,20,3,10
8294,4036,94,4,10
8295,6036,41,4,0
8296,5584,76,2,5
8297,3303,67,5,5
8298,5243,14,4,20
8299,2008,30,1,15
8300,8888,29,1,5
8301,9738,18,5,10
8302,568,31,3,0
8303,3159,43,5,0
8304,8188,96,1,15
8305,7618,12,3,0
8306,5230,21,3,20
8307,6302,24,1,15
8308,633,2,5,15
8309,8308,9,2,5
8310,9596,11,1,0
8311,1850,100,5,5
8312,7548,78,5,10
8313,1005,48,5,5
8314,8062,30,3,10
8315,9868,79,5,15
8316,5811,91,5,20
8317,9567,69,5,5
8318,950,71,3,20
8319,2962,35,3,10
8320,237,25,1,15
8321,3880,6,4,5
8322,3401,45,5,20
8323,8842,42,4,10
8324,1185,17,2,10
8325,3318,64,4,20
8326,8453,40,5,5
8327,9010,19,3,0
8328,1016,90,3,5
8329,270,85,4,0
8330,641,12,3,15
8331,3632,29,5,0
8332,8570,95,1,15
8333,5703,90,4,15
8334,4553,37,5,5
8335,2832,19,5,5
8336,3082,5,4,10
8337,2662,25,2,20
8338,9907,32,1,0
8339,5089,74,5,20
8340,865,54,5,10
8341,4433,5,4,5
8342,7554,18,1,5
8343,7082,56,1,10
8344,9924,23,5,5
8345,2968,35,5,15
8346,4024,67,2,10
8347,6184,77,4,0
8348,6844,77,5,0
8349,7430,41,3,10
8350,1470,32,2,0
8351,8431,14,3,0
8352,1135,84,2,0
8353,628,11,1,10
8354,9042,81,5,20
8355,1842,14,3,10
8356,3610,39,2,10
8357,9430,85,3,0
8358,5527,95,4,0
8359,3167,47,3,15
8360,6174,26,5,0
8361,7228,25,5,15
8362,5511,56,3,15
8363,1983,73,1,0
8364,2823,78,3,20
8365,82,38,1,0
8366,2359,62,2,10
8367,1840,79,4,10
8368,487,20,5,20
8369,7497,26,2,20
8370,1074,57,3,10
8371,4983,79,5,10
8372,6773,24,4,10
8373,7218,61,4,15
8374,9062,98,2,5
8375,1184,82,5,15
8376,7420,27,2,15
8377,2432,49,3,15
8378,8627,26,4,5
8379,892,8,3,10
8380,1065,51,3,10
8381,1049,42,1,15
8382,8875,98,2,15
8383,3800,29,3,0
8384,3072,15,3,5
8385,1635,63,2,0
8386,9739,67,5,20
8387,2132,29,4,5
8388,2490,33,2,20
8389,2329,26,3,10
8390,2335,80,1,15
8391,1978,23,2,5
8392,504,21,3,5
8393,196,1,4,5
8394,3685,19,3,20
8395,4485,35,3,10
8396,988,44,1,5
8397,7340,37,5,20
8398,7341,8,3,10
8399,4178,68,1,0
8400,5859,60,2,10
8401,2514,74,3,10
8402,3766,7,5,20
8403,8504,90,2,5
8404,3227,94,2,0
8405,5726,27,2,20
8406,2998,100,2,5
8407,2492,7,1,20
8408,6806,92,1,15
8409,2816,51,3,10
8410,6334,7,5,20
8411,697,59,5,15
8412,2080,84,1,0
8413,3662,84,5,10
8414,7968,82,1,10
8415,891,24,2,15
8416,4290,80,2,0
8417,868,96,2,20
8418,2684,79,3,10
8419,3710,49,2,0
8420,5692,93,4,5
8421,7471,6,2,20
8422,8776,44,4,15
8423,2106,84,4,0
8424,3345,28,2,15
8425,442,55,2,10
8426,9465,73,5,20
8427,450,50,4,0
8428,2239,29,1,15
8429,5418,6,5,0
8430,269,42,2,10
8431,2218,14,4,5
8432,2100,74,4,10
8433,2163,21,1,0
8434,9404,68,4,10
8435,4448,61,1,5
8436,3742,36,1,20
8437,1787,21,5,0
8438,6162,98,5,15
8439,833,49,2,10
8440,3505,54,1,5
8441,8506,13,5,10
8442,8422,58,5,15
8443,8183,61,4,0
8444,1220,4,5,0
8445,9594,32,2,5
8446,174,58,4,5
8447,5967,62,2,0
8448,6325,78,3,15
8449,2468,71,3,20
8450,1374,52,5,0
8451,5874,70,2,0
8452,1505,3,1,5
8453,7017,56,4,10
8454,8790,6,5,5
8455,7830,30,2,15
8456,7464,77,5,15
8457,3348,10,3,20
8458,3112,52,3,15
8459,4666,83,5,10
8460,8400,52,5,10
8461,8861,61,2,5
8462,5986,61,3,10
8463,3770,29,5,15
8464,2539,25,3,0
8465,4151,19,5,5
8466,9456,79,1,0
8467,9378,92,4,20
8468,6854,24,1,0
8469,3903,63,3,20
8470,7021,37,5,20
8471,7408,96,2,0
8472,6180,64,5,15
8473,2748,26,5,10
8474,2497,66,1,20
8475,2838,51,5,10
8476,4735,75,1,0
8477,1220,95,1,5
8478,8592,2,1,5
8479,1562,73,2,10
8480,4750,52,2,5
8481,968,22,5,15
8482,3733,74,5,10
8483,9608,74,2,15
8484,4995,6,2,5
8485,9941,21,1,5
8486,2483,68,2,20
8487,692,53,5,10
8488,645,8,3,0
8489,5353,50,2,20
8490,3595,47,1,5
8491,21,30,5,20
8492,5022,73,2,0
8493,1104,25,2,0
8494,3353,40,2,5
8495,8893,74,5,10
8496,1551,71,2,10
8497,3680,17,3,15
8498,5559,2,5,10
8499,8998,38,4,10
8500,5897,47,4,20
8501,9686,92,1,5
8502,3193,52,3,10
8503,5207,32,1,10
8504,7832,40,2,10
8505,7676,76,4,10
8506,6865,38,2,5
8507,7778,27,2,5
8508,9567,79,5,15
8509,898,36,2,5
8510,989,83,4,0
8511,1483,20,1,15
8512,149,35,2,15
8513,9405,54,3,0
8514,9150,37,2,5
8515,7572,17,3,0
8516,7394,40,5,0
8517,7232,71,2,15
8518,6748,78,5,0
8519,7877,88,1,15
8520,4705,19,1,15
8521,4140,29,4,10
8522,1192,86,4,15
8523,8042,66,3,5
8524,5992,16,1,20
8525,1454,56,3,20
8526,8955,62,5,15
8527,1257,9,5,15
8528,7815,34,4,15
8529,5588,28,1,15
8530,2420,85,4,20
8531,7872,6,4,15
8532,9337,79,5,10
8533,5752,11,3,10
8534,978,32,2,20
8535,2441,56,2,10
8536,7435,43,2,15
8537,6728,52,5,0
8538,2667,72,5,10
8539,6711,13,3,10
8540,5193,35,3,0
8541,1840,94,4,10
8542,5212,100,5,10
8543,8444,28,5,20
8544,2486,12,3,15
8545,262,76,3,15
8546,5023,49,2,20
8547,5815,52,4,5
8548,3516,1,5,10
8549,5268,36,3,5
8550,6744,100,3,10
8551,9555,29,4,10
8552,7935,75,1,20
8553,8277,61,4,20
8554,8979,100,2,20
8555,4432,75,1,15
8556,9518,63,1,10
8557,7169,90,4,5
8558,9193,76,3,20
8559,483,51,2,5
8560,5515,94,1,20
8561,6895,19,4,10
8562,7673,63,5,20
8563,872,74,2,15
8564,7464,49,4,0
8565,7491,59,2,0
8566,389,22,2,0
8567,3866,78,1,5
8568,816,3,1,10
8569,5183,5,1,15
8570,2219,37,3,10
8571,2,4,5,0
8572,3736,60,2,5
8573,4969,59,2,10
8574,2463,39,2,0
8575,5769,52,5,15
8576,324,41,5,0
8577,9200,19,2,0
8578,476,52,4,20
8579,9872,23,5,10
8580,6435,26,5,10
8581,5515,44,4,10
8582,2823,19,4,0
8583,8723,15,4,10
8584,9849,60,1,0
8585,1509,74,1,20
8586,691,36,4,20
8587,4900,75,1,10
8588,1429,48,5,10
8589,8472,67,5,5
8590,6111,65,1,5
8591,939,97,2,15
8592,2683,42,5,0
8593,1192,36,1,15
8594,8428,73,3,0
8595,6608,45,4,5
8596,1766,30,2,20
8597,5568,12,3,10
8598,2268,73,4,10
8599,2156,67,4,15
8600,7786,60,1,20
8601,734,23,2,5
8602,6206,72,2,20
8603,7314,68,1,20
8604,9308,59,1,15
8605,9547,40,4,5
8606,884,44,2,20
8607,1464,94,4,15
8608,5769,83,1,20
8609,6325,30,5,5
8610,8150,59,4,20
8611,9215,33,2,0
8612,1782,22,3,0
8613,8894,96,4,0
8614,4114,32,4,15
8615,8688,77,5,10
8616,8088,3,3,0
8617,1728,67,3,5
8618,5349,55,3,5
8619,3742,10,4,10
8620,2897,89,1,20
8621,7143,32,3,15
8622,1294,97,1,20
8623,7321,41,5,20
8624,6463,4,4,20
8625,6826,31,5,0
8626,2728,37,1,10
8627,7864,92,5,5
8628,6318,71,2,10
8629,8336,31,4,10
8630,1432,51,1,15
8631,1078,83,3,0
8632,3478,42,1,20
8633,5744,58,2,0
8634,15,80,4,10
8635,6748,47,2,10
8636,8525,30,3,20
8637,3148,85,1,0
8638,5071,48,1,15
8639,5075,41,2,5
8640,4908,91,5,10
8641,6679,76,2,10
8642,211,14,2,20
8643,5565,77,5,15
8644,4305,54,5,10
8645,8535,2,5,10
8646,2246,20,5,5
8647,4937,66,4,10
8648,3106,19,2,15
8649,2707,84,5,20
8650,2708,41,5,20
8651,5423,83,3,0
8652,1579,98,3,0
8653,6164,67,3,0
8654,227,98,1,15
8655,7765,77,3,15
8656,1568,74,5,0
8657,2472,5,1,0
8658,1768,56,2,20
8659,3063,89,1,10
8660,6083,95,4,10
8661,1899,77,5,0
8662,3794,75,4,0
8663,7841,96,1,10
8664,2314,23,1,0
8665,5385,53,1,5
8666,1645,77,5,20
8667,7874,89,3,5
8668,5951,33,4,0
8669,7218,69,5,5
8670,5967,80,5,10
8671,4460,59,2,10
8672,1614,17,1,5
8673,333,71,4,10
8674,5251,1,5,20
8675,225,62,1,0
8676,4952,28,1,10
8677,8891,39,4,0
8678,6562,28,3,10
8679,1970,41,1,5
8680,6364,13,2,10
8681,544,26,4,0
8682,2023,24,4,20
8683,2971,59,1,20
8684,1682,63,4,0
8685,2695,88,3,0
8686,2149,89,4,5
8687,5296,99,4,20
8688,8909,59,5,10
8689,5587,21,5,20
8690,1546,5,1,15
8691,2233,77,1,15
8692,9833,56,4,0
8693,8711,25,2,5
8694,8896,59,5,5
8695,5802,1,5,5
8696,4852,5,1,0
8697,7684,6,3,15
8698,6572,37,1,0
8699,4082,84,5,0
8700,6154,7,4,0
8701,3153,19,4,0
8702,3068,33,3,5
8703,3667,58,3,20
8704,5671,54,5,20
8705,9336,56,5,5
8706,7885,29,3,15
8707,705,57,2,10
8708,7096,24,3,20
8709,9860,75,4,20
8710,8479,73,4,20
8711,6883,17,1,10
8712,5474,4,4,15
8713,2295,66,2,5
8714,6367,2,5,5
8715,5526,22,2,5
8716,9722,11,5,20
8717,8464,54,2,15
8718,7863,100,1,5
8719,9109,64,3,20
8720,9591,98,2,20
8721,3053,32,1,5
8722,1299,87,5,15
8723,9296,79,1,5
8724,3939,8,4,10
8725,5696,25,2,10
8726,1724,58,3,20
8727,6183,90,3,15
8728,8880,40,4,15
8729,1716,95,5,10
8730,7460,14,3,5
8731,9995,48,1,15
8732,1901,84,4,5
8733,4365,99,1,10
8734,4003,74,3,15
8735,7378,19,2,0
8736,3710,30,2,15
8737,1620,37,2,10
8738,5205,55,3,20
8739,6274,64,1,0
8740,5577,25,5,10
8741,7867,29,1,5
8742,3421,33,1,15
8743,187,39,4,5
8744,9552,7,4,0
8745,9897,44,1,0
8746,4553,18,4,10
8747,5964,83,2,15
8748,3841,47,3,0
8749,5445,64,1,0
8750,4069,53,2,5
8751,4233,77,2,20
8752,4472,90,3,15
8753,1418,48,5,15
8754,6739,89,5,20
8755,1306,38,5,20
8756,2165,44,1,10
8757,6665,11,4,0
8758,7839,10,2,5
8759,8063,15,3,15
8760,1770,11,5,10
8761,6378,31,1,15
8762,9218,7,4,15
8763,1383,25,1,5
8764,1875,17,5,20
8765,8483,59,3,15
8766,6210,67,2,10
8767,1675,95,4,0
8768,2191,94,2,10
8769,7001,92,1,0
8770,9422,18,4,5
8771,3371,77,2,0
8772,9524,5,4,10
8773,8528,83,2,5
8774,9199,30,1,0
8775,9447,35,4,5
8776,4960,68,1,20
8777,6830,75,3,10
8778,9531,84,4,0
8779,7159,87,5,20
8780,1324,35,5,0
8781,8997,71,5,20
8782,2073,9,2,0
8783,3300,96,1,20
8784,2858,88,4,5
8785,7040,26,4,10
8786,6773,61,3,15
8787,9627,50,3,10
8788,2949,5,5,10
8789,9078,20,2,15
8790,5206,1,3,10
8791,6909,42,4,15
8792,551,15,4,5
8793,9902,80,5,20
8794,5846,70,3,20
8795,1181,52,3,20
8796,4878,76,1,10
8797,4754,15,4,20
8798,6215,3,3,5
8799,5812,57,2,10
8800,9912,73,5,10
8801,194,28,1,20
8802,3391,65,5,5
8803,4265,35,5,0
8804,137,77,1,10
8805,4197,21,2,0
8806,9160,39,2,5
8807,3455,87,1,15
8808,4510,65,4,10
8809,5757,25,3,0
8810,2019,8,4,10
8811,9328,81,1,5
8812,6104,64,2,10
8813,9527,59,2,20
8814,971,39,4,15
8815,7268,38,4,10
8816,9919,32,2,10
8817,1784,49,3,20
8818,8377,62,3,5
8819,8091,84,1,0
8820,8393,79,4,5
8821,3667,78,5,10
8822,8473,59,5,20
8823,808,52,4,15
8824,5853,41,2,10
8825,8459,72,3,5
8826,525,32,3,15
8827,9030,55,4,5
8828,404,33,1,0
8829,852,80,3,5
8830,6147,45,4,15
8831,3266,64,2,20
8832,2991,53,5,15
8833,6311,10,2,20
8834,8873,35,3,0
8835,5104,17,3,5
8836,3789,54,1,5
8837,9042,56,5,0
8838,9110,66,4,15
8839,5181,64,5,15
8840,3262,48,5,10
8841,4770,53,2,10
8842,2855,65,3,5
8843,5752,61,3,15
8844,2559,7,4,15
8845,5590,20,4,5
8846,5405,92,5,15
8847,5300,46,2,20
8848,9259,66,1,0
8849,1308,64,4,20
8850,6396,51,4,15
8851,2042,42,4,5
8852,305,82,4,10
8853,9394,18,3,15
8854,7517,60,4,15
8855,9188,7,1,0
8856,2788,58,2,0
8857,3918,60,2,15
8858,5437,10,2,10
8859,5122,72,3,15
8860,9478,18,3,5
8861,4036,34,1,5
8862,1386,16,5,20
8863,992,52,3,5
8864,6999,80,4,15
8865,9471,37,3,15
8866,7632,37,5,5
8867,720,45,1,5
8868,1684,72,2,15
8869,3867,49,5,5
8870,1736,78,1,15
8871,7854,92,4,0
8872,487,68,4,15
8873,9439,98,3,15
8874,9858,32,5,0
8875,2092,72,2,20
8876,2300,60,5,0
8877,7709,68,5,10
8878,2875,61,5,15
8879,9430,1,2,0
8880,413,40,3,0
8881,2808,76,4,20
8882,9735,14,4,15
8883,1523,50,1,5
8884,7879,5,1,20
8885,1993,13,1,15
8886,3302,45,3,5
8887,8082,66,3,10
8888,1968,19,4,0
8889,44,48,2,20
8890,8774,27,3,20
8891,8897,58,4,20
8892,9964,95,3,0
8893,5686,97,4,15
8894,9712,57,5,0
8895,8293,56,5,10
8896,7629,53,2,10
8897,9443,74,4,15
8898,2711,97,2,5
8899,5014,50,1,15
8900,8382,73,1,15
8901,7810,11,1,5
8902,991,27,4,20
8903,7113,34,1,0
8904,8891,79,3,15
8905,4426,61,1,15
8906,9233,74,2,20
8907,8689,52,5,10
8908,8755,63,5,15
8909,4059,72,2,10
8910,6396,77,5,15
8911,1482,81,4,20
8912,5757,98,3,0
8913,3670,11,2,15
8914,7685,28,1,10
8915,2095,69,1,10
8916,9955,1,3,5
8917,6654,82,1,5
8918,9726,14,3,0
8919,6337,28,5,10
8920,5577,11,2,20
8921,5547,90,5,20
8922,1217,25,1,20
8923,9810,67,1,15
8924,1651,16,3,20
8925,8368,58,2,10
8926,8641,95,2,10
8927,3848,7,4,15
8928,4862,9,4,15
8929,1890,17,2,20
8930,8590,71,5,0
8931,3511,91,5,20
8932,8173,79,4,20
8933,8714,62,5,20
8934,9929,64,2,10
8935,3219,64,2,10
8936,3469,56,4,10
8937,2076,26,3,15
8938,3962,60,1,0
8939,8379,88,5,15
8940,3127,26,3,15
8941,1229,25,1,20
8942,5472,19,3,15
8943,1264,74,3,5
8944,5743,27,1,15
8945,7369,99,2,0
8946,8418,60,1,15
8947,3214,38,3,15
8948,8405,34,5,5
8949,9308,73,4,10
8950,1930,28,3,5
8951,2002,92,2,5
8952,4262,53,5,5
8953,9244,63,5,5
8954,7256,100,1,0
8955,2157,36,4,0
8956,979,12,1,5
8957,8352,31,2,5
8958,1370,11,2,20
8959,7359,78,4,10
8960,4179,44,2,15
8961,7015,86,5,15
8962,6261,88,2,10
8963,2459,66,2,5
8964,8002,56,4,5
8965,7355,66,5,5
8966,1453,29,1,15
8967,6900,62,1,5
8968,3338,89,4,20
8969,6720,71,5,10
8970,3673,26,5,5
8971,7019,96,3,10
8972,5102,90,5,5
8973,7272,32,5,10
8974,4236,71,1,15
8975,6515,13,3,20
8976,8499,61,1,0
8977,8440,95,2,20
8978,7098,65,2,20
8979,2086,40,3,20
8980,987,76,3,15
8981,2434,14,3,10
8982,6163,31,2,10
8983,2421,48,5,20
8984,8423,47,5,5
8985,1050,19,3,0
8986,2348,28,5,0
8987,4099,3,3,20
8988,773,77,5,15
8989,3848,12,2,5
8990,1767,85,2,10
8991,6786,100,5,0
8992,9626,50,2,10
8993,8232,78,2,15
8994,5580,74,3,10
8995,5717,61,1,0
8996,7563,22,4,20
8997,5787,28,5,20
8998,7625,34,3,15
8999,3479,56,3,0
9000,4115,77,2,20
9001,6611,37,1,0
9002,9160,100,1,0
9003,1329,85,2,20
9004,448,7,2,0
9005,456,57,5,15
9006,3995,49,4,20
9007,20,18,1,10
9008,1560,2,5,5
9009,3025,94,5,5
9010,1705,23,3,5
9011,9181,45,3,5
9012,430,98,2,20
9013,8194,10,2,10
9014,2177,71,2,5
9015,8501,68,2,20
9016,5523,41,4,20
9017,6886,62,5,15
9018,3287,94,1,5
9019,3776,46,5,20
9020,8570,87,4,0
9021,936,8,1,0
9022,4589,86,4,20
9023,3317,46,2,10
9024,1554,83,3,0
9025,7486,54,3,5
9026,3481,95,2,10
9027,7916,6,1,20
9028,1673,54,3,0
9029,9232,18,5,20
9030,886,52,3,0
9031,5743,18,4,0
9032,1544,84,2,15
9033,4523,1,1,5
9034,9744,99,4,15
9035,6843,35,2,10
9036,9805,92,3,10
9037,8057,53,4,0
9038,9577,20,2,10
9039,7439,70,2,5
9040,1944,94,2,5
9041,5674,70,5,0
9042,8183,52,1,5
9043,9610,95,2,15
9044,13,55,3,5
9045,6297,51,1,5
9046,1373,15,2,5
9047,7571,77,2,20
9048,1475,34,5,0
9049,2544,22,5,20
9050,3226,93,3,20
9051,7610,34,4,10
9052,4389,16,2,10
9053,259,36,2,20
9054,4244,24,5,20
9055,3844,31,3,0
9056,1328,46,5,5
9057,7792,96,1,5
9058,4181,81,3,5
9059,8553,48,5,5
9060,3603,38,3,15
9061,3745,91,2,5
9062,1492,10,1,20
9063,4155,62,1,0
9064,1159,64,2,5
9065,9316,49,2,0
9066,9682,84,1,0
9067,691,59,4,5
9068,3843,63,5,10
9069,5665,55,4,0
9070,2802,28,1,0
9071,7138,64,3,5
9072,552,20,1,5
9073,470,56,4,5
9074,2789,95,4,15
9075,3829,76,3,20
9076,4713,66,2,5
9077,8522,90,4,10
9078,6747,35,1,5
9079,6369,54,2,0
9080,5532,76,4,20
9081,3601,100,2,20
9082,2484,30,2,0
9083,7866,61,4,5
9084,7080,96,3,20
9085,3889,27,3,10
9086,6467,71,1,15
9087,5624,84,3,15
9088,5236,72,4,20
9089,772,49,4,20
9090,6192,49,1,20
9091,6382,84,5,10
9092,423,62,3,15
9093,6869,27,5,15
9094,2858,29,2,20
9095,9055,35,1,0
9096,1179,60,5,10
9097,8780,1,3,20
9098,6058,54,4,0
9099,3573,41,4,5
9100,3157,87,5,0
9101,2523,44,3,10
9102,7878,71,1,15
9103,9693,37,4,5
9104,2464,86,5,10
9105,1918,36,4,15
9106,5071,59,1,5
9107,3340,60,3,15
9108,1763,80,1,10
9109,3011,36,3,15
9110,2070,95,3,0
9111,6978,92,4,10
9112,9443,60,3,20
9113,9918,80,3,20
9114,3774,73,4,0
9115,4352,65,2,0
9116,8408,18,1,0
9117,8947,16,3,20
9118,6109,5,4,0
9119,9201,57,5,20
9120,6983,32,3,10
9121,381,53,1,20
9122,9187,23,3,15
9123,9677,17,2,5
9124,8128,69,2,0
9125,9487,80,1,15
9126,9362,23,2,20
9127,3311,94,5,20
9128,9761,92,1,20
9129,5766,97,3,5
9130,2656,62,4,15
9131,7762,5,3,10
9132,824,27,4,0
9133,8772,10,5,15
9134,2341,40,4,15
9135,6686,88,3,20
9136,128,44,2,10
9137,9755,84,4,10
9138,7190,33,3,10
9139,1257,8,1,10
9140,9333,72,3,10
9141,5914,45,3,10
9142,6797,18,2,5
9143,1139,59,5,0
9144,4505,89,1,0
9145,8511,83,4,10
9146,3111,92,3,15
9147,1224,53,1,15
9148,244,19,5,15
9149,2930,64,2,0
9150,2191,74,3,10
9151,5573,88,3,15
9152,9452,96,4,5
9153,7060,12,3,5
9154,4404,40,5,5
9155,4183,13,4,10
9156,8107,21,2,0
9157,9105,79,4,0
9158,2287,83,4,20
9159,4625,36,4,10
9160,5932,12,4,5
9161,7739,18,2,10
9162,2197,87,2,20
9163,2411,26,5,20
9164,2533,43,4,10
9165,9063,33,4,15
9166,3247,62,4,20
9167,2524,68,4,10
9168,2513,82,3,20
9169,4588,26,4,5
9170,6061,73,1,20
9171,1044,45,5,0
9172,8221,99,3,20
9173,9666,36,4,15
9174,6279,81,2,15
9175,3692,70,4,5
9176,4295,71,5,15
9177,3123,41,5,5
9178,2974,15,4,20
9179,3721,29,4,10
9180,3081,52,1,10
9181,3335,22,4,20
9182,6077,28,4,15
9183,8391,70,2,10
9184,891,79,1,20
9185,4353,81,1,5
9186,2670,75,3,10
9187,7432,3,2,10
9188,9027,78,5,5
9189,1433,76,2,15
9190,5057,79,5,5
9191,9064,97,5,20
9192,2638,12,4,10
9193,4680,80,3,10
9194,8328,51,4,5
9195,9385,17,1,0
9196,2292,15,5,15
9197,1099,67,4,5
9198,505,8,1,0
9199,2253,77,2,15
9200,1797,69,2,5
9201,239,75,3,10
9202,6242,96,4,10
9203,354,63,3,0
9204,4401,52,1,5
9205,2056,33,4,0
9206,4592,11,1,15
9207,8110,27,5,15
9208,5020,44,1,15
9209,8178,56,1,10
9210,6643,98,1,0
9211,7448,100,4,15
9212,9359,49,5,5
9213,1323,15,1,20
9214,9101,99,5,20
9215,3216,89,5,15
9216,3136,73,3,5
9217,7501,28,4,15
9218,4917,13,2,0
9219,4427,99,3,0
9220,4286,59,3,10
9221,2247,34,2,20
9222,3732,57,2,20
9223,38,94,1,15
9224,2010,85,2,15
9225,5200,100,5,0
9226,925,56,1,20
9227,3345,43,3,10
9228,9920,56,5,10
9229,4584,60,1,0
9230,7742,84,5,5
9231,3962,98,3,20
9232,5490,42,1,0
9233,7436,22,3,10
9234,6090,59,1,5
9235,8083,87,5,20
9236,3010,89,5,5
9237,1851,40,4,15
9238,2127,21,5,20
9239,8530,73,5,5
9240,4602,23,5,0
9241,3242,13,1,20
9242,4722,55,1,15
9243,5709,74,2,15
9244,5150,73,5,5
9245,8417,81,4,20
9246,8762,98,5,10
9247,9178,70,2,20
9248,1947,67,5,20
9249,6452,50,4,5
9250,7193,15,5,10
9251,407,86,5,0
9252,5095,55,2,10
9253,8839,8,5,0
9254,5964,82,4,20
9255,1251,56,2,5
9256,9686,24,5,5
9257,8598,12,1,20
9258,6354,22,3,5
9259,8712,3,1,0
9260,8285,7,2,20
9261,6442,43,1,5
9262,589,50,4,15
9263,5510,84,3,15
9264,5565,13,5,10
9265,2172,26,5,0
9266,5027,79,1,0
9267,6597,52,4,5
9268,2261,17,3,20
9269,1796,56,1,5
9270,2464,27,4,15
9271,9537,81,5,10
9272,5785,8,3,10
9273,9664,46,2,5
9274,2153,33,5,20
9275,6359,60,5,10
9276,2621,19,1,10
9277,8278,45,5,5
9278,8056,61,3,0
9279,3803,1,5,5
9280,7946,30,2,20
9281,7739,22,5,0
9282,4897,8,2,5
9283,7156,65,1,20
9284,1982,37,4,5
9285,5270,43,1,15
9286,7031,55,3,10
9287,763,62,5,0
9288,3964,99,4,0
9289,5485,61,1,0
9290,3788,22,4,5
9291,3834,41,4,15
9292,2690,81,3,15
9293,9149,28,2,0
9294,6220,68,3,10
9295,5717,51,3,10
9296,2554,7,1,5
9297,3260,22,1,10
9298,8022,99,2,15
9299,1733,90,5,10
9300,663,23,1,15
9301,1830,23,4,15
9302,8132,15,5,0
9303,945,13,4,10
9304,6393,6,5,5
9305,8809,18,1,20
9306,2757,57,2,15
9307,5782,85,4,10
9308,5955,23,5,5
9309,2929,63,4,15
9310,3899,27,1,5
9311,2880,73,2,0
9312,9030,38,5,10
9313,1476,88,1,0
9314,6600,4,5,20
9315,6174,83,2,0
9316,7111,38,5,10
9317,2888,3,2,15
9318,8566,10,5,5
9319,3070,42,2,10
9320,4989,69,3,5
9321,1678,64,2,15
9322,9060,17,1,10
9323,5451,53,4,0
9324,9503,18,1,0
9325,2976,34,5,10
9326,5012,15,4,0
9327,5772,37,3,5
9328,9601,49,1,20
9329,9703,4,4,20
9330,3119,9,3,5
9331,3906,33,5,20
9332,3208,88,4,5
9333,6754,76,5,10
9334,1620,74,1,5
9335,3059,2,3,20
9336,5312,28,4,10
9337,8704,47,5,0
9338,4299,68,2,15
9339,6507,82,3,5
9340,3203,85,2,15
9341,9478,27,5,0
9342,9847,15,3,15
9343,2932,4,1,20
9344,706,80,1,5
9345,5975,59,2,15
9346,8766,22,1,0
9347,5403,52,4,5
9348,3458,66,1,15
9349,6300,43,2,10
9350,6748,95,4,0
9351,5618,96,3,5
9352,4826,25,3,5
9353,5940,52,3,0
9354,2283,97,4,15
9355,1338,41,2,10
9356,5149,43,4,10
9357,114,38,3,20
9358,2610,62,1,0
9359,733,85,5,5
9360,7895,73,1,20
9361,7422,74,5,0
9362,4307,9,5,15
9363,5972,55,4,5
9364,8979,47,4,10
9365,8520,71,1,0
9366,1934,86,2,10
9367,3967,79,1,10
9368,3571,24,1,10
9369,9788,50,2,15
9370,472,38,1,5
9371,4681,45,1,15
9372,1391,76,3,20
9373,4504,41,2,20
9374,3868,96,1,10
9375,3750,31,5,20
9376,6738,2,1,0
9377,6141,23,5,5
9378,3072,57,3,5
9379,4521,73,3,20
9380,7914,46,4,15
9381,5061,92,3,5
9382,6601,27,2,5
9383,5268,91,1,5
9384,2367,89,3,15
9385,7414,62,5,0
9386,8191,81,2,5
9387,2061,51,3,15
9388,1329,11,3,0
9389,8448,62,2,10
9390,8106,59,4,20
9391,5029,20,4,10
9392,9506,60,5,20
9393,5072,30,4,5
9394,563,9,4,0
9395,1847,10,3,5
9396,4049,8,5,0
9397,9121,30,4,5
9398,6225,8,2,10
9399,6548,26,1,15
9400,8437,79,1,5
9401,4060,52,4,5
9402,9695,55,2,15
9403,9491,75,4,20
9404,2002,93,4,20
9405,7369,96,1,0
9406,1668,59,3,10
9407,3317,69,5,5
9408,2161,20,1,20
9409,7762,40,1,5
9410,8341,19,2,0
9411,6603,35,2,0
9412,3616,46,5,0
9413,1278,71,1,20
9414,1204,3,2,0
9415,821,45,1,5
9416,5250,32,5,0
9417,2706,88,1,10
9418,4681,54,5,15
9419,9871,46,3,20
9420,4034,89,4,15
9421,5505,34,3,10
9422,2737,100,1,20
9423,151,71,3,20
9424,5560,38,3,20
9425,7111,31,3,20
9426,7923,9,5,5
9427,2966,76,3,0
9428,6444,85,1,20
9429,1754,7,5,20
9430,8210,40,3,5
9431,7821,54,1,20
9432,8870,91,5,0
9433,2846,34,2,15
9434,4370,28,3,0
9435,8613,34,2,10
9436,3573,42,1,10
9437,8389,15,3,20
9438,5739,30,5,15
9439,8349,26,1,20
9440,5990,76,2,10
9441,3942,36,4,5
9442,7982,17,3,15
9443,7275,26,1,15
9444,3812,71,3,10
9445,6251,9,5,0
9446,8845,8,4,5
9447,5023,21,3,20
9448,7763,78,4,15
9449,2661,49,2,10
9450,8027,54,2,5
9451,9297,64,5,5
9452,4574,66,5,0
9453,9014,18,3,10
9454,5939,30,4,5
9455,4605,99,2,0
9456,910,78,2,20
9457,9815,53,5,10
9458,2554,69,1,15
9459,613,62,4,0
9460,8531,68,1,10
9461,8681,41,5,5
9462,2421,59,5,5
9463,5926,51,2,10
9464,5866,76,1,15
9465,5431,40,2,10
9466,6663,60,1,20
9467,8041,30,5,20
9468,3366,81,5,0
9469,1504,98,2,20
9470,1509,14,1,0
9471,9181,5,1,5
9472,8391,83,1,10
9473,2331,2,4,5
9474,5571,64,2,10
9475,4055,38,3,0
9476,4145,91,5,20
9477,491,23,1,15
9478,7296,23,1,15
9479,4627,39,4,5
9480,2294,61,4,10
9481,4061,74,1,0
9482,7740,24,2,20
9483,3797,99,4,10
9484,1961,75,5,5
9485,8359,98,4,0
9486,4175,68,3,20
9487,5688,78,2,20
9488,9243,64,5,15
9489,2477,49,1,20
9490,7092,75,4,0
9491,6545,68,4,15
9492,5635,34,1,0
9493,8450,38,4,15
9494,2737,76,4,10
9495,9389,33,5,15
9496,1523,52,1,15
9497,1311,99,1,5
9498,7181,56,2,0
9499,9669,7,1,10
9500,7990,29,1,10
9501,5876,19,2,0
9502,9651,13,2,10
9503,3441,94,4,10
9504,7935,38,4,15
9505,6147,49,3,10
9506,2390,8,5,20
9507,6543,49,4,10
9508,5639,8,4,0
9509,8107,26,1,20
9510,1032,40,3,5
9511,1174,4,2,0
9512,9646,95,1,0
9513,6493,61,3,10
9514,3436,49,1,20
9515,3691,42,2,20
9516,5283,66,2,10
9517,212,56,5,10
9518,9093,72,5,5
9519,8522,94,1,5
9520,5475,100,2,10
9521,6568,24,3,15
9522,669,24,1,15
9523,7350,8,2,10
9524,3315,70,2,15
9525,9514,64,4,20
9526,1637,3,5,20
9527,2960,85,2,0
9528,9199,78,4,20
9529,5971,65,2,10
9530,1030,61,3,20
9531,1716,35,3,10
9532,9350,22,3,5
9533,4886,54,1,10
9534,8868,93,1,0
9535,9683,41,2,5
9536,6751,14,2,15
9537,7193,41,2,10
9538,2999,33,3,20
9539,1355,19,3,5
9540,6219,69,3,20
9541,6934,88,3,5
9542,3154,15,1,10
9543,6118,98,5,5
9544,9451,89,2,0
9545,8118,62,1,20
9546,3227,77,3,10
9547,99,56,2,10
9548,1597,49,1,20
9549,8321,40,1,10
9550,5984,89,3,20
9551,3103,7,2,20
9552,7143,8,4,10
9553,6130,12,2,20
9554,1921,17,1,20
9555,4455,8,4,15
9556,6643,64,2,20
9557,518,38,5,0
9558,7336,71,2,10
9559,3595,25,4,0
9560,6595,1,4,5
9561,1022,23,3,20
9562,3901,50,4,20
9563,2450,87,3,0
9564,6324,98,2,20
9565,3793,37,4,15
9566,1086,14,4,10
9567,5917,30,5,15
9568,6617,60,5,20
9569,9738,58,4,10
9570,4643,27,2,0
9571,2722,41,3,15
9572,6144,49,1,20
9573,380,3,4,20
9574,3678,88,4,15
9575,2771,24,3,0
9576,5035,81,1,20
9577,8832,92,1,0
9578,2415,41,1,15
9579,8774,42,2,15
9580,3520,92,2,10
9581,79,24,1,15
9582,7809,93,2,5
9583,8976,17,4,20
9584,1722,33,4,20
9585,6353,100,4,15
9586,7691,11,3,20
9587,8625,32,5,15
9588,5035,71,5,15
9589,8532,89,5,15
9590,3212,65,1,5
9591,9288,35,4,10
9592,8033,54,1,5
9593,4477,76,1,5
9594,5051,53,5,0
9595,2681,47,5,15
9596,8763,12,4,15
9597,4956,2,1,15
9598,4376,71,5,0
9599,9728,90,1,0
9600,3587,4,2,20
9601,7933,89,5,5
9602,3221,21,1,15
9603,7191,91,1,10
9604,6992,98,4,0
9605,3148,98,1,5
9606,8373,53,5,0
9607,4075,96,2,0
9608,4585,64,3,5
9609,5665,24,5,10
9610,3709,92,5,15
9611,3199,24,2,5
9612,1163,62,1,10
9613,790,57,3,15
9614,9057,2,3,15
9615,9239,83,5,10
9616,1057,21,4,10
9617,2094,72,5,15
9618,9292,58,1,10
9619,3865,19,4,20
9620,6305,54,4,20
9621,995,15,4,20
9622,6329,89,1,20
9623,1633,91,3,15
9624,6219,18,2,5
9625,1419,34,4,0
9626,1688,95,5,10
9627,2117,53,4,10
9628,3074,26,1,15
9629,7209,58,2,20
9630,5292,37,3,15
9631,5442,46,4,20
9632,2242,42,3,5
9633,7675,86,4,0
9634,9216,98,3,10
9635,1276,56,5,15
9636,7975,6,1,0
9637,9117,35,5,10
9638,5860,56,3,20
9639,591,29,3,15
9640,7173,95,4,0
9641,1212,45,4,10
9642,912,41,5,15
9643,3470,40,2,5
9644,2953,46,2,20
9645,6411,15,5,0
9646,7295,99,2,0
9647,4123,30,1,20
9648,573,94,2,0
9649,6565,66,1,20
9650,3545,55,5,0
9651,2123,33,5,20
9652,7542,13,2,15
9653,3520,72,5,15
9654,2518,33,1,0
9655,2259,39,2,5
9656,4212,1,3,0
9657,4358,74,1,0
9658,4087,69,1,20
9659,1176,83,5,0
9660,3804,61,5,15
9661,2453,36,1,15
9662,4172,24,2,15
9663,5195,33,5,20
9664,5628,15,1,0
9665,18,17,1,0
9666,3613,86,2,10
9667,667,58,5,0
9668,4332,23,4,15
9669,4054,23,4,10
9670,9286,25,3,20
9671,7764,42,3,5
9672,5337,85,3,20
9673,8121,70,4,20
9674,9581,56,2,5
9675,3848,67,4,15
9676,4927,23,5,15
9677,4275,81,2,5
9678,4599,40,1,15
9679,5738,27,5,15
9680,7908,60,3,5
9681,6763,18,1,0
9682,2322,63,2,10
9683,9028,95,1,0
9684,7223,89,5,0
9685,2449,38,4,10
9686,6702,62,1,15
9687,7925,5,2,0
9688,4305,62,3,10
9689,5176,5,1,10
9690,9059,82,2,5
9691,4508,85,4,20
9692,9241,29,1,20
9693,4415,43,4,10
9694,4629,25,1,15
9695,918,55,4,20
9696,3230,50,4,15
9697,277,88,4,20
9698,7028,67,4,20
9699,2064,100,5,15
9700,3964,92,1,20
9701,2804,42,2,20
9702,577,3,3,10
9703,3617,9,4,15
9704,121,35,1,10
9705,9220,19,2,5
9706,4140,7,4,15
9707,6885,3,4,10
9708,736,49,3,15
9709,2628,60,5,20
9710,6967,53,2,20
9711,180,1,2,5
9712,1703,25,4,10
9713,8704,89,4,20
9714,781,60,4,15
9715,7284,57,3,20
9716,3946,15,2,0
9717,2367,76,4,20
9718,5925,43,2,20
9719,7008,34,5,20
9720,3561,76,5,20
9721,6687,16,1,5
9722,9651,46,3,10
9723,3770,37,1,10
9724,4387,85,1,15
9725,3026,42,3,20
9726,920,66,1,15
9727,8275,52,5,15
9728,7817,87,2,20
9729,8741,59,2,15
9730,454,47,1,0
9731,31,87,2,10
9732,3471,46,5,5
9733,5366,18,3,20
9734,1002,7,1,20
9735,7094,25,1,20
9736,675,100,1,20
9737,8709,93,4,5
9738,3236,94,1,15
9739,6390,45,5,5
9740,7416,28,3,0
9741,1497,5,2,20
9742,688,2,4,0
9743,9785,43,5,15
9744,3265,1,1,20
9745,2955,39,3,0
9746,9151,80,2,5
9747,4575,69,2,5
9748,2833,38,4,0
9749,5711,84,3,0
9750,5223,12,3,5
9751,8406,47,3,20
9752,9501,46,5,20
9753,7212,94,1,0
9754,6710,82,5,0
9755,2067,16,2,20
9756,6933,70,4,0
9757,1690,93,5,5
9758,9256,40,5,15
9759,5252,19,4,0
9760,2364,75,1,10
9761,2590,37,1,20
9762,2868,64,3,15
9763,1725,79,5,0
9764,6948,40,3,5
9765,3382,82,4,5
9766,397,78,1,0
9767,9678,5,4,5
9768,9822,93,1,5
9769,9974,7,3,0
9770,217,83,3,0
9771,6399,30,2,0
9772,4600,60,4,15
9773,3320,3,1,20
9774,1700,52,3,15
9775,1222,79,1,10
9776,9201,89,3,5
9777,637,67,5,15
9778,7629,33,4,5
9779,1272,95,5,10
9780,5626,99,2,5
9781,7019,17,1,20
9782,145,25,4,0
9783,6366,43,3,5
9784,8328,38,3,0
9785,2114,56,2,5
9786,6852,24,2,15
9787,6832,27,3,10
9788,9232,50,2,15
9789,3351,48,2,10
9790,2053,90,2,15
9791,7505,34,5,0
9792,7941,55,4,15
9793,764,99,5,15
9794,5232,40,3,20
9795,2720,82,3,10
9796,4656,74,3,0
9797,7422,56,3,5
9798,4874,97,5,5
9799,2994,62,2,20
9800,4210,69,5,15
9801,6869,10,1,0
9802,5177,80,3,20
9803,2326,61,1,15
9804,9782,5,5,15
9805,1832,28,1,20
9806,7562,20,5,10
9807,8395,7,2,0
9808,8513,21,1,15
9809,4790,50,1,5
9810,8639,67,2,15
9811,8479,47,4,20
9812,6727,5,1,10
9813,8570,2,3,5
9814,3526,97,5,20
9815,9018,88,1,20
9816,7048,75,4,15
9817,5472,1,3,10
9818,6906,35,2,0
9819,8089,64,2,0
9820,7651,85,5,0
9821,3070,70,2,15
9822,3682,73,5,0
9823,9479,100,5,20
9824,8376,98,5,10
9825,3696,62,4,10
9826,7318,92,4,20
9827,3395,4,3,10
9828,1178,5,3,20
9829,3554,63,5,10
9830,9840,66,4,0
9831,997,48,3,5
9832,5895,10,5,20
9833,7132,84,5,20
9834,830,88,3,10
9835,288,63,4,20
9836,8843,34,2,20
9837,9376,48,1,20
9838,1664,69,1,10
9839,8657,85,2,10
9840,729,99,2,15
9841,5791,20,5,15
9842,9376,5,3,20
9843,7348,29,1,15
9844,7241,63,5,0
9845,792,69,5,0
9846,4012,6,3,15
9847,5579,35,1,0
9848,153,26,1,15
9849,9587,78,4,5
9850,1261,94,2,20
9851,2884,26,5,0
9852,6588,47,1,10
9853,2165,81,3,5
9854,2415,78,3,5
9855,2503,67,3,0
9856,6974,38,3,5
9857,3831,70,3,10
9858,2657,39,4,20
9859,4292,14,5,15
9860,3313,43,4,0
9861,8791,70,2,20
9862,6078,27,2,5
9863,3312,98,1,20
9864,5699,16,2,0
9865,5402,35,5,15
9866,8871,85,5,15
9867,691,68,4,10
9868,6314,63,3,0
9869,154,87,4,0
9870,4399,28,3,15
9871,4058,9,1,20
9872,2510,31,2,0
9873,1793,16,3,0
9874,8503,24,3,20
9875,6875,83,1,0
9876,4866,11,4,5
9877,5883,43,3,15
9878,8254,68,3,0
9879,4621,45,4,10
9880,7850,31,3,10
9881,9186,59,5,10
9882,8170,50,4,0
9883,6331,29,3,10
9884,8185,59,5,20
9885,7326,31,2,0
9886,1354,74,4,10
9887,7350,48,2,0
9888,4806,42,2,15
9889,859,64,3,15
9890,1609,28,1,10
9891,3560,75,4,20
9892,2473,53,1,20
9893,2094,68,2,15
9894,9885,95,2,0
9895,7241,86,3,0
9896,4282,57,3,15
9897,979,100,5,15
9898,4996,88,1,10
9899,2037,64,3,10
9900,507,13,1,10
9901,9831,46,5,5
9902,1178,71,3,15
9903,1196,77,4,10
9904,1420,52,3,10
9905,7326,69,3,20
9906,9378,39,3,5
9907,7573,97,4,5
9908,1367,96,1,20
9909,9284,90,4,10
9910,9064,99,3,10
9911,2741,6,5,10
9912,9187,88,1,5
9913,9377,90,3,0
9914,9928,2,3,15
9915,7290,16,5,15
9916,7780,30,1,20
9917,5876,96,4,5
9918,6202,23,2,20
9919,2949,35,1,10
9920,1451,31,3,0
9921,1365,60,3,20
9922,7572,14,2,15
9923,4247,10,2,10
9924,4403,16,5,20
9925,5595,3,5,0
9926,6533,35,5,15
9927,7758,26,5,15
9928,9197,49,3,0
9929,7382,74,2,20
9930,5807,100,2,10
9931,2360,88,4,10
9932,7423,2,3,15
9933,5390,58,1,15
9934,3685,82,4,15
9935,1097,47,4,20
9936,7249,23,5,5
9937,35,51,1,20
9938,9355,92,5,0
9939,2905,3,5,5
9940,8283,22,5,15
9941,3407,48,3,5
9942,2796,43,5,15
9943,8975,67,4,0
9944,2254,18,1,5
9945,4344,33,4,10
9946,1687,95,4,0
9947,6232,49,5,10
9948,5538,73,3,20
9949,3409,97,1,15
9950,4500,12,2,20
9951,9623,16,3,10
9952,4256,90,2,5
9953,8354,75,4,10
9954,3455,95,3,15
9955,6565,20,5,15
9956,1593,10,4,0
9957,3890,79,4,0
9958,9073,25,5,20
9959,2083,9,4,15
9960,2531,91,2,10
9961,1189,49,3,15
9962,7779,26,5,15
9963,9062,92,1,10
9964,7145,9,1,15
9965,2702,16,4,10
9966,6863,24,4,20
9967,2415,27,2,20
9968,3592,94,2,0
9969,2426,40,4,15
9970,6146,64,4,5
9971,7178,74,5,20
9972,9696,3,1,20
9973,4991,91,2,20
9974,4561,72,3,0
9975,6039,89,5,15
9976,9737,71,1,5
9977,2153,22,1,5
9978,4671,73,3,10
9979,3195,87,2,20
9980,9300,4,2,5
9981,5473,28,4,0
9982,5108,36,2,20
9983,144,45,1,10
9984,8268,76,3,5
9985,7346,62,5,5
9986,4787,8,3,15
9987,6861,46,1,10
9988,7117,84,2,20
9989,2854,90,5,5
9990,3762,22,4,15
9991,8788,5,5,15
9992,6415,26,1,10
9993,2599,82,4,0
9994,7267,57,4,15
9995,4720,56,4,5
9996,630,25,3,15
9997,6214,8,5,10
9998,4474,49,5,15
9999,8910,75,3,10
10000,802,7,3,15
10001,6768,20,4,5
10002,5983,58,5,20
10003,7972,53,1,15
10004,9114,19,5,15
10005,9189,79,5,0
10006,9247,19,5,0
10007,53,65,4,0
10008,7996,81,4,20
10009,2521,15,3,15
10010,5264,66,5,15
10011,9017,3,2,5
10012,6954,30,3,15
10013,1736,36,1,0
10014,3831,51,2,0
10015,8071,57,4,5
10016,6352,1,1,20
10017,3774,47,4,20
10018,4521,16,4,0
10019,8826,62,1,0
10020,4255,47,1,15
10021,5891,72,1,10
10022,6469,73,3,15
10023,5388,48,3,5
10024,6216,90,4,15
10025,6491,33,1,10
10026,5888,59,1,20
10027,1143,80,1,15
10028,9946,72,3,10
10029,1268,60,3,5
10030,8561,71,1,20
10031,501,33,1,0
10032,9709,43,4,5
10033,9225,39,3,10
10034,3634,20,2,0
10035,8085,85,5,10
10036,1459,44,1,15
10037,6743,13,4,10
10038,9331,56,2,0
10039,3372,53,3,5
10040,9501,51,2,0
10041,9933,64,4,10
10042,864,25,5,5
10043,2398,60,2,15
10044,6131,9,3,5
10045,1559,33,3,10
10046,7209,67,1,15
10047,8655,76,4,10
10048,5730,19,1,20
10049,6453,23,1,15
10050,6231,56,5,10
10051,2202,10,4,0
10052,188,86,1,0
10053,8915,68,5,10
10054,7566,91,3,15
10055,9192,51,2,0
10056,8292,84,1,20
10057,1787,82,4,5
10058,6437,5,2,0
10059,9397,93,4,5
10060,8994,55,5,15
10061,820,33,3,0
10062,9863,86,5,20
10063,8139,45,4,0
10064,7103,15,5,10
10065,1583,49,5,20
10066,6852,23,1,10
10067,3482,82,4,20
10068,8448,12,3,20
10069,1543,38,1,0
10070,8830,89,5,5
10071,6366,97,3,5
10072,5931,58,3,15
10073,9780,5,4,20
10074,2798,26,5,10
10075,4914,92,5,0
10076,4197,68,4,5
10077,4467,2,3,15
10078,1102,60,5,20
10079,5592,59,3,5
10080,9655,34,4,5
10081,4702,26,1,10
10082,2940,2,5,5
10083,5966,66,1,5
10084,9670,71,2,10
10085,1437,100,4,5
10086,8768,11,4,15
10087,3048,95,4,20
10088,6161,52,3,0
10089,90,7,1,5
10090,8303,30,3,10
10091,2709,8,4,5
10092,1092,3,5,5
10093,7947,3,5,20
10094,109,44,2,15
10095,8083,80,5,20
10096,5242,9,5,15
10097,5880,20,5,10
10098,5081,43,3,0
10099,6265,36,5,15
10100,7673,56,5,20
10101,7701,76,5,0
10102,3482,19,2,20
10103,4895,72,1,20
10104,5326,2,1,0
10105,1622,99,3,20
10106,6353,77,2,10
10107,4387,11,5,20
10108,9362,27,2,0
10109,9825,72,5,20
10110,4049,55,3,20
10111,5366,41,2,5
10112,6158,54,2,15
10113,4251,26,4,15
10114,1209,41,4,20
10115,9646,73,2,15
10116,753,25,5,15
10117,2299,51,2,0
10118,7636,65,5,5
10119,9908,27,1,10
10120,5056,72,4,20
10121,5108,60,4,20
10122,3929,19,3,15
10123,2986,49,1,10
10124,4660,100,5,0
10125,2219,46,2,5
10126,8650,6,2,20
10127,572,73,5,20
10128,22,20,3,5
10129,6017,19,2,10
10130,9060,37,4,0
10131,2402,34,3,20
10132,7919,62,5,15
10133,2893,56,5,10
10134,6732,41,3,0
10135,5882,89,2,20
10136,4583,31,1,10
10137,4835,32,3,5
10138,4511,54,3,10
10139,2604,21,1,5
10140,4724,72,1,10
10141,4078,94,2,0
10142,8771,48,3,5
10143,8038,69,2,15
10144,2806,42,5,10
10145,5613,69,2,20
10146,5462,24,1,10
10147,9893,45,4,20
10148,5471,62,4,15
10149,6539,4,2,10
10150,4614,7,1,0
10151,4730,25,2,0
10152,5204,94,3,20
10153,8418,1,2,15
10154,2690,14,4,20
10155,8540,57,5,10
10156,4869,10,3,0
10157,5999,52,5,5
10158,9122,51,1,15
10159,4119,69,3,5
10160,9287,66,4,15
10161,6015,43,3,5
10162,2605,89,5,5
10163,9286,22,3,15
10164,3026,82,1,20
10165,1496,60,2,15
10166,6009,86,3,5
10167,6143,65,5,5
10168,9683,40,2,10
10169,9352,50,2,5
10170,7324,38,1,0
10171,1715,24,1,5
10172,9286,41,1,0
10173,6562,61,2,15
10174,4285,86,5,15
10175,7062,23,2,0
10176,2870,13,3,10
10177,5008,17,2,20
10178,9957,30,3,15
10179,5434,70,3,5
10180,7630,36,1,5
10181,7991,84,5,0
10182,6222,82,2,0
10183,9840,19,2,15
10184,5518,13,3,20
10185,5535,94,3,5
10186,3580,7,3,10
10187,1790,90,3,5
10188,4911,52,5,15
10189,3424,62,1,0
10190,9499,75,5,15
10191,4462,12,2,10
10192,9612,47,4,20
10193,8793,88,1,20
10194,1041,16,1,5
10195,9506,10,5,15
10196,4366,19,4,20
10197,4432,15,1,0
10198,7407,88,2,5
10199,4160,84,4,15
10200,266,30,5,0
10201,9308,4,1,5
10202,1643,64,1,20
10203,7839,12,5,0
10204,3786,54,2,0
10205,3682,91,3,15
10206,9939,20,1,20
10207,705,29,2,20
10208,8076,100,1,15
10209,1315,66,3,15
10210,546,49,4,0
10211,4498,69,5,20
10212,1095,47,2,5
10213,522,90,1,0
10214,7681,87,2,10
10215,5842,66,2,0
10216,398,56,2,0
10217,2637,66,5,20
10218,1843,53,5,10
10219,594,33,5,15
10220,3937,96,4,10
10221,380,70,5,5
10222,108,27,1,0
10223,9028,54,1,20
10224,1015,75,1,15
10225,6390,50,4,10
10226,907,72,3,15
10227,2334,33,3,10
10228,5516,26,5,0
10229,841,79,1,10
10230,2513,73,5,10
10231,6509,41,5,10
10232,1548,32,4,20
10233,7940,21,4,10
10234,4147,46,5,0
10235,4629,30,1,5
10236,3158,99,3,10
10237,9971,76,5,5
10238,7950,35,4,15
10239,2812,86,1,15
10240,7795,69,3,10
10241,5400,98,4,15
10242,95,43,5,15
10243,9061,79,1,15
10244,6358,28,5,0
10245,2504,78,4,10
10246,552,66,2,0
10247,8349,36,5,10
10248,8759,99,1,15
10249,4422,100,3,20
10250,9581,55,2,0
10251,8745,68,4,0
10252,8698,61,5,20
10253,8380,83,2,5
10254,5696,15,5,15
10255,323,73,3,20
10256,6364,8,3,0
10257,5469,46,5,0
10258,4904,85,4,20
10259,1705,20,2,10
10260,1881,43,4,10
10261,3563,66,1,20
10262,1896,47,5,20
10263,4417,73,1,5
10264,8643,76,1,0
10265,4209,13,1,0
10266,9815,60,5,5
10267,9627,26,4,5
10268,5239,72,3,0
10269,4788,3,5,5
10270,4072,57,2,5
10271,6277,5,5,0
10272,8326,23,5,15
10273,2964,99,2,20
10274,9117,48,4,10
10275,6616,54,3,10
10276,8691,55,2,0
10277,2119,89,4,5
10278,6224,97,5,10
10279,8495,6,1,0
10280,4141,71,5,0
10281,6664,72,3,20
10282,5067,9,4,10
10283,1898,11,4,5
10284,3302,14,5,15
10285,4021,96,2,0
10286,8303,52,5,20
10287,3957,80,4,15
10288,7243,89,1,10
10289,3062,45,1,20
10290,9635,44,2,20
10291,868,31,1,15
10292,9948,47,4,20
10293,4864,90,3,20
10294,8084,40,1,10
10295,5303,14,5,15
10296,3578,51,3,0
10297,6119,66,3,10
10298,3908,38,3,20
10299,2912,2,2,0
10300,4025,38,5,5
10301,903,23,3,15
10302,3574,26,5,5
10303,2962,66,1,5
10304,9051,81,4,5
10305,5300,30,5,10
10306,2015,14,4,5
10307,7214,10,4,20
10308,5001,47,5,15
10309,5625,71,4,5
10310,9112,42,4,10
10311,3194,27,1,0
10312,6797,36,4,20
10313,9709,52,1,0
10314,5479,25,4,0
10315,8011,37,2,5
10316,9464,70,5,20
10317,8750,95,1,20
10318,89,60,3,0
10319,4903,100,2,5
10320,1587,47,5,20
10321,9023,84,5,15
10322,100,35,4,5
10323,8750,9,3,20
10324,4096,28,4,20
10325,8251,96,2,0
10326,1877,86,1,15
10327,123,53,3,0
10328,6297,50,5,0
10329,4034,44,4,15
10330,3913,10,1,20
10331,7215,76,2,0
10332,8250,32,1,15
10333,616,66,5,15
10334,4922,47,2,10
10335,1363,67,4,20
10336,6980,28,5,10
10337,8773,37,4,15
10338,2275,98,4,15
10339,9516,45,1,5
10340,5253,45,5,20
10341,687,83,3,5
10342,3196,21,3,10
10343,8121,45,5,15
10344,5107,98,5,20
10345,7955,51,5,15
10346,708,40,2,5
10347,655,21,3,10
10348,5481,85,5,20
10349,889,22,2,15
10350,556,91,2,10
10351,497,19,3,0
10352,8324,62,5,20
10353,7928,65,3,20
10354,2495,68,4,20
10355,7120,64,1,10
10356,9413,11,4,20
10357,6464,72,1,0
10358,5968,84,5,20
10359,9152,42,1,0
10360,1155,82,1,20
10361,4445,87,2,10
10362,3026,55,3,0
10363,5158,10,4,20
10364,5451,67,5,5
10365,1137,79,1,15
10366,6004,75,3,5
10367,1767,37,4,5
10368,843,78,4,10
10369,9900,14,4,15
10370,6693,54,3,0
10371,852,57,2,0
10372,3427,22,2,10
10373,8830,91,3,15
10374,2527,92,5,5
10375,8426,41,5,15
10376,1685,19,1,10
10377,7688,68,3,10
10378,833,82,3,20
10379,6458,71,1,10
10380,8936,59,3,0
10381,9964,38,2,0
10382,6315,89,5,5
10383,1171,59,4,15
10384,7410,78,4,15
10385,1368,62,3,20
10386,3879,5,1,15
10387,1969,82,4,15
10388,8790,83,5,10
10389,5010,33,3,0
10390,7891,100,1,5
10391,1002,26,4,20
10392,7960,29,2,20
10393,1246,14,3,20
10394,4138,27,1,0
10395,3782,9,2,10
10396,9059,62,3,5
10397,2141,64,3,20
10398,9963,28,3,5
10399,4929,91,1,10
10400,3731,76,5,10
10401,313,15,1,10
10402,9167,67,1,15
10403,5004,35,5,20
10404,904,15,5,5
10405,7541,55,2,15
10406,8239,51,2,20
10407,2561,98,3,0
10408,4886,18,3,0
10409,5009,46,2,20
10410,9337,76,5,0
10411,4174,25,1,0
10412,4415,84,1,15
10413,3077,67,5,15
10414,9680,89,5,10
10415,7231,42,5,10
10416,1430,66,4,10
10417,6199,15,3,0
10418,3095,99,3,10
10419,4312,4,4,0
10420,338,44,2,5
10421,5841,72,5,15
10422,4860,69,4,20
10423,8095,9,2,0
10424,121,54,5,20
10425,3450,48,4,15
10426,4009,76,4,20
10427,3450,81,3,0
10428,3041,81,4,0
10429,8524,81,2,10
10430,5797,62,2,0
10431,7337,14,1,0
10432,2571,42,2,20
10433,6397,44,4,5
10434,9199,58,2,5
10435,4870,10,4,5
10436,149,46,1,10
10437,6227,47,4,20
10438,4477,50,4,15
10439,2359,100,4,0
10440,3353,9,2,10
10441,777,14,2,5
10442,6499,45,2,15
10443,3861,29,5,15
10444,8754,48,1,5
10445,7195,47,2,5
10446,3999,45,3,10
10447,9995,85,2,0
10448,8409,49,4,10
10449,572,16,5,5
10450,3207,82,3,10
10451,3529,87,4,10
10452,9217,15,3,5
10453,2566,64,4,5
10454,5256,56,5,10
10455,1270,35,2,5
10456,7908,100,1,10
10457,8242,44,3,0
10458,3121,14,2,20
10459,4193,29,4,15
10460,1208,10,2,10
10461,8345,92,5,20
10462,4481,46,4,15
10463,5246,4,2,20
10464,7433,45,5,20
10465,8930,97,5,0
10466,1010,10,1,0
10467,8791,14,5,10
10468,476,47,2,20
10469,5498,72,5,5
10470,716,69,2,0
10471,192,57,5,0
10472,658,65,4,15
10473,9629,71,1,20
10474,8192,39,3,15
10475,3988,36,4,5
10476,7292,22,5,5
10477,997,5,5,5
10478,617,54,2,5
10479,9140,49,1,15
10480,842,20,2,5
10481,7384,100,3,5
10482,1442,61,5,5
10483,7672,57,1,0
10484,5829,89,1,0
10485,9108,100,2,5
10486,5803,91,3,0
10487,2496,11,2,20
10488,3531,7,5,5
10489,3685,80,2,5
10490,4687,56,2,5
10491,6700,33,2,10
10492,176,5,1,15
10493,4573,22,3,20
10494,1634,37,3,15
10495,3913,71,2,5
10496,3481,52,4,0
10497,7303,55,2,20
10498,294,88,5,20
10499,5678,53,1,10
10500,2241,40,3,0
10501,9199,81,3,15
10502,7264,100,1,0
10503,606,19,4,10
10504,8115,72,5,20
10505,6778,70,4,15
10506,8932,16,1,15
10507,4606,80,1,5
10508,5002,70,2,20
10509,9313,56,4,10
10510,3151,83,4,15
10511,6555,28,1,15
10512,2693,92,5,15
10513,2119,60,3,15
10514,3549,14,5,5
10515,1756,98,2,0
10516,3669,32,5,15
10517,978,58,5,5
10518,7995,37,4,5
10519,2607,22,2,10
10520,4421,39,4,5
10521,6597,85,2,20
10522,2228,49,4,20
10523,1682,77,4,15
10524,9320,51,2,5
10525,55,24,3,0
10526,5146,98,5,20
10527,4238,35,5,15
10528,7510,89,5,10
10529,8756,85,3,15
10530,1745,93,4,15
10531,6096,96,4,20
10532,4701,98,5,10
10533,6981,40,5,5
10534,319,77,5,20
10535,9831,97,1,20
10536,1336,42,3,0
10537,6217,96,3,0
10538,3298,28,3,15
10539,2681,55,3,0
10540,8727,46,5,10
10541,5228,12,3,20
10542,6005,59,2,5
10543,9198,13,4,0
10544,5317,80,4,0
10545,5315,18,4,15
10546,1304,54,5,15
10547,7507,71,1,20
10548,8144,50,4,5
10549,1995,39,5,0
10550,2555,34,4,20
10551,6112,55,1,10
10552,294,89,2,0
10553,6494,44,1,10
10554,7414,18,1,5
10555,4122,83,1,20
10556,448,45,2,15
10557,2469,56,2,20
10558,6372,32,5,10
10559,7050,77,1,10
10560,3464,49,2,10
10561,6774,88,4,10
10562,4612,67,1,20
10563,889,14,1,15
10564,806,61,5,5
10565,1719,14,4,15
10566,4479,31,5,20
10567,7108,5,4,15
10568,5851,18,3,15
10569,5923,3,4,0
10570,2860,79,4,5
10571,5803,70,5,15
10572,1756,32,2,5
10573,8419,61,3,10
10574,2469,84,5,20
10575,436,3,3,15
10576,7677,39,1,20
10577,2340,83,5,10
10578,3391,6,3,0
10579,4564,35,5,5
10580,9273,9,4,5
10581,731,3,5,15
10582,5305,87,4,20
10583,7604,74,4,0
10584,4577,13,3,15
10585,4150,17,5,20
10586,4339,27,2,0
10587,5859,92,5,15
10588,6868,82,5,5
10589,9292,24,4,5
10590,839,81,4,5
10591,3926,58,1,15
10592,3447,37,5,10
10593,6851,62,3,20
10594,5039,84,5,20
10595,59,82,1,20
10596,7826,33,5,20
10597,3597,57,3,15
10598,9259,20,4,0
10599,8287,48,3,5
10600,1242,49,4,10
10601,926,38,2,10
10602,4431,70,3,15
10603,7141,94,1,0
10604,7291,60,1,15
10605,2481,31,1,5
10606,4605,66,2,20
10607,8228,12,2,5
10608,724,17,4,5
10609,5855,62,3,5
10610,2972,53,2,10
10611,5189,38,5,5
10612,1939,41,2,5
10613,9327,28,1,0
10614,1571,63,5,15
10615,8778,99,3,0
10616,4903,45,1,20
10617,5856,34,5,0
10618,2295,38,5,15
10619,7095,72,1,0
10620,1790,44,4,5
10621,1889,35,2,15
10622,7565,3,1,10
10623,3541,66,5,5
10624,237,93,3,10
10625,6612,26,3,20
10626,5460,17,1,0
10627,855,16,4,20
10628,9605,22,1,15
10629,7844,5,3,15
10630,7835,94,2,20
10631,7689,48,2,5
10632,3523,83,3,15
10633,5979,58,2,5
10634,9634,40,4,0
10635,1992,20,5,20
10636,4266,44,2,20
10637,6387,90,5,5
10638,3710,65,5,10
10639,8170,94,2,15
10640,9602,96,4,0
10641,7761,92,2,15
10642,173,70,4,5
10643,3362,84,2,20
10644,1372,92,4,20
10645,7814,87,3,0
10646,7340,72,2,20
10647,8629,54,3,10
10648,9177,78,5,0
10649,3361,42,3,15
10650,6611,83,3,5
10651,2278,67,5,15
10652,5601,29,2,20
10653,6623,72,5,15
10654,1010,9,1,5
10655,5562,51,5,20
10656,2734,80,5,15
10657,6940,96,5,20
10658,7271,100,1,10
10659,7108,67,5,20
10660,9997,51,2,5
10661,7647,60,3,10
10662,267,43,3,10
10663,655,70,2,10
10664,9007,36,1,5
10665,6489,17,5,20
10666,5328,42,3,10
10667,4260,62,5,5
10668,8709,93,5,15
10669,105,74,2,15
10670,8555,73,5,0
10671,2344,85,1,0
10672,8843,41,5,20
10673,5461,29,2,20
10674,2674,77,3,15
10675,8866,96,4,10
10676,293,77,3,5
10677,5231,51,2,0
10678,8666,1,1,0
10679,603,31,5,0
10680,416,99,4,10
10681,1801,23,4,0
10682,149,80,1,0
10683,3661,10,2,20
10684,762,58,2,20
10685,10000,88,3,10
10686,7399,33,4,5
10687,2905,52,5,15
10688,4662,5,4,15
10689,3972,70,4,5
10690,1434,66,4,5
10691,4183,43,3,10
10692,4966,61,1,15
10693,574,81,4,20
10694,884,47,3,0
10695,7243,15,2,20
10696,8565,80,5,15
10697,9283,2,1,0
10698,8041,92,4,5
10699,1337,43,5,20
10700,7686,30,1,10
10701,5249,87,1,5
10702,4073,14,3,5
10703,3454,47,2,10
10704,3221,98,2,5
10705,566,71,1,5
10706,8150,95,3,20
10707,9749,31,5,0
10708,9842,7,1,0
10709,1523,17,5,10
10710,887,100,1,15
10711,2299,29,3,10
10712,6441,93,4,15
10713,9407,84,3,5
10714,6514,71,5,0
10715,8717,21,4,20
10716,1399,41,3,5
10717,3890,70,2,20
10718,1307,76,4,20
10719,8331,71,1,10
10720,9469,89,1,20
10721,8987,84,1,15
10722,60,84,1,0
10723,6132,78,1,20
10724,7626,58,1,15
10725,4887,96,3,5
10726,4251,61,5,5
10727,1417,60,2,20
10728,9272,15,3,10
10729,5997,2,3,15
10730,5079,83,2,0
10731,2192,36,3,15
10732,4992,98,2,20
10733,5614,75,3,5
10734,5570,22,5,5
10735,4690,18,1,20
10736,188,38,2,10
10737,8718,92,3,5
10738,2886,82,5,20
10739,1476,25,4,20
10740,616,62,4,5
10741,2551,36,3,0
10742,4582,98,4,5
10743,3083,24,4,20
10744,9075,91,3,10
10745,3590,4,3,0
10746,7157,79,5,20
10747,7988,48,5,10
10748,2466,45,4,5
10749,4468,77,2,10
10750,9259,65,4,15
10751,4340,3,1,15
10752,9389,55,3,15
10753,405,15,4,10
10754,4521,86,2,5
10755,7418,2,1,10
10756,1140,44,3,0
10757,722,98,3,0
10758,7225,63,3,15
10759,8440,49,1,5
10760,3893,48,5,15
10761,6205,49,2,15
10762,820,75,1,0
10763,7067,31,2,5
10764,6357,99,2,10
10765,3087,57,5,15
10766,3482,5,4,0
10767,1966,81,2,0
10768,6425,96,5,20
10769,9944,58,5,0
10770,4014,32,2,5
10771,1617,55,3,20
10772,5511,69,4,10
10773,9407,10,4,0
10774,5274,71,1,5
10775,907,62,1,10
10776,6849,6,1,0
10777,5695,66,4,5
10778,4378,38,1,0
10779,1301,98,2,20
10780,7906,93,2,0
10781,3470,10,1,10
10782,1591,74,4,20
10783,1373,100,3,15
10784,9566,89,1,0
10785,7281,92,4,10
10786,3885,94,2,15
10787,3389,14,3,5
10788,4286,29,5,5
10789,2435,33,3,5
10790,9405,43,1,10
10791,3938,70,3,0
10792,685,100,2,10
10793,492,77,4,10
10794,3009,93,4,0
10795,6505,53,3,10
10796,3538,16,1,5
10797,34,80,4,5
10798,7230,62,3,0
10799,1347,78,3,5
10800,2633,66,3,5
10801,2850,5,3,5
10802,3828,91,1,0
10803,6357,23,2,0
10804,5209,4,3,15
10805,8888,18,4,15
10806,3213,40,3,15
10807,3290,94,3,15
10808,5184,19,4,15
10809,5117,80,5,20
10810,8465,32,3,0
10811,9842,16,4,15
10812,4046,60,4,15
10813,229,55,2,10
10814,9777,27,4,15
10815,2622,37,3,15
10816,4612,34,1,10
10817,3442,79,4,15
10818,543,68,4,0
10819,5015,66,5,20
10820,4162,1,1,20
10821,6007,12,3,20
10822,6974,70,4,5
10823,6448,70,5,10
10824,5188,49,1,20
10825,9927,86,1,5
10826,4680,80,2,0
10827,6263,61,3,10
10828,497,83,2,0
10829,14,79,2,20
10830,8927,66,2,20
10831,5959,49,2,15
10832,7745,30,4,15
10833,8685,73,5,20
10834,332,13,5,15
10835,2678,23,2,0
10836,4317,17,1,0
10837,2910,43,2,10
10838,170,36,3,10
10839,4810,1,4,5
10840,1455,10,1,5
10841,5233,76,4,15
10842,7410,74,3,15
10843,1606,16,2,20
10844,3132,92,3,5
10845,716,10,5,5
10846,6593,28,2,20
10847,5465,76,4,10
10848,7803,61,5,20
10849,7924,88,4,15
10850,1668,22,4,15
10851,5904,15,3,20
10852,2622,40,1,0
10853,989,74,4,20
10854,578,3,3,0
10855,8388,9,2,15
10856,6667,19,1,15
10857,6321,55,1,0
10858,2772,97,1,0
10859,1507,90,4,10
10860,5998,15,5,20
10861,9591,32,3,15
10862,7512,29,1,0
10863,1735,11,1,15
10864,840,1,2,0
10865,8703,43,5,15
10866,3668,62,1,15
10867,1885,23,3,10
10868,6020,46,1,20
10869,6012,9,2,5
10870,2658,83,2,15
10871,7088,43,1,20
10872,8863,4,1,15
10873,877,81,3,15
10874,9323,96,3,20
10875,608,36,3,15
10876,8960,99,5,10
10877,8060,16,3,5
10878,5793,10,2,0
10879,766,36,3,0
10880,5175,66,2,20
10881,5067,29,4,10
10882,7111,65,3,20
10883,6367,80,4,10
10884,4337,100,2,0
10885,2459,58,5,20
10886,1591,10,4,10
10887,5447,56,1,20
10888,5442,9,2,0
10889,6119,34,1,10
10890,8324,26,3,10
10891,7585,55,5,5
10892,5631,40,1,5
10893,2769,10,3,15
10894,577,62,4,20
10895,1246,72,3,5
10896,9880,89,2,20
10897,6040,83,4,20
10898,4241,57,4,10
10899,39,44,3,15
10900,6157,64,3,10
10901,5516,28,1,5
10902,8196,54,4,20
10903,2067,26,4,5
10904,8106,96,5,10
10905,2420,82,2,15
10906,4852,6,3,0
10907,7781,91,1,15
10908,5934,62,2,5
10909,2398,71,2,15
10910,1802,26,5,0
10911,5055,24,1,0
10912,2147,70,4,5
10913,4664,93,1,5
10914,6692,24,4,10
10915,6387,20,5,10
10916,2477,17,3,5
10917,9789,29,2,15
10918,7522,34,3,5
10919,837,67,2,15
10920,417,62,3,20
10921,8425,96,1,15
10922,3573,10,1,15
10923,420,11,2,10
10924,235,98,2,15
10925,892,26,4,0
10926,8847,19,4,20
10927,1821,45,4,10
10928,8589,36,5,20
10929,7791,46,3,5
10930,8555,9,1,20
10931,3441,14,5,20
10932,3697,66,5,15
10933,3710,47,3,5
10934,3777,12,2,5
10935,5438,67,4,5
10936,6588,65,3,0
10937,3833,69,3,0
10938,4605,35,5,15
10939,802,14,1,0
10940,6649,85,2,5
10941,959,1,1,10
10942,2700,14,5,20
10943,8785,81,5,5
10944,9732,50,1,15
10945,3173,25,1,5
10946,6028,54,4,0
10947,4334,20,1,15
10948,2077,15,3,0
10949,2530,35,5,20
10950,8487,70,5,5
10951,4791,88,2,0
10952,8117,15,1,10
10953,2072,20,2,0
10954,3007,69,3,0
10955,5990,82,2,15
10956,7855,49,3,10
10957,9337,24,3,5
10958,2537,35,2,10
10959,4384,89,4,10
10960,9355,42,4,15
10961,2837,39,5,5
10962,9738,99,5,20
10963,6904,85,1,20
10964,7489,42,2,20
10965,9196,87,2,20
10966,2021,57,1,5
10967,6995,17,3,10
10968,8898,46,2,5
10969,4831,86,2,0
10970,7085,58,2,0
10971,8995,30,5,20
10972,8487,39,4,0
10973,333,67,4,5
10974,3006,53,3,20
10975,1297,77,3,0
10976,6811,56,5,10
10977,2225,42,1,10
10978,5483,49,2,20
10979,7347,44,3,20
10980,3742,26,5,10
10981,1894,75,4,5
10982,1863,78,5,10
10983,1960,44,3,5
10984,9094,66,3,15
10985,9383,84,4,10
10986,3909,67,3,15
10987,3584,50,3,20
10988,2808,64,4,15
10989,1043,16,2,0
10990,7842,50,1,10
10991,8210,96,4,10
10992,40,35,5,15
10993,938,72,4,5
10994,8572,82,3,0
10995,1993,2,4,15
10996,6423,36,3,10
10997,546,46,4,0
10998,2693,8,1,20
10999,7247,27,2,20
11000,5459,96,4,10
11001,9133,81,1,20
11002,911,45,2,20
11003,249,45,2,10
11004,6878,43,1,5
11005,2486,38,1,5
11006,423,61,1,5
11007,712,71,5,10
11008,4488,96,2,5
11009,5078,98,5,20
11010,8624,28,4,15
11011,3877,65,5,10
11012,6845,7,5,20
11013,8040,81,2,15
11014,5578,38,4,15
11015,4106,53,1,0
11016,1381,83,1,20
11017,4377,25,5,20
11018,876,11,4,5
11019,5814,67,4,10
11020,1708,33,4,0
11021,895,18,3,5
11022,317,2,5,10
11023,8446,83,3,0
11024,3952,83,3,10
11025,9460,93,1,20
11026,5975,94,3,0
11027,1894,58,4,10
11028,5874,3,2,10
11029,4477,33,5,5
11030,5144,29,1,10
11031,8518,95,1,5
11032,5325,48,1,5
11033,6786,85,3,0
11034,422,72,5,5
11035,9108,85,4,10
11036,5273,80,5,15
11037,8884,8,4,15
11038,6957,99,3,5
11039,494,55,4,5
11040,8462,63,3,0
11041,2437,62,5,15
11042,3161,50,2,0
11043,9008,38,5,0
11044,7350,59,3,10
11045,5206,68,3,20
11046,9637,16,1,15
11047,6208,14,4,5
11048,4513,90,4,10
11049,2920,24,1,20
11050,9865,9,3,5
11051,1608,46,1,20
11052,7205,6,4,0
11053,735,20,1,5
11054,3556,37,5,5
11055,5967,6,5,15
11056,1355,71,2,0
11057,3782,66,4,5
11058,8990,75,5,0
11059,9197,79,5,20
11060,3791,21,5,10
11061,700,8,4,20
11062,2274,54,5,5
11063,1224,87,2,5
11064,4232,14,5,0
11065,974,82,1,5
11066,2101,45,5,0
11067,6820,29,2,10
11068,5509,28,3,5
11069,1807,3,3,10
11070,8875,90,5,0
11071,1161,79,5,5
11072,2005,6,2,0
11073,5847,20,4,0
11074,3317,33,3,0
11075,8764,82,3,10
11076,929,91,3,5
11077,8361,91,1,15
11078,5813,46,3,0
11079,5449,98,3,10
11080,9122,49,3,10
11081,5184,19,4,10
11082,6415,47,1,15
11083,2697,97,2,0
11084,4091,35,1,20
11085,1610,84,4,5
11086,9211,66,3,10
11087,8816,29,3,15
11088,5505,29,1,10
11089,9067,99,1,20
11090,1607,7,2,15
11091,2122,30,2,5
11092,2323,80,4,0
11093,9721,95,2,0
11094,147,17,1,15
11095,144,50,3,15
11096,3395,78,3,20
11097,586,3,5,0
11098,7780,34,3,0
11099,1484,60,1,15
11100,2569,93,2,0
11101,8880,77,3,15
11102,6646,56,2,20
11103,8412,10,5,20
11104,7557,66,5,5
11105,5667,66,3,5
11106,4514,82,1,15
11107,7096,98,3,0
11108,4022,56,1,5
11109,9830,11,5,5
11110,350,45,1,5
11111,7629,9,5,20
11112,1275,8,5,20
11113,4300,34,4,10
11114,2214,39,5,20
11115,2164,55,3,5
11116,3285,36,2,0
11117,5022,6,4,5
11118,2087,45,2,20
11119,6073,50,5,0
11120,234,26,3,5
11121,4680,93,1,10
11122,4643,38,4,20
11123,9416,43,5,0
11124,8893,41,1,0
11125,2681,3,5,5
11126,8432,74,2,0
11127,1119,53,2,10
11128,8105,2,1,15
11129,5975,33,1,20
11130,3906,87,5,10
11131,2168,79,2,15
11132,3491,13,4,15
11133,1442,73,4,5
11134,174,15,3,0
11135,1542,13,1,20
11136,4828,86,5,20
11137,9382,79,1,10
11138,6748,61,5,20
11139,5501,65,4,10
11140,9921,8,4,20
11141,6397,16,5,10
11142,858,35,2,0
11143,1511,54,2,5
11144,4482,85,1,0
11145,7064,52,2,5
11146,1577,30,5,5
11147,3609,99,4,5
11148,6589,10,4,20
11149,8951,38,3,20
11150,9520,78,5,5
11151,6090,70,4,10
11152,4402,68,3,5
11153,1979,18,3,0
11154,8152,94,3,20
11155,1756,88,4,10
11156,9195,82,5,15
11157,394,37,4,10
11158,303,7,1,10
11159,9662,11,2,5
11160,7993,7,5,10
11161,7634,22,4,5
11162,1804,50,2,0
11163,5541,60,4,15
11164,1431,46,4,10
11165,3642,45,3,0
11166,3680,49,3,20
11167,3928,81,1,0
11168,6295,80,3,10
11169,2299,73,4,15
11170,2668,40,2,10
11171,8035,5,1,10
11172,2810,58,5,0
11173,825,21,4,20
11174,8182,40,2,20
11175,378,50,4,20
11176,536,35,4,5
11177,7107,37,2,0
11178,4222,35,5,15
11179,9967,56,5,15
11180,7484,83,1,10
11181,7228,50,1,15
11182,8000,85,1,0
11183,1485,23,5,0
11184,358,19,3,5
11185,1133,72,1,0
11186,250,79,5,5
11187,5978,90,2,5
11188,5120,29,4,10
11189,4692,58,1,5
11190,9212,16,4,5
11191,3835,50,3,20
11192,5467,55,4,20
11193,9393,62,1,10
11194,7136,66,3,15
11195,4398,74,3,10
11196,2682,67,5,5
11197,5233,97,1,20
11198,3618,27,4,15
11199,8488,6,5,5
11200,2709,60,2,10
11201,5645,69,4,20
11202,7713,58,2,20
11203,8442,79,5,15
11204,2468,44,4,20
11205,3098,86,4,10
11206,6778,70,4,5
11207,9501,91,5,10
11208,593,47,3,5
11209,7969,24,5,10
11210,8625,28,5,5
11211,1210,28,3,0
11212,4022,90,4,0
11213,7761,86,2,15
11214,7553,11,3,0
11215,6376,10,2,20
11216,821,100,4,10
11217,9776,6,1,5
11218,8389,68,1,15
11219,3235,25,5,5
11220,857,37,1,10
11221,8075,78,3,0
11222,6914,15,2,5
11223,6678,48,2,20
11224,3245,98,5,5
11225,3736,86,3,15
11226,5227,96,4,10
11227,4806,48,5,5
11228,5771,84,4,10
11229,2810,29,4,15
11230,2985,4,3,5
11231,9339,28,3,10
11232,3419,3,2,20
11233,6059,14,5,10
11234,6400,69,4,20
11235,7587,89,1,5
11236,5739,4,2,20
11237,5999,35,2,5
11238,6946,51,3,20
11239,1180,79,2,5
11240,20,78,4,15
11241,7438,83,2,0
11242,6962,22,3,15
11243,9042,44,4,20
11244,8768,33,2,10
11245,7496,43,5,10
11246,121,71,1,20
11247,7030,9,1,10
11248,7647,20,4,10
11249,2386,65,3,15
11250,1306,42,5,15
11251,5256,39,2,20
11252,1967,95,1,10
11253,1346,1,4,10
11254,6825,83,5,20
11255,6206,81,4,5
11256,8550,100,2,5
11257,6331,43,3,20
11258,9742,85,5,5
11259,3445,14,2,20
11260,4033,16,3,5
11261,4009,97,1,0
11262,5518,11,4,15
11263,5801,19,2,10
11264,3819,9,5,10
11265,6179,44,4,10
11266,8471,9,4,10
11267,8326,39,4,5
11268,4409,96,2,0
11269,4819,26,3,15
11270,232,31,3,0
11271,1145,36,4,5
11272,5776,74,3,10
11273,1669,20,5,0
11274,9876,36,5,5
11275,130,44,3,5
11276,4528,8,1,20
11277,5003,53,4,10
11278,8617,3,3,0
11279,1447,39,3,15
11280,6033,28,2,20
11281,5408,87,1,10
11282,7456,35,4,0
11283,6813,60,5,0
11284,8875,25,1,5
11285,4205,56,3,5
11286,56,63,2,5
11287,9610,97,5,10
11288,5499,19,1,10
11289,7308,22,2,0
11290,4238,72,5,20
11291,7259,81,3,10
11292,6000,73,4,20
11293,4270,16,2,20
11294,9305,92,2,20
11295,8962,72,4,10
11296,6309,76,5,20
11297,242,71,3,15
11298,9870,17,1,5
11299,8723,82,2,10
11300,2189,98,5,15
11301,6178,86,4,10
11302,6244,56,4,5
11303,1658,48,5,10
11304,2045,60,1,10
11305,7614,79,4,20
11306,5255,11,5,20
11307,128,60,4,10
11308,1965,48,2,0
11309,3479,43,1,20
11310,3615,97,4,20
11311,6709,4,4,15
11312,8639,35,3,20
11313,6820,34,1,0
11314,3901,47,5,20
11315,2747,85,4,0
11316,357,83,4,20
11317,9161,20,1,20
11318,2554,78,1,5
11319,4672,41,1,15
11320,6254,24,3,20
11321,6616,35,3,20
11322,9691,70,1,10
11323,9614,87,3,0
11324,7492,62,3,5
11325,4677,7,2,0
11326,8068,8,2,0
11327,6798,29,3,20
11328,3330,22,2,10
11329,8394,55,2,10
11330,1414,47,2,0
11331,3437,72,4,15
11332,5114,13,4,0
11333,4158,39,5,10
11334,129,60,1,5
11335,9187,33,3,15
11336,8539,36,3,20
11337,6203,12,4,5
11338,4576,65,3,5
11339,9030,66,5,5
11340,3802,89,1,10
11341,4676,73,5,0
11342,8559,90,5,10
11343,8466,15,2,5
11344,8367,87,4,15
11345,3596,76,4,20
11346,6317,4,1,20
11347,6848,93,1,15
11348,8590,5,3,20
11349,9536,5,2,5
11350,2668,95,4,5
11351,1682,23,3,0
11352,7672,57,4,20
11353,8700,27,4,15
11354,1970,31,5,0
11355,9064,72,3,0
11356,8527,42,3,5
11357,4525,6,1,5
11358,8274,23,4,5
11359,1423,48,3,5
11360,1434,17,3,20
11361,8710,60,1,15
11362,5300,60,1,5
11363,4257,35,3,5
11364,922,75,5,0
11365,4836,67,1,20
11366,6100,38,5,0
11367,5994,88,1,0
11368,8486,44,1,15
11369,8228,48,1,10
11370,2269,99,5,5
11371,5448,33,1,0
11372,7425,29,4,5
11373,873,68,5,5
11374,2979,46,4,10
11375,6381,41,3,10
11376,8596,6,4,5
11377,4312,38,4,20
11378,659,21,2,10
11379,411,63,1,5
11380,6736,83,4,5
11381,7034,6,1,20
11382,8754,98,1,5
11383,8580,15,3,10
11384,211,78,4,0
11385,7540,81,5,5
11386,4786,96,5,0
11387,4849,74,3,10
11388,1542,10,1,15
11389,4291,73,4,10
11390,9701,36,5,20
11391,7684,86,1,20
11392,6817,92,3,20
11393,6223,42,3,10
11394,881,8,1,20
11395,386,63,2,10
11396,739,12,3,5
11397,4536,68,3,5
11398,9547,88,5,0
11399,5002,72,5,15
11400,8606,29,5,0
11401,50,75,1,15
11402,1871,58,1,5
11403,9849,4,2,20
11404,621,87,1,5
11405,3986,18,4,20
11406,245,78,1,0
11407,9300,14,3,20
11408,9077,25,4,15
11409,3344,45,4,15
11410,1159,80,3,20
11411,5562,44,4,20
11412,3000,11,1,15
11413,9984,7,5,20
11414,4894,4,2,20
11415,8106,41,2,10
11416,9346,49,4,5
11417,3203,87,3,10
11418,6346,58,5,10
11419,3588,99,5,5
11420,7225,64,5,5
11421,9295,43,4,10
11422,600,97,3,15
11423,9543,25,4,15
11424,85,19,5,20
11425,6124,48,2,20
11426,8375,3,1,5
11427,4185,51,1,10
11428,1239,19,2,10
11429,9167,1,3,20
11430,4310,73,3,0
11431,1876,1,3,10
11432,9550,51,4,5
11433,8504,62,5,10
11434,1274,68,3,15
11435,7575,88,5,20
11436,6643,93,2,5
11437,1756,50,2,5
11438,9592,18,4,10
11439,8037,100,2,10
11440,4200,33,2,20
11441,877,57,4,10
11442,4276,24,1,10
11443,9788,43,1,10
11444,7386,78,3,15
11445,6702,37,3,0
11446,5664,7,4,20
11447,5398,67,3,5
11448,2368,56,4,5
11449,5725,100,2,20
11450,7706,92,1,15
11451,9878,89,3,10
11452,4198,22,3,20
11453,9115,62,5,15
11454,3876,43,4,20
11455,4688,50,1,0
11456,3256,68,3,10
11457,1448,91,2,0
11458,2182,78,5,20
11459,462,31,1,5
11460,7819,18,1,20
11461,5977,54,2,10
11462,484,45,4,10
11463,2323,15,3,20
11464,7847,34,2,0
11465,776,55,4,10
11466,6396,60,4,5
11467,7185,51,1,15
11468,6385,99,1,15
11469,4799,18,1,5
11470,2495,95,2,10
11471,8819,68,3,5
11472,3785,72,3,0
11473,6166,91,3,20
11474,7348,74,5,10
11475,7868,82,3,0
11476,1875,72,1,15
11477,6697,67,1,5
11478,320,89,1,0
11479,3825,42,4,0
11480,4312,77,3,20
11481,2739,25,4,0
11482,1986,84,4,15
11483,7956,34,4,15
11484,3417,10,2,5
11485,4388,92,1,0
11486,7890,6,2,15
11487,2201,73,2,10
11488,5739,74,4,5
11489,2535,100,5,15
11490,8995,62,1,15
11491,8172,41,1,5
11492,4391,65,2,20
11493,9649,15,2,0
11494,6551,86,1,10
11495,5561,78,5,20
11496,3066,68,2,15
11497,7644,46,2,5
11498,3155,45,4,10
11499,5688,11,3,0
11500,9263,19,4,10
11501,4603,13,1,15
11502,7940,46,5,10
11503,8484,97,5,5
11504,4500,49,2,10
11505,8721,7,3,0
11506,9562,99,1,0
11507,1835,98,4,20
11508,9145,1,2,20
11509,1914,23,3,20
11510,5793,35,2,10
11511,818,35,2,10
11512,4826,18,4,5
11513,376,35,4,0
11514,4731,69,5,0
11515,8323,6,3,20
11516,4962,96,4,20
11517,5980,26,3,5
11518,3873,7,4,15
11519,6923,52,1,10
11520,5555,100,2,5
11521,6869,93,5,5
11522,3579,69,2,5
11523,601,48,1,5
11524,5777,69,1,5
11525,9146,99,5,10
11526,7016,96,5,5
11527,511,43,2,15
11528,8735,80,3,0
11529,9641,68,4,15
11530,8271,15,5,20
11531,6358,36,5,15
11532,4573,85,4,15
11533,5122,73,2,10
11534,2632,32,5,10
11535,7903,92,1,5
11536,2002,83,2,5
11537,7951,1,1,0
11538,9349,18,2,10
11539,7292,31,4,5
11540,9781,30,2,10
11541,639,10,5,5
11542,2584,61,1,20
11543,7027,96,4,0
11544,3685,16,1,10
11545,3306,93,4,0
11546,8670,5,5,20
11547,2416,3,3,5
11548,3174,59,4,10
11549,3597,10,2,20
11550,4518,58,5,10
11551,4024,29,1,10
11552,2327,11,4,15
11553,4216,88,3,10
11554,5543,95,1,15
11555,4214,24,1,15
11556,8467,64,5,5
11557,449,7,3,15
11558,5826,22,3,15
11559,6025,88,5,5
11560,6227,37,5,5
11561,9099,92,5,15
11562,6600,97,5,0
11563,133,56,2,0
11564,285,62,2,0
11565,9158,22,4,10
11566,4047,93,3,5
11567,8890,21,1,20
11568,1772,4,5,20
11569,6691,98,3,5
11570,4467,86,2,5
11571,1296,34,4,10
11572,9479,30,3,10
11573,9400,40,1,0
11574,8122,96,3,20
11575,7688,94,4,15
11576,9671,68,4,20
11577,6488,3,5,15
11578,969,79,5,20
11579,3349,47,3,5
11580,7414,55,2,20
11581,3459,11,4,15
11582,588,63,4,5
11583,3963,85,1,20
11584,7039,56,5,10
11585,1760,55,2,0
11586,4085,15,3,20
11587,2030,43,4,5
11588,1727,40,2,0
11589,5826,78,4,0
11590,6328,3,3,0
11591,5921,88,1,5
11592,5444,12,5,5
11593,8364,91,4,0
11594,4741,86,1,0
11595,9171,14,5,20
11596,2236,22,2,20
11597,3978,19,5,0
11598,181,52,3,10
11599,6310,39,2,10
11600,5219,99,5,0
11601,9779,58,2,5
11602,9242,52,1,5
11603,4763,22,2,5
11604,7168,13,4,15
11605,3887,32,4,15
11606,716,48,2,20
11607,9585,36,3,10
11608,2725,38,5,0
11609,5295,38,1,5
11610,2639,27,4,0
11611,5843,31,3,15
11612,9757,44,2,20
11613,4893,94,3,10
11614,9898,17,5,0
11615,5277,90,1,10
11616,5095,61,2,15
11617,5997,25,1,20
11618,3887,26,4,15
11619,5563,19,1,5
11620,5224,35,4,0
11621,2324,66,1,10
11622,5006,31,5,0
11623,3376,18,2,10
11624,5484,55,1,0
11625,1669,8,1,10
11626,5589,40,4,20
11627,3899,55,3,5
11628,7564,34,5,5
11629,6605,18,2,5
11630,9324,85,5,15
11631,1594,72,5,20
11632,1096,65,4,5
11633,5761,99,5,0
11634,2336,34,4,0
11635,4548,94,2,0
11636,2382,33,1,5
11637,1198,37,1,20
11638,9542,13,3,20
11639,2503,12,3,0
11640,7175,14,1,0
11641,9864,12,3,10
11642,891,22,2,10
11643,8914,94,1,15
11644,4119,23,1,10
11645,9118,71,4,5
11646,3415,86,2,0
11647,1019,92,2,15
11648,8404,28,5,15
11649,913,4,4,5
11650,4405,73,3,5
11651,8791,85,1,0
11652,1920,32,4,0
11653,1397,100,3,0
11654,6597,40,4,10
11655,6230,96,4,0
11656,3181,79,4,0
11657,1301,7,4,15
11658,4308,59,2,10
11659,528,81,2,15
11660,1661,87,5,10
11661,577,52,1,10
11662,8733,83,3,10
11663,7122,99,1,0
11664,8410,13,1,20
11665,4739,52,3,0
11666,3349,17,1,15
11667,7987,96,2,15
11668,1488,43,4,20
11669,4392,79,2,5
11670,1817,83,3,15
11671,6625,68,3,15
11672,3716,70,5,5
11673,4771,70,4,5
11674,461,10,5,20
11675,4854,40,3,0
11676,2641,47,2,20
11677,4394,29,1,5
11678,9258,48,3,5
11679,1978,30,1,5
11680,6118,23,5,10
11681,7381,23,2,20
11682,306,2,4,15
11683,3026,66,2,10
11684,2772,37,3,5
11685,3380,31,1,0
11686,3403,24,4,15
11687,3442,36,2,0
11688,7198,56,5,15
11689,9254,62,1,20
11690,9106,83,3,10
11691,2714,18,1,10
11692,9391,92,4,20
11693,8647,88,5,10
11694,6016,41,3,5
11695,7800,93,2,0
11696,5686,67,1,15
11697,3815,93,1,20
11698,1237,82,5,5
11699,2918,67,1,10
11700,9377,42,4,5
11701,7073,58,4,20
11702,7866,100,5,20
11703,7614,52,1,10
11704,9902,12,2,15
11705,9279,64,2,20
11706,9009,19,3,15
11707,3267,45,5,10
11708,9934,28,2,0
11709,965,80,5,10
11710,5749,50,3,15
11711,6365,70,1,0
11712,8146,69,2,20
11713,2809,55,5,20
11714,8531,48,1,10
11715,5664,81,1,20
11716,6428,43,4,20
11717,1258,53,5,0
11718,7654,20,2,0
11719,4097,90,1,10
11720,2016,43,2,10
11721,4984,67,1,5
11722,7698,6,2,15
11723,8423,75,2,0
11724,281,44,5,5
11725,826,79,2,10
11726,7383,38,3,0
11727,8655,14,3,15
11728,9697,85,3,0
11729,7800,95,1,10
11730,1156,48,5,0
11731,4187,54,3,15
11732,2150,10,1,20
11733,7323,19,5,20
11734,4258,27,3,20
11735,7655,80,1,5
11736,6142,49,3,0
11737,1148,54,5,20
11738,8210,55,1,15
11739,8103,83,5,10
11740,470,30,1,0
11741,6128,92,5,10
11742,3991,23,3,0
11743,8308,87,3,20
11744,446,34,2,15
11745,7398,19,4,20
11746,6806,50,5,5
11747,4894,97,5,10
11748,7487,35,4,20
11749,3015,42,5,15
11750,6822,73,2,10
11751,6764,84,3,20
11752,4495,8,2,10
11753,2334,53,2,0
11754,2796,8,3,0
11755,7745,71,3,10
11756,3941,61,1,0
11757,462,30,1,10
11758,3743,79,1,5
11759,942,34,1,20
11760,711,52,2,15
11761,6437,29,1,10
11762,8258,54,5,0
11763,5012,47,1,5
11764,2628,80,2,0
11765,1425,32,4,0
11766,9145,88,2,10
11767,9041,85,2,0
11768,8373,49,2,15
11769,996,14,2,15
11770,8145,94,4,0
11771,7219,78,3,0
11772,4532,99,2,20
11773,2944,34,5,20
11774,3954,12,3,10
11775,6999,69,2,0
11776,4388,3,1,20
11777,198,85,4,20
11778,4588,77,5,0
11779,234,82,4,10
11780,6134,29,3,15
11781,9324,45,4,15
11782,5355,10,2,20
11783,7165,7,1,5
11784,1545,29,2,0
11785,477,63,1,5
11786,2793,37,4,5
11787,7449,89,1,5
11788,2098,39,4,5
11789,9675,98,3,20
11790,4299,11,5,10
11791,9264,65,4,20
11792,3704,41,1,5
11793,8741,87,3,0
11794,1675,34,4,20
11795,7480,57,2,10
11796,3332,88,4,20
11797,6956,88,4,15
11798,9850,54,1,15
11799,651,24,4,15
11800,5726,96,5,0
11801,1425,3,4,5
11802,4206,68,2,10
11803,1744,97,4,15
11804,85,14,1,5
11805,8085,60,3,15
11806,6036,68,4,20
11807,5244,76,3,15
11808,7859,90,2,20
11809,5587,24,2,0
11810,9493,58,4,15
11811,4512,97,3,20
11812,877,60,1,20
11813,1007,53,3,10
11814,7582,92,1,0
11815,2545,36,4,5
11816,9560,47,4,15
11817,8296,4,3,0
11818,1124,81,5,10
11819,7472,20,3,20
11820,4737,66,4,15
11821,6313,16,2,15
11822,8409,44,2,0
11823,4635,89,1,0
11824,520,24,2,15
11825,7011,62,2,15
11826,472,48,1,15
11827,1116,30,4,10
11828,4534,44,5,5
11829,3987,55,3,20
11830,9881,63,5,20
11831,5902,11,2,10
11832,6598,9,2,10
11833,5679,78,3,15
11834,9767,24,2,0
11835,8536,30,1,10
11836,2865,48,4,0
11837,3140,47,1,20
11838,3552,61,2,5
11839,1697,65,3,20
11840,6792,3,4,0
11841,5381,83,1,10
11842,8583,47,3,20
11843,7854,40,2,20
11844,648,4,2,0
11845,8279,89,5,0
11846,4244,8,5,15
11847,4561,52,4,10
11848,2968,40,5,10
11849,1169,70,2,15
11850,5294,99,3,5
11851,693,60,1,10
11852,1351,58,3,15
11853,1737,98,3,15
11854,4503,76,5,15
11855,4340,59,2,5
11856,7113,51,1,0
11857,7535,52,1,10
11858,8090,2,2,15
11859,9986,88,3,0
11860,4174,76,5,15
11861,1173,13,1,15
11862,2759,35,4,20
11863,1986,33,4,10
11864,3929,95,3,15
11865,1335,80,2,10
11866,567,1,1,5
11867,809,20,5,20
11868,9593,82,3,10
11869,5049,68,1,15
11870,2878,52,4,5
11871,1157,86,2,20
11872,3384,37,1,10
11873,7457,22,1,0
11874,7686,33,3,15
11875,986,19,4,15
11876,1094,40,1,15
11877,2451,4,5,15
11878,3322,9,4,20
11879,6239,33,5,20
11880,7378,13,3,5
11881,9826,56,4,0
11882,40,74,5,15
11883,7389,69,1,0
11884,481,9,2,5
11885,644,25,3,20
11886,232,23,3,15
11887,5509,12,1,20
11888,1313,75,2,20
11889,844,16,3,10
11890,379,41,4,5
11891,6704,73,3,20
11892,6123,13,5,15
11893,5368,27,5,20
11894,9282,45,3,15
11895,6853,77,1,20
11896,4382,12,3,20
11897,6293,29,1,20
11898,6034,74,1,5
11899,5593,64,5,0
11900,6664,24,2,10
11901,8965,98,1,5
11902,9432,88,2,20
11903,4258,24,5,15
11904,2092,63,4,10
11905,1136,90,1,10
11906,570,21,1,0
11907,8163,84,2,0
11908,392,49,3,5
11909,6189,62,4,15
11910,7519,55,2,20
11911,1893,60,1,0
11912,4740,87,2,10
11913,1068,5,4,5
11914,8275,52,3,15
11915,9901,23,2,0
11916,7841,92,4,0
11917,1614,34,4,20
11918,8431,17,3,10
11919,8865,13,3,15
11920,4566,17,4,10
11921,3248,79,4,20
11922,4446,46,5,0
11923,5699,15,1,15
11924,1412,32,1,10
11925,8432,99,5,15
11926,1204,96,5,10
11927,5467,15,3,15
11928,2947,32,1,0
11929,3568,64,1,20
11930,9748,25,2,15
11931,6508,55,3,5
11932,6744,65,3,5
11933,225,57,3,10
11934,754,13,3,5
11935,6573,55,3,10
11936,7036,73,1,5
11937,4491,81,4,15
11938,6870,97,3,10
11939,762,17,5,20
11940,7505,10,5,20
11941,3722,32,1,20
11942,4265,57,2,5
11943,5448,22,3,20
11944,8661,92,1,15
11945,1567,79,4,5
11946,1521,39,2,20
11947,1035,68,3,0
11948,6382,66,4,5
11949,1830,20,3,5
11950,9323,7,5,0
11951,5793,78,4,5
11952,2479,35,5,5
11953,1835,79,1,10
11954,9695,34,2,20
11955,6430,70,5,10
11956,5854,64,2,20
11957,8395,98,4,5
11958,6636,3,4,0
11959,8485,64,1,20
11960,7252,44,2,20
11961,5316,9,2,5
11962,287,73,4,0
11963,3908,57,2,20
11964,8920,36,5,10
11965,8460,25,3,5
11966,5263,72,3,20
11967,8079,85,2,15
11968,7632,74,1,5
11969,5120,46,1,20
11970,4627,72,2,5
11971,6335,10,4,15
11972,6209,34,3,15
11973,8762,62,5,10
11974,6523,71,3,15
11975,6375,60,5,15
11976,4018,35,1,10
11977,8709,19,5,0
11978,9998,84,4,0
11979,4943,82,4,20
11980,3414,24,2,15
11981,3466,88,3,20
11982,4665,64,1,10
11983,5870,96,3,5
11984,5017,85,1,0
11985,777,74,5,20
11986,6458,92,4,10
11987,7270,74,5,0
11988,7444,92,2,15
11989,308,89,4,10
11990,3276,35,5,15
11991,5675,88,1,0
11992,2931,73,5,0
11993,9843,53,3,10
11994,9314,5,3,5
11995,1062,88,4,20
11996,5349,11,4,5
11997,5719,63,4,5
11998,112,67,5,15
11999,1718,83,5,20
12000,3978,53,1,15
12001,4966,48,4,20
12002,3680,78,5,5
12003,1168,51,1,0
12004,9805,74,3,20
12005,8477,98,2,10
12006,2213,90,4,20
12007,1098,96,1,20
12008,4036,8,1,0
12009,7836,47,2,15
12010,1435,37,2,5
12011,7736,52,5,0
12012,3969,56,2,15
12013,4493,36,2,5
12014,2120,59,5,20
12015,5630,46,4,10
12016,9616,17,4,5
12017,7957,59,4,5
12018,294,87,2,5
12019,7016,6,2,0
12020,6936,47,1,20
12021,7374,48,3,0
12022,8144,29,5,20
12023,2177,83,1,10
12024,1175,87,4,15
12025,1404,66,5,20
12026,7482,33,5,10
12027,4253,92,2,5
12028,1976,67,1,0
12029,4581,8,4,5
12030,1590,80,1,20
12031,7243,45,4,20
12032,3609,23,4,15
12033,268,35,3,15
12034,9665,72,4,15
12035,3476,38,5,15
12036,5471,33,4,5
12037,2166,27,1,5
12038,468,97,5,10
12039,3665,71,5,15
12040,597,46,4,15
12041,7058,66,1,5
12042,310,26,3,15
12043,2866,32,2,0
12044,2223,21,4,20
12045,938,66,1,0
12046,9179,72,5,15
12047,1005,26,3,10
12048,5096,67,1,15
12049,7762,25,5,5
12050,4753,45,2,15
12051,5318,29,3,20
12052,6634,71,3,15
12053,8218,87,2,20
12054,9413,2,3,0
12055,5235,21,4,20
12056,6747,53,4,15
12057,6022,53,3,0
12058,6542,1,1,20
12059,3448,4,2,15
12060,5070,99,1,0
12061,7112,83,2,20
12062,2268,35,5,10
12063,9017,90,3,0
12064,3830,13,2,5
12065,8534,25,4,15
12066,4450,22,5,10
12067,2804,68,3,0
12068,7193,81,4,10
12069,7021,43,4,10
12070,8812,67,3,15
12071,9629,89,1,20
12072,1356,50,3,10
12073,7112,31,4,20
12074,989,46,2,10
12075,5362,58,5,10
12076,1489,57,1,15
12077,4716,74,3,5
12078,8131,49,1,15
12079,5730,45,2,5
12080,2972,82,4,15
12081,4158,23,4,10
12082,1155,75,4,15
12083,2273,13,2,15
12084,6802,31,3,0
12085,5234,62,1,10
12086,9472,98,1,15
12087,8254,82,4,15
12088,6676,81,2,10
12089,2961,71,2,5
12090,2289,27,5,5
12091,5846,56,2,15
12092,3461,61,1,0
12093,9321,11,5,5
12094,85,96,4,0
12095,4862,46,3,0
12096,9895,56,5,5
12097,3354,84,1,0
12098,1294,27,3,20
12099,2807,54,3,10
12100,1384,18,5,15
12101,9069,99,2,10
12102,8331,96,1,20
12103,5544,62,1,10
12104,6545,30,5,15
12105,456,78,1,5
12106,5427,100,3,5
12107,9317,59,1,20
12108,6600,43,1,0
12109,7602,61,2,15
12110,3917,28,5,5
12111,2775,75,4,15
12112,1546,15,2,0
12113,8592,99,5,5
12114,3729,49,3,20
12115,9909,36,2,15
12116,8344,31,5,0
12117,6908,39,3,5
12118,7694,52,4,0
12119,4194,14,5,0
12120,1455,31,4,10
12121,3027,47,5,15
12122,1303,13,4,15
12123,1556,40,2,5
12124,7340,47,3,0
12125,820,75,3,20
12126,7400,41,4,20
12127,5482,92,3,5
12128,401,53,4,15
12129,1776,24,3,20
12130,4436,35,2,10
12131,8336,42,3,5
12132,449,92,5,20
12133,6975,3,5,15
12134,8266,33,5,5
12135,8598,73,2,20
12136,3030,89,3,5
12137,8444,9,1,5
12138,3073,81,4,5
12139,9555,92,2,20
12140,2489,65,5,15
12141,7324,63,5,15
12142,3309,16,2,10
12143,220,30,3,15
12144,4227,32,2,20
12145,5611,4,2,20
12146,7232,68,5,15
12147,3711,1,3,0
12148,7578,38,1,20
12149,8249,65,5,20
12150,6496,52,2,0
12151,8656,27,4,15
12152,4788,53,2,5
12153,849,32,3,20
12154,4438,50,4,0
12155,2169,85,4,15
12156,9112,2,4,15
12157,563,34,5,0
12158,3213,69,2,10
12159,3099,99,1,15
12160,497,32,3,10
12161,6193,35,1,15
12162,7376,24,1,20
12163,129,56,5,0
12164,2422,22,1,20
12165,8600,3,2,5
12166,7149,28,1,0
12167,1382,32,5,20
12168,806,72,4,5
12169,9871,83,4,15
12170,2810,78,2,5
12171,1921,74,1,5
12172,2922,52,4,15
12173,5790,48,3,5
12174,8869,25,4,5
12175,5266,62,5,20
12176,8319,64,2,10
12177,6528,69,5,5
12178,1601,71,3,5
12179,1864,100,3,15
12180,9275,41,5,20
12181,3235,71,4,20
12182,3475,71,2,0
12183,4009,72,3,10
12184,7452,94,2,20
12185,9414,48,5,10
12186,2266,16,1,10
12187,5631,97,5,10
12188,6185,16,5,15
12189,8366,4,3,20
12190,1617,65,5,0
12191,2550,76,1,0
12192,8617,97,1,20
12193,1377,33,1,15
12194,2233,73,3,20
12195,8749,27,1,20
12196,1059,1,1,15
12197,413,47,4,5
12198,8118,62,2,5
12199,9378,97,5,15
12200,1629,36,1,20
12201,6466,10,5,20
12202,4706,32,2,5
12203,472,26,2,10
12204,4865,37,1,20
12205,1983,32,4,5
12206,7949,91,4,15
12207,4037,13,1,10
12208,1027,99,2,15
12209,6451,47,1,5
12210,372,56,4,20
12211,1326,27,2,20
12212,4212,30,3,15
12213,3700,85,1,20
12214,4683,57,4,0
12215,2710,40,1,15
12216,2405,77,2,15
12217,8284,76,3,10
12218,856,35,4,15
12219,7885,76,2,5
12220,920,65,2,20
12221,4991,14,5,20
12222,9367,36,4,20
12223,5306,71,3,15
12224,2012,27,4,20
12225,6904,33,2,15
12226,9181,15,2,20
12227,1102,95,1,15
12228,3557,86,1,0
12229,5211,21,1,10
12230,6776,24,4,20
12231,3403,10,2,5
12232,4517,19,5,20
12233,2701,50,3,15
12234,6297,84,5,15
12235,5251,7,2,0
12236,1058,68,3,0
12237,7381,82,4,5
12238,499,80,3,10
12239,9997,94,4,15
12240,1878,34,2,15
12241,9249,95,1,15
12242,1099,42,5,0
12243,2133,8,3,15
12244,5023,38,3,15
12245,2112,61,3,0
12246,3478,87,5,15
12247,4987,54,4,20
12248,9297,30,3,15
12249,4921,77,1,10
12250,7566,41,2,0
12251,7434,23,3,20
12252,6808,26,1,0
12253,3911,35,2,5
12254,9192,12,2,5
12255,183,84,1,15
12256,373,61,4,5
12257,6305,44,1,15
12258,5119,97,1,5
12259,6668,70,3,0
12260,6632,76,4,5
12261,2582,46,4,5
12262,4022,83,1,5
12263,1775,5,4,5
12264,6193,99,3,5
12265,8025,24,3,0
12266,6537,5,5,15
12267,4282,60,4,0
12268,6616,42,2,10
12269,4539,31,3,15
12270,9758,78,3,20
12271,254,42,4,0
12272,8430,12,5,15
12273,8560,11,4,15
12274,575,78,4,15
12275,3155,24,5,5
12276,3423,57,2,5
12277,3365,45,1,10
12278,2553,95,2,10
12279,4903,38,2,5
12280,4706,2,5,15
12281,3993,18,5,5
12282,1628,56,5,5
12283,6271,71,5,5
12284,7760,99,1,20
12285,6698,86,3,0
12286,2665,9,2,15
12287,795,65,1,15
12288,741,72,2,0
12289,7789,35,2,15
12290,4245,37,5,20
12291,9742,71,5,0
12292,6247,96,5,20
12293,3862,84,3,20
12294,4799,22,4,5
12295,6103,93,1,10
12296,1260,16,5,10
12297,5939,52,3,15
12298,7011,13,1,20
12299,2664,67,5,5
12300,4246,55,5,0
12301,9910,1,4,20
12302,5654,42,3,10
12303,6304,96,2,5
12304,5244,20,3,5
12305,6896,10,3,20
12306,8981,96,2,15
12307,8420,13,1,10
12308,6982,18,3,0
12309,7020,49,5,0
12310,3180,81,4,0
12311,2758,53,3,0
12312,6262,30,3,5
12313,7851,25,2,5
12314,4797,24,5,0
12315,294,1,3,15
12316,6880,97,4,20
12317,4178,41,5,5
12318,7098,65,1,20
12319,7611,30,1,20
12320,768,74,3,5
12321,3531,29,4,5
12322,1894,33,3,10
12323,6763,11,3,5
12324,2980,91,3,10
12325,5286,14,5,15
12326,8145,41,4,15
12327,7037,11,4,10
12328,8197,8,3,5
12329,1903,100,1,0
12330,141,55,2,0
12331,8991,23,2,10
12332,8635,55,2,15
12333,3916,94,5,15
12334,9053,74,2,0
12335,4390,91,5,20
12336,991,39,3,20
12337,5567,24,4,15
12338,6390,36,3,15
12339,944,85,2,15
12340,9879,16,3,20
12341,174,33,1,10
12342,4311,14,2,15
12343,3643,27,3,10
12344,773,92,3,15
12345,3086,47,2,20
12346,4843,62,4,5
12347,3491,51,2,5
12348,8537,66,2,20
12349,6169,84,1,15
12350,2009,30,3,15
12351,9797,85,4,15
12352,9840,95,5,10
12353,4032,42,4,20
12354,5860,89,1,5
12355,9586,39,4,10
12356,9739,40,2,10
12357,6336,58,4,20
12358,7743,83,2,15
12359,1102,86,3,5
12360,8189,26,2,0
12361,844,55,2,15
12362,7211,19,4,0
12363,1041,81,2,10
12364,6551,76,3,15
12365,1103,22,4,15
12366,3667,54,3,0
12367,7706,95,2,5
12368,1948,87,3,0
12369,7792,33,5,0
12370,105,55,5,5
12371,2663,56,2,0
12372,2897,85,1,5
12373,3622,3,5,0
12374,8667,55,1,5
12375,272,65,5,10
12376,9196,28,1,15
12377,5396,51,2,5
12378,5997,26,4,20
12379,5992,90,2,0
12380,2226,86,3,0
12381,8827,56,3,15
12382,2275,29,4,10
12383,56,26,1,15
12384,8057,42,1,20
12385,9815,96,1,20
12386,7410,43,3,10
12387,5074,89,5,0
12388,4798,63,4,15
12389,3586,76,1,10
12390,7127,45,2,20
12391,5456,23,4,5
12392,6073,77,1,10
12393,3290,36,2,0
12394,7606,45,4,15
12395,6452,50,1,5
12396,28,29,1,15
12397,96,14,5,10
12398,6312,57,4,5
12399,1508,69,5,10
12400,2356,100,2,10
12401,8090,69,5,5
12402,1018,50,5,5
12403,382,92,3,10
12404,4814,86,2,20
12405,1160,21,5,10
12406,8881,24,5,10
12407,3463,70,1,0
12408,3009,40,1,5
12409,6632,96,1,5
12410,5458,40,2,10
12411,9159,46,5,10
12412,8381,5,1,5
12413,2059,50,3,10
12414,7952,28,5,20
12415,4202,62,1,20
12416,7703,84,3,20
12417,6730,81,3,5
12418,1578,23,5,10
12419,6125,22,4,20
12420,9861,98,2,15
12421,6464,24,3,10
12422,8256,83,1,0
12423,899,30,1,15
12424,4122,84,5,15
12425,476,37,1,20
12426,7614,94,4,20
12427,6246,32,1,15
12428,8193,9,5,0
12429,6267,44,5,15
12430,3770,28,5,0
12431,4936,85,2,10
12432,9755,58,2,5
12433,5669,94,1,0
12434,5605,47,2,10
12435,1448,45,4,15
12436,9784,22,3,20
12437,5186,28,1,20
12438,2330,21,4,15
12439,5977,83,5,5
12440,3864,85,5,0
12441,4396,37,5,5
12442,3021,71,5,10
12443,5559,58,5,0
12444,8455,87,1,10
12445,3099,96,2,15
12446,9195,98,3,0
12447,2749,20,2,20
12448,5987,82,5,5
12449,5488,84,4,10
12450,6767,8,1,10
12451,7095,15,3,0
12452,766,35,5,20
12453,6235,65,5,15
12454,5622,57,1,10
12455,6871,65,3,15
12456,2975,65,5,15
12457,3657,1,5,0
12458,2107,96,1,20
12459,7096,58,2,20
12460,7912,16,2,15
12461,3465,62,4,5
12462,7868,26,1,0
12463,4792,4,5,10
12464,468,83,4,0
12465,8415,44,1,15
12466,6623,57,3,0
12467,6545,10,1,5
12468,7938,82,4,20
12469,9170,66,3,5
12470,3602,81,5,15
12471,1487,79,2,20
12472,1395,100,1,15
12473,9004,94,2,20
12474,3981,53,4,20
12475,6841,90,1,5
12476,146,86,4,20
12477,5924,73,4,0
12478,3169,21,1,10
12479,1851,71,1,20
12480,4838,30,5,15
12481,835,13,4,10
12482,367,32,5,15
12483,3017,95,2,5
12484,4555,23,1,10
12485,4936,28,5,0
12486,300,59,2,20
12487,2302,27,4,10
12488,7281,99,5,20
12489,9643,14,3,15
12490,9174,44,4,10
12491,9846,24,2,15
12492,1005,33,2,0
12493,7900,20,3,10
12494,595,13,3,20
12495,7098,13,2,15
12496,1541,31,5,0
12497,5436,25,4,5
12498,7059,10,4,15
12499,1350,87,2,10
12500,3375,67,5,20
12501,922,73,4,20
12502,5761,74,3,15
12503,9802,50,2,20
12504,2550,39,1,10
12505,9154,85,1,15
12506,3948,55,3,15
12507,1306,11,5,15
12508,4236,7,4,10
12509,9616,88,1,0
12510,5924,46,2,20
12511,472,16,3,20
12512,7198,25,4,10
12513,3737,42,1,15
12514,766,95,1,20
12515,2589,97,5,10
12516,47,82,3,0
12517,8504,54,4,0
12518,117,78,1,15
12519,5919,5,3,20
12520,3210,74,5,0
12521,5692,1,3,10
12522,2733,12,5,10
12523,1912,17,1,5
12524,6336,19,4,10
12525,3599,27,4,10
12526,6940,38,2,15
12527,9281,33,2,0
12528,7326,48,3,5
12529,5273,45,2,5
12530,4874,94,5,5
12531,2175,100,3,0
12532,5315,87,4,20
12533,9037,6,4,5
12534,9047,43,4,0
12535,466,63,2,20
12536,8711,80,3,0
12537,1937,71,1,10
12538,1298,2,3,0
12539,1310,74,2,0
12540,4659,41,1,10
12541,1850,12,3,20
12542,2091,18,5,5
12543,5131,65,3,15
12544,7338,2,2,20
12545,9128,82,1,15
12546,1915,78,3,15
12547,461,45,2,20
12548,5913,83,4,5
12549,5581,42,5,0
12550,3971,96,4,15
12551,6695,11,5,20
12552,544,7,5,15
12553,2544,36,3,20
12554,6104,42,2,0
12555,2254,18,1,10
12556,6056,52,2,0
12557,4546,85,3,0
12558,4397,42,4,20
12559,4300,63,4,10
12560,7161,21,4,20
12561,1920,37,2,5
12562,9533,19,4,0
12563,70,50,5,15
12564,6652,58,3,10
12565,8492,32,1,0
12566,922,69,1,5
12567,3151,35,5,20
12568,4058,24,2,15
12569,4774,82,3,0
12570,1914,70,4,10
12571,8573,82,1,15
12572,7062,1,5,0
12573,7762,77,3,15
12574,6730,92,1,5
12575,993,26,1,5
12576,5687,50,2,5
12577,1407,25,3,0
12578,6549,34,4,5
12579,402,85,5,10
12580,8733,61,4,0
12581,1132,90,2,0
12582,3880,89,2,0
12583,5554,60,1,10
12584,1746,77,3,20
12585,3644,26,4,5
12586,6030,11,2,5
12587,8747,56,2,20
12588,7388,45,3,15
12589,8955,20,2,20
12590,5556,61,2,0
12591,2116,48,4,5
12592,3655,35,1,10
12593,3149,32,5,20
12594,136,100,2,15
12595,5562,78,2,15
12596,6584,43,1,20
12597,3866,62,2,0
12598,928,13,4,5
12599,9050,70,1,15
12600,8012,17,2,0
12601,1432,2,2,5
12602,8447,29,1,0
12603,1087,1,2,20
12604,7570,38,4,5
12605,9796,48,4,10
12606,6939,84,5,10
12607,8020,90,1,5
12608,703,59,2,0
12609,6897,14,1,5
12610,8269,31,3,20
12611,7030,82,1,15
12612,1765,50,3,20
12613,3499,15,2,5
12614,515,51,5,0
12615,2836,41,5,15
12616,8640,15,1,0
12617,2142,44,2,15
12618,674,55,1,5
12619,2304,50,1,15
12620,1557,37,2,10
12621,5121,71,4,10
12622,1344,38,3,20
12623,3002,29,1,5
12624,8802,39,2,20
12625,7638,26,2,5
12626,353,57,4,5
12627,7641,48,2,10
12628,8184,35,4,10
12629,6216,39,1,5
12630,3163,2,3,10
12631,5034,89,1,5
12632,1876,21,3,5
12633,8525,28,3,20
12634,4168,51,1,0
12635,6755,2,1,10
12636,812,31,2,15
12637,8122,55,5,0
12638,2234,29,3,15
12639,9394,14,1,0
12640,3076,26,1,15
12641,7416,92,3,20
12642,146,51,2,0
12643,8048,2,5,20
12644,6395,58,5,10
12645,1407,38,2,0
12646,6592,48,5,10
12647,5190,95,4,15
12648,5748,39,3,20
12649,1995,81,4,0
12650,7172,12,4,5
12651,1309,46,4,15
12652,3168,76,4,5
12653,7464,77,3,10
12654,3265,8,3,0
12655,7032,95,3,20
12656,7330,10,1,5
12657,7735,95,1,10
12658,3393,86,5,15
12659,4472,14,1,15
12660,7802,84,3,10
12661,4596,5,1,5
12662,6233,11,4,0
12663,7544,41,5,20
12664,1917,13,1,0
12665,383,9,2,20
12666,3514,84,4,0
12667,2460,45,4,5
12668,526,19,5,5
12669,5963,52,2,0
12670,4886,29,5,20
12671,5673,7,1,10
12672,4504,9,2,0
12673,6371,41,5,15
12674,1946,20,1,10
12675,879,15,2,5
12676,3346,18,4,0
12677,3720,20,1,20
12678,1002,98,3,15
12679,6311,89,1,5
12680,6568,32,1,0
12681,5989,51,5,15
12682,1655,92,4,0
12683,6807,17,4,15
12684,9137,17,1,10
12685,5809,84,4,15
12686,4609,92,4,10
12687,582,22,4,0
12688,5870,67,4,0
12689,9056,81,4,0
12690,3907,40,4,0
12691,8152,52,1,5
12692,7417,74,5,20
12693,6786,60,3,10
12694,9586,99,3,20
12695,7843,28,4,20
12696,6978,85,2,15
12697,5768,89,5,0
12698,2010,62,5,20
12699,6394,25,5,0
12700,1132,63,5,5
12701,3572,91,5,20
12702,8330,30,3,0
12703,2991,85,3,20
12704,6326,21,4,5
12705,8706,4,5,15
12706,9976,22,4,5
12707,2094,15,1,20
12708,7472,31,4,15
12709,4884,23,3,10
12710,4008,41,4,10
12711,8448,1,4,20
12712,9364,33,1,15
12713,2167,57,5,5
12714,736,44,4,20
12715,6388,40,2,20
12716,9037,58,2,5
12717,4667,91,4,5
12718,2683,37,4,10
12719,4444,17,5,15
12720,2691,22,2,0
12721,3083,1,3,0
12722,98,82,3,0
12723,2669,95,5,10
12724,8662,54,5,5
12725,5393,3,3,20
12726,5879,26,4,10
12727,816,31,3,5
12728,7194,5,2,5
12729,99,26,4,0
12730,3684,49,2,15
12731,3637,74,5,5
12732,8235,36,2,10
12733,8922,11,2,0
12734,31,72,5,10
12735,4425,12,2,10
12736,2306,53,2,5
12737,8340,74,5,0
12738,287,71,3,0
12739,572,5,5,0
12740,9836,63,4,10
12741,7674,77,3,0
12742,845,47,1,5
12743,1657,76,4,0
12744,1341,15,4,0
12745,8777,63,5,5
12746,2510,30,5,10
12747,5467,38,4,15
12748,8291,34,4,15
12749,7879,41,1,15
12750,3255,36,3,15
12751,133,75,3,10
12752,4890,23,4,10
12753,854,62,4,15
12754,4596,39,3,0
12755,802,49,1,20
12756,2721,6,5,10
12757,1124,91,2,5
12758,2424,5,2,20
12759,8091,88,4,15
12760,3401,88,5,10
12761,2249,75,1,20
12762,5036,49,1,5
12763,2267,32,5,0
12764,8250,18,3,10
12765,1586,95,3,0
12766,6740,99,3,5
12767,4847,6,2,20
12768,2965,51,4,15
12769,3567,14,4,15
12770,8727,82,3,0
12771,5029,25,4,10
12772,4675,31,1,20
12773,7302,89,3,10
12774,2225,29,5,15
12775,2553,66,1,0
12776,9168,64,1,10
12777,2819,66,3,10
12778,3836,85,1,0
12779,5840,99,5,15
12780,700,59,5,0
12781,4299,71,1,5
12782,9874,67,2,20
12783,8419,10,1,20
12784,6463,6,3,10
12785,1630,45,5,5
12786,8646,43,1,20
12787,8810,10,5,0
12788,4596,75,4,20
12789,6801,35,3,5
12790,3944,94,4,0
12791,5204,76,4,10
12792,3765,30,2,10
12793,3407,35,1,0
12794,8277,23,3,0
12795,4584,69,4,10
12796,450,19,2,20
12797,4296,83,5,5
12798,970,89,2,5
12799,143,95,3,20
12800,7175,22,5,15
12801,5050,86,2,20
12802,4623,25,3,20
12803,6393,18,1,5
12804,1989,69,3,0
12805,9182,6,4,0
12806,7293,72,1,20
12807,9099,69,4,10
12808,9450,67,3,10
12809,1153,64,2,5
12810,3176,38,2,10
12811,2042,26,5,15
12812,1924,57,3,10
12813,6851,42,1,15
12814,3346,83,5,10
12815,2765,52,2,0
12816,6929,14,5,10
12817,3603,34,5,10
12818,2693,4,3,20
12819,4327,59,1,20
12820,5622,37,1,5
12821,4698,92,3,15
12822,8554,72,3,5
12823,886,3,3,0
12824,7610,82,2,10
12825,3148,42,2,5
12826,4192,40,3,20
12827,2465,75,3,15
12828,9730,59,5,15
12829,1864,18,5,15
12830,128,8,2,10
12831,2260,96,2,5
12832,6044,50,2,10
12833,6588,92,4,15
12834,5281,10,4,15
12835,6680,30,1,5
12836,1250,64,2,0
12837,1651,55,2,10
12838,4568,22,1,15
12839,9379,49,1,15
12840,7103,6,1,0
12841,4900,8,5,5
12842,9311,25,4,15
12843,6665,50,4,5
12844,6417,5,5,20
12845,5530,89,3,20
12846,8287,90,2,15
12847,1943,6,2,10
12848,5384,72,3,10
12849,3414,64,4,20
12850,7868,31,3,0
12851,7631,40,1,10
12852,8136,11,3,20
12853,2265,73,1,5
12854,1970,32,3,20
12855,8765,64,1,10
12856,3375,19,1,20
12857,307,91,3,15
12858,8479,93,5,20
12859,1020,7,5,20
12860,8746,81,4,10
12861,7068,62,2,5
12862,4446,84,3,20
12863,8212,88,3,0
12864,7907,14,4,10
12865,2814,38,4,15
12866,9789,30,5,20
12867,5403,3,2,0
12868,130,42,2,20
12869,5578,51,3,5
12870,6415,84,2,10
12871,5551,70,4,0
12872,3078,36,4,15
12873,1221,41,3,0
12874,20,14,2,20
12875,8408,1,1,10
12876,3926,39,1,20
12877,2841,37,3,5
12878,9057,67,1,15
12879,7582,62,2,5
12880,4895,26,2,20
12881,201,51,5,10
12882,4995,81,2,5
12883,3674,13,1,0
12884,2852,96,3,0
12885,2055,71,2,5
12886,7786,3,4,20
12887,972,5,2,0
12888,2578,23,3,5
12889,7570,73,2,0
12890,6467,51,2,5
12891,4555,11,5,0
12892,8423,12,3,15
12893,9184,93,3,0
12894,5837,18,2,10
12895,8303,71,2,20
12896,82,92,2,0
12897,2127,95,3,5
12898,8671,61,1,0
12899,7309,51,5,5
12900,1798,37,1,5
12901,7616,69,3,20
12902,1328,78,2,20
12903,3114,28,4,5
12904,9542,58,3,10
12905,9750,30,3,10
12906,272,91,4,5
12907,9690,39,2,0
12908,4383,81,4,15
12909,3395,30,1,0
12910,1214,22,1,10
12911,2019,36,3,20
12912,8515,36,2,15
12913,8106,71,5,10
12914,7269,10,1,0
12915,2089,58,2,20
12916,7870,69,4,10
12917,5396,16,4,15
12918,9022,67,3,0
12919,6056,87,1,20
12920,3,79,4,0
12921,1407,29,1,10
12922,474,86,5,0
12923,6969,21,4,5
12924,9401,61,3,0
12925,2629,62,5,5
12926,3046,22,2,10
12927,2970,30,2,5
12928,3365,5,5,15
12929,919,90,1,5
12930,6327,71,2,0
12931,3851,26,3,5
12932,3167,58,3,5
12933,6803,93,2,5
12934,3209,76,5,5
12935,7919,8,1,15
12936,6970,19,5,10
12937,3081,100,5,15
12938,2762,34,2,5
12939,7185,74,2,10
12940,6976,21,5,0
12941,7777,44,2,5
12942,7216,62,3,20
12943,8333,68,4,0
12944,4636,30,4,10
12945,4090,87,5,5
12946,4299,60,5,15
12947,875,26,2,20
12948,8838,38,1,10
12949,4743,56,3,15
12950,5593,73,3,20
12951,3962,50,4,20
12952,2148,8,5,20
12953,4823,46,4,0
12954,2492,91,1,0
12955,7774,43,4,20
12956,1050,81,5,20
12957,2537,55,4,0
12958,7782,8,1,5
12959,6884,31,3,5
12960,493,1,3,15
12961,5833,88,2,5
12962,9948,58,5,5
12963,9141,3,4,10
12964,3784,46,5,10
12965,8359,22,4,0
12966,6234,72,2,0
12967,3775,30,5,10
12968,1562,49,4,5
12969,1819,66,3,20
12970,9092,30,3,0
12971,3170,39,3,15
12972,828,72,1,15
12973,7754,41,2,10
12974,3426,29,4,10
12975,7781,100,5,20
12976,4568,97,3,10
12977,3663,4,5,10
12978,2349,81,4,15
12979,1674,88,2,20
12980,34,8,3,15
12981,3900,34,4,10
12982,3890,69,2,20
12983,8201,18,3,20
12984,9946,61,5,10
12985,4978,46,3,10
12986,295,40,1,10
12987,8976,98,4,20
12988,464,36,5,0
12989,6233,6,4,15
12990,9760,94,2,10
12991,4277,78,2,20
12992,2105,25,1,20
12993,2200,1,3,20
12994,849,39,4,20
12995,4854,6,5,20
12996,4819,1,5,10
12997,3236,34,4,10
12998,8005,80,4,20
12999,7937,67,2,15
13000,8359,55,2,10
13001,5302,67,2,0
13002,4853,5,5,0
13003,7245,15,3,15
13004,2865,57,1,5
13005,3245,76,3,10
13006,9654,94,5,5
13007,5256,26,2,15
13008,2300,20,5,15
13009,8026,60,3,0
13010,7153,26,4,20
13011,3545,97,2,10
13012,6036,34,5,0
13013,4208,15,5,10
13014,5898,65,4,5
13015,3273,73,1,5
13016,6372,64,4,10
13017,3977,33,1,10
13018,6166,57,1,15
13019,171,9,4,10
13020,5296,22,4,5
13021,5723,19,5,0
13022,1101,29,2,10
13023,3719,93,4,20
13024,4882,50,3,10
13025,9309,37,3,10
13026,847,1,3,0
13027,1767,58,4,15
13028,7516,48,2,0
13029,88,30,3,20
13030,9875,94,3,0
13031,1827,41,2,20
13032,9373,21,4,10
13033,5025,7,5,10
13034,1566,3,5,15
13035,7742,20,3,0
13036,3582,3,3,10
13037,7001,47,5,15
13038,8613,57,3,15
13039,7075,65,3,0
13040,9253,31,2,20
13041,9017,56,2,5
13042,7511,28,1,0
13043,2569,78,5,5
13044,9397,97,5,20
13045,3845,66,1,10
13046,1804,53,5,20
13047,3340,59,4,20
13048,7241,1,5,15
13049,3800,22,5,10
13050,6437,95,4,10
13051,9102,35,5,5
13052,2023,75,4,10
13053,4060,50,2,15
13054,1605,33,1,15
13055,2849,19,2,20
13056,3966,3,3,20
13057,6879,59,5,5
13058,8581,65,3,5
13059,7931,81,5,5
13060,8662,82,1,10
13061,9535,89,4,5
13062,3913,81,3,0
13063,2586,10,4,10
13064,6846,55,4,0
13065,4090,36,2,20
13066,8719,54,2,10
13067,8722,17,5,5
13068,3011,73,3,5
13069,2161,21,4,0
13070,1272,41,2,5
13071,5685,93,4,20
13072,1159,37,5,0
13073,8985,8,2,0
13074,6029,90,3,0
13075,5497,66,2,15
13076,1092,36,1,10
13077,1863,94,5,15
13078,9610,8,3,15
13079,3914,65,1,10
13080,508,3,3,10
13081,5983,24,3,5
13082,6709,41,3,15
13083,918,52,4,20
13084,2922,53,5,20
13085,8328,30,2,10
13086,6127,68,1,20
13087,7094,92,5,15
13088,3938,1,5,10
13089,6565,61,3,10
13090,849,84,2,15
13091,6571,85,3,15
13092,8415,75,1,5
13093,3813,79,1,0
13094,7849,39,4,5
13095,8478,52,5,0
13096,2004,8,3,0
13097,6821,83,5,5
13098,5996,65,4,15
13099,6302,51,2,0
13100,7150,10,5,20
13101,7168,33,1,10
13102,4076,63,4,15
13103,550,89,3,0
13104,5244,15,1,15
13105,1464,23,3,5
13106,1014,52,1,10
13107,7355,77,5,5
13108,4436,91,1,5
13109,1048,90,3,20
13110,8864,41,1,10
13111,5562,63,5,10
13112,6586,6,3,15
13113,536,62,2,15
13114,7199,11,1,20
13115,8838,24,3,5
13116,460,41,1,5
13117,6134,91,2,5
13118,2254,2,4,0
13119,9457,33,1,15
13120,3801,61,1,10
13121,4191,89,2,0
13122,4730,3,2,0
13123,9737,22,1,0
13124,2124,83,5,5
13125,4257,66,4,5
13126,6101,41,4,15
13127,5149,34,2,15
13128,2941,77,3,10
13129,1050,92,2,10
13130,2877,13,1,0
13131,6483,75,4,5
13132,6481,52,3,10
13133,58,96,5,0
13134,703,36,2,20
13135,6467,99,3,5
13136,6676,67,3,0
13137,9027,96,4,0
13138,5190,26,5,0
13139,743,80,1,10
13140,9215,97,3,20
13141,1515,32,4,20
13142,5662,54,3,15
13143,5628,53,4,15
13144,3922,26,1,20
13145,155,21,3,10
13146,3517,60,2,0
13147,6413,58,4,20
13148,8212,60,3,0
13149,5078,94,4,10
13150,6486,3,4,5
13151,5166,92,1,0
13152,4402,70,2,20
13153,871,10,4,10
13154,5697,39,4,20
13155,6565,52,2,15
13156,4809,69,5,15
13157,3269,83,1,0
13158,3028,27,1,20
13159,9294,47,4,15
13160,2646,51,5,15
13161,9747,44,3,5
13162,6392,99,1,15
13163,4594,74,4,5
13164,1961,100,5,15
13165,7048,45,5,20
13166,6543,85,1,20
13167,1854,93,2,10
13168,1984,82,1,5
13169,3735,80,5,20
13170,8183,61,2,15
13171,826,74,3,0
13172,6226,71,3,0
13173,6521,87,1,10
13174,7918,88,2,15
13175,3896,46,4,0
13176,9876,97,1,15
13177,2347,83,5,5
13178,6333,2,1,15
13179,5205,15,1,15
13180,8265,99,1,5
13181,1549,34,1,5
13182,7646,48,5,5
13183,7022,16,2,15
13184,4306,8,3,0
13185,7199,75,5,5
13186,410,81,4,5
13187,4035,13,3,0
13188,6729,82,4,20
13189,2791,54,3,5
13190,192,88,4,0
13191,2863,10,1,5
13192,8481,60,1,5
13193,7381,4,5,5
13194,9539,59,1,10
13195,3220,98,3,20
13196,7400,13,2,10
13197,588,89,5,5
13198,9298,60,3,15
13199,1405,27,3,20
13200,6129,45,2,5
13201,6096,64,4,10
13202,86,98,1,15
13203,4553,36,5,0
13204,4676,21,2,5
13205,4579,60,1,20
13206,911,44,4,10
13207,1970,100,4,20
13208,3407,85,2,0
13209,5672,37,3,0
13210,9692,72,4,10
13211,1846,66,2,15
13212,1873,78,5,20
13213,9777,1,3,5
13214,6680,74,5,0
13215,4699,71,5,15
13216,1247,2,4,20
13217,5573,91,4,5
13218,5318,100,1,10
13219,6469,45,5,20
13220,3037,88,4,20
13221,6436,31,1,15
13222,7828,60,1,20
13223,1419,30,1,15
13224,2017,21,1,5
13225,6727,65,2,10
13226,2631,28,1,20
13227,7143,55,1,0
13228,5650,86,5,15
13229,4934,95,5,20
13230,5036,46,2,0
13231,1749,4,2,20
13232,86,27,4,15
13233,8232,36,1,15
13234,5081,16,5,20
13235,3918,66,4,15
13236,4011,16,5,15
13237,9223,70,4,20
13238,1127,10,1,5
13239,3035,57,5,10
13240,9034,87,2,0
13241,535,55,2,15
13242,1339,17,4,5
13243,4627,3,5,20
13244,2772,88,4,0
13245,2429,87,4,5
13246,4824,79,5,15
13247,2299,40,5,10
13248,8253,8,4,20
13249,5921,28,1,5
13250,778,82,2,5
13251,1063,87,3,10
13252,1930,30,5,5
13253,8402,46,1,5
13254,7522,73,4,0
13255,3124,42,3,20
13256,1742,98,3,15
13257,5280,15,3,0
13258,4478,33,3,10
13259,3377,63,4,0
13260,996,53,4,15
13261,3926,28,1,15
13262,6599,47,3,15
13263,2981,12,2,15
13264,1570,25,4,0
13265,6478,39,1,5
13266,2555,35,5,15
13267,3243,45,4,0
13268,673,5,4,0
13269,1543,56,5,0
13270,7396,36,1,20
13271,7189,66,4,0
13272,4589,71,4,5
13273,1535,37,4,0
13274,1931,7,3,15
13275,5975,63,3,5
13276,1228,40,2,0
13277,1296,61,1,0
13278,656,51,3,20
13279,3078,68,3,5
13280,7350,59,2,20
13281,3015,66,5,15
13282,5574,65,3,10
13283,1564,94,2,5
13284,4367,37,5,10
13285,8569,89,5,15
13286,955,93,5,5
13287,4605,52,4,10
13288,4414,65,3,15
13289,9747,1,5,5
13290,6195,86,2,15
13291,6587,23,1,10
13292,7378,95,1,10
13293,2735,58,5,15
13294,7275,98,1,0
13295,3065,60,5,0
13296,6228,15,2,0
13297,6316,65,5,20
13298,1709,28,5,20
13299,768,15,4,20
13300,6122,42,4,15
13301,5424,59,2,0
13302,342,58,1,5
13303,757,65,1,5
13304,4034,88,2,10
13305,1868,20,3,10
13306,9274,55,1,0
13307,3387,31,3,20
13308,5995,99,2,15
13309,8605,13,5,0
13310,9558,69,4,15
13311,6989,61,3,20
13312,6768,58,1,20
13313,4262,98,4,0
13314,2374,47,1,20
13315,3983,61,1,0
13316,9892,14,1,0
13317,6676,94,3,5
13318,7798,62,3,10
13319,6868,23,5,10
13320,648,51,1,15
13321,3367,94,2,20
13322,3382,74,4,15
13323,7289,48,4,5
13324,9963,69,3,10
13325,260,60,1,10
13326,9395,91,5,0
13327,9099,78,1,15
13328,2598,12,3,5
13329,9855,31,5,5
13330,3689,86,1,10
13331,1051,94,1,10
13332,6377,70,4,0
13333,5738,99,4,0
13334,2350,24,1,15
13335,7034,92,4,0
13336,5260,48,3,15
13337,5572,2,3,15
13338,7244,50,3,10
13339,597,45,4,0
13340,5627,90,4,5
13341,3563,49,3,15
13342,5010,72,2,0
13343,2078,73,1,15
13344,6915,62,1,10
13345,7168,21,2,10
13346,1744,15,5,5
13347,2752,22,3,20
13348,9024,40,3,20
13349,1939,77,3,5
13350,7269,59,1,0
13351,3850,10,3,0
13352,7358,56,4,20
13353,8962,20,2,10
13354,5901,10,2,10
13355,3257,23,4,10
13356,9670,18,2,10
13357,1301,86,5,20
13358,4662,6,2,20
13359,1019,79,4,20
13360,7586,66,3,0
13361,4909,85,3,5
13362,8212,72,3,5
13363,8424,28,5,15
13364,6211,33,4,0
13365,9586,66,4,5
13366,6907,60,5,10
13367,3575,25,5,10
13368,9283,44,4,10
13369,2435,19,2,0
13370,4941,38,5,0
13371,8733,9,4,5
13372,2250,47,5,0
13373,3105,94,5,15
13374,2170,62,5,0
13375,9996,53,2,5
13376,6694,38,5,10
13377,6367,77,1,15
13378,5189,62,5,10
13379,579,11,2,15
13380,7014,18,2,0
13381,6985,92,2,5
13382,6589,4,4,15
13383,605,24,4,10
13384,9854,36,3,10
13385,2306,45,2,5
13386,8177,75,5,0
13387,5235,32,1,20
13388,1409,56,5,10
13389,7811,81,5,15
13390,2452,27,1,15
13391,4719,40,3,20
13392,8224,26,1,10
13393,1588,88,2,5
13394,474,52,2,20
13395,7176,8,4,20
13396,1434,45,5,5
13397,1280,68,1,15
13398,9782,61,4,10
13399,2204,98,3,15
13400,4609,51,3,0
13401,5880,60,3,20
13402,214,65,4,15
13403,3176,11,4,10
13404,8672,81,5,10
13405,3728,44,2,15
13406,1994,8,2,20
13407,7245,39,5,15
13408,1627,50,3,10
13409,5690,52,5,0
13410,2308,8,1,10
13411,3405,32,1,15
13412,4642,2,1,15
13413,9360,91,4,10
13414,8420,73,1,10
13415,9240,58,4,10
13416,1309,73,1,0
13417,7834,36,5,20
13418,3597,67,2,15
13419,9543,58,5,10
13420,7754,88,1,20
13421,4247,62,1,15
13422,9314,58,4,0
13423,415,38,2,10
13424,2544,60,4,20
13425,6125,75,3,5
13426,4770,84,1,0
13427,7656,99,3,10
13428,3679,7,2,5
13429,342,71,1,10
13430,512,11,5,10
13431,1802,72,4,10
13432,3062,19,2,10
13433,9624,55,1,10
13434,3377,89,5,15
13435,2622,39,5,20
13436,8051,42,3,20
13437,2712,79,3,20
13438,7211,15,2,15
13439,3950,37,2,15
13440,7508,19,3,5
13441,7822,12,3,0
13442,8355,24,5,15
13443,6554,32,1,20
13444,9711,21,5,0
13445,1728,42,3,10
13446,491,9,3,0
13447,1684,43,2,10
13448,961,28,1,0
13449,6528,81,3,15
13450,4132,90,1,15
13451,4068,13,2,10
13452,8852,5,5,20
13453,4700,91,3,15
13454,7729,82,2,15
13455,8661,11,1,0
13456,423,38,1,10
13457,5596,90,1,15
13458,5000,76,1,15
13459,4300,100,4,5
13460,5777,94,1,0
13461,4687,93,1,0
13462,9825,7,5,10
13463,9205,46,2,20
13464,3986,9,2,20
13465,9503,41,3,15
13466,1312,88,4,20
13467,4992,31,4,10
13468,5354,29,2,5
13469,2448,57,2,5
13470,7494,77,1,20
13471,181,24,3,0
13472,2148,94,2,15
13473,6483,47,2,20
13474,2785,52,3,20
13475,1683,32,1,5
13476,2422,33,2,0
13477,4307,74,4,20
13478,5126,56,3,10
13479,1393,91,2,5
13480,2849,93,1,15
13481,1168,6,5,10
13482,2423,46,4,10
13483,9176,75,2,20
13484,4625,100,5,20
13485,1896,46,5,0
13486,7140,93,1,20
13487,2129,75,2,5
13488,1214,34,2,15
13489,5034,67,3,15
13490,6857,34,1,15
13491,3858,11,3,0
13492,981,65,5,15
13493,8831,29,3,15
13494,1606,71,5,10
13495,5745,24,3,5
13496,4736,88,3,5
13497,4872,30,4,20
13498,81,11,4,0
13499,9039,27,5,15
13500,9495,61,1,0
13501,4471,89,1,20
13502,5458,25,2,0
13503,7801,46,4,10
13504,1142,37,4,20
13505,6056,36,4,0
13506,8128,52,5,5
13507,3216,14,3,10
13508,7306,56,1,0
13509,875,20,2,10
13510,1389,38,3,15
13511,4574,70,3,0
13512,3689,96,2,15
13513,9890,58,1,15
13514,3848,23,5,10
13515,8416,52,3,5
13516,7984,9,3,15
13517,595,15,4,5
13518,9911,38,2,15
13519,6651,41,1,0
13520,2078,86,2,15
13521,5007,58,2,0
13522,9892,68,4,10
13523,385,52,2,0
13524,5722,18,4,5
13525,8869,12,5,10
13526,5512,52,5,10
13527,5074,48,4,0
13528,8161,47,2,15
13529,1528,35,2,5
13530,660,57,5,20
13531,2831,63,2,0
13532,7559,20,2,0
13533,7478,3,3,5
13534,4138,23,1,5
13535,7025,30,3,20
13536,6205,6,4,0
13537,8496,83,3,0
13538,9643,39,1,5
13539,1424,98,1,5
13540,2003,41,3,5
13541,9063,25,1,15
13542,1933,46,2,20
13543,667,67,2,0
13544,2662,21,2,15
13545,7847,78,4,10
13546,4360,26,5,0
13547,2856,1,5,5
13548,3718,87,4,0
13549,7963,7,2,10
13550,4622,66,1,15
13551,1167,75,5,20
13552,3842,16,5,15
13553,4208,8,4,15
13554,475,10,3,0
13555,372,40,2,20
13556,5951,91,2,20
13557,6874,75,1,10
13558,1823,27,2,15
13559,415,39,2,20
13560,1700,57,5,20
13561,3073,5,2,5
13562,3393,97,1,0
13563,787,80,2,20
13564,7723,69,5,0
13565,2964,91,5,10
13566,6383,41,4,5
13567,5983,75,4,5
13568,9500,28,1,5
13569,3116,55,5,20
13570,2996,80,4,10
13571,7058,75,5,20
13572,6530,37,4,0
13573,4622,83,5,10
13574,9916,57,3,15
13575,9326,96,2,5
13576,7503,99,4,0
13577,1498,64,5,10
13578,3993,34,2,5
13579,8101,69,1,10
13580,8766,75,1,15
13581,2353,77,2,0
13582,2412,20,5,15
13583,9139,28,3,0
13584,2308,1,3,5
13585,6053,54,2,10
13586,4947,25,1,5
13587,1962,91,4,20
13588,433,76,1,15
13589,9576,26,5,15
13590,9223,83,1,15
13591,8924,85,2,20
13592,7533,3,1,15
13593,6448,23,3,20
13594,6677,23,1,10
13595,9834,24,4,0
13596,4647,21,3,0
13597,9883,37,5,15
13598,8084,44,4,20
13599,3498,51,2,5
13600,4089,11,5,5
13601,3299,31,5,5
13602,4903,49,4,0
13603,9970,93,2,15
13604,3988,100,2,20
13605,2670,8,1,10
13606,5742,89,1,15
13607,8173,46,2,0
13608,1958,92,5,15
13609,638,31,2,0
13610,4995,40,4,10
13611,4202,37,5,20
13612,8693,91,4,20
13613,549,89,4,10
13614,2721,22,4,5
13615,934,39,2,20
13616,1252,38,1,5
13617,1086,36,3,10
13618,6892,54,3,10
13619,5949,61,4,5
13620,799,1,5,0
13621,6121,3,5,0
13622,4267,46,5,20
13623,5881,36,2,20
13624,5500,24,2,0
13625,5331,69,5,20
13626,8532,25,2,5
13627,4921,21,5,10
13628,9727,57,2,20
13629,6395,54,4,0
13630,6796,99,1,0
13631,520,60,5,10
13632,5640,2,5,20
13633,5789,34,5,20
13634,1457,47,4,20
13635,5866,52,1,20
13636,5299,61,2,0
13637,7903,67,5,10
13638,88,100,2,15
13639,6551,85,4,15
13640,5127,36,2,20
13641,8287,42,2,20
13642,630,42,2,5
13643,4301,28,2,15
13644,5530,83,5,20
13645,3062,61,4,20
13646,8751,16,3,0
13647,8731,65,3,0
13648,771,22,5,20
13649,866,63,4,15
13650,5801,70,2,20
13651,863,83,4,5
13652,8189,31,3,20
13653,7072,57,3,5
13654,8466,5,3,20
13655,8627,56,5,0
13656,5445,5,2,0
13657,9310,12,2,15
13658,1355,94,2,20
13659,3911,64,5,0
13660,735,3,2,15
13661,3089,93,4,5
13662,7552,82,5,5
13663,5606,89,5,20
13664,4671,33,1,10
13665,3932,60,2,10
13666,9773,65,3,20
13667,4541,100,1,20
13668,2293,18,5,20
13669,2334,99,5,10
13670,519,23,4,10
13671,9759,34,1,15
13672,524,51,4,20
13673,3880,60,1,5
13674,3246,78,4,20
13675,8079,93,4,15
13676,1605,23,2,5
13677,7491,29,5,5
13678,2591,5,2,0
13679,7648,48,1,10
13680,7806,8,2,15
13681,6985,6,4,20
13682,608,23,5,20
13683,669,59,5,0
13684,2636,95,1,15
13685,413,40,5,0
13686,2037,72,5,5
13687,6854,44,1,0
13688,3776,80,5,0
13689,5935,49,5,5
13690,5063,27,3,15
13691,1646,85,1,5
13692,5165,84,1,5
13693,9665,46,5,5
13694,8068,96,3,15
13695,8978,13,4,5
13696,73,20,4,20
13697,8251,91,2,15
13698,1522,45,4,0
13699,4391,3,4,20
13700,2775,98,3,15
13701,1970,15,2,5
13702,5540,13,4,5
13703,5548,74,3,15
13704,2532,40,3,20
13705,3155,59,4,5
13706,1092,93,2,0
13707,920,70,3,10
13708,7065,6,3,20
13709,9583,11,4,15
13710,5676,38,5,10
13711,1126,58,4,15
13712,6052,69,2,5
13713,1662,55,3,20
13714,6868,35,4,0
13715,2940,55,1,0
13716,7064,71,1,10
13717,7792,35,2,15
13718,9547,83,3,15
13719,9181,8,3,10
13720,6542,30,3,10
13721,1402,42,2,0
13722,5127,25,5,15
13723,3967,62,4,5
13724,6138,28,5,5
13725,9253,9,3,15
13726,9999,55,5,10
13727,1270,19,4,15
13728,3708,76,1,20
13729,7054,76,3,5
13730,8652,25,4,10
13731,681,92,2,10
13732,5370,23,5,10
13733,520,85,1,5
13734,5895,28,2,10
13735,4664,41,4,15
13736,8203,69,2,5
13737,5259,12,4,15
13738,632,64,4,5
13739,8545,55,4,15
13740,3137,60,5,20
13741,6717,92,5,15
13742,7394,14,5,15
13743,1725,93,2,5
13744,195,78,2,5
13745,3039,92,4,15
13746,7760,23,2,15
13747,6586,64,2,5
13748,2617,28,2,20
13749,108,60,3,15
13750,8670,15,5,20
13751,1176,73,3,10
13752,7724,58,3,10
13753,7248,50,5,15
13754,1652,96,5,0
13755,1692,54,5,5
13756,1248,4,5,20
13757,3938,93,1,20
13758,2347,38,3,0
13759,69,40,5,15
13760,8718,63,1,20
13761,9400,30,4,0
13762,6451,98,2,5
13763,2697,58,1,0
13764,2911,52,1,15
13765,7162,74,3,5
13766,4867,29,2,20
13767,5568,8,4,10
13768,6427,4,1,0
13769,6057,46,1,15
13770,7143,1,4,5
13771,8825,73,5,15
13772,5331,66,2,0
13773,9657,66,2,15
13774,6887,84,3,0
13775,6802,48,1,15
13776,6386,47,4,15
13777,3914,69,3,15
13778,6032,9,4,0
13779,4660,46,2,5
13780,5078,9,3,20
13781,1897,83,1,20
13782,353,81,3,5
13783,9393,3,3,0
13784,926,35,3,10
13785,1728,71,1,15
13786,6931,73,2,10
13787,944,71,2,15
13788,518,7,4,10
13789,8402,55,5,20
13790,2960,27,2,15
13791,9888,19,1,15
13792,3284,69,1,15
13793,6452,75,4,20
13794,8151,20,5,0
13795,929,49,3,5
13796,9173,86,3,5
13797,8510,20,2,20
13798,6982,30,5,0
13799,6617,92,2,20
13800,8335,96,5,20
13801,7248,3,3,5
13802,7833,51,5,5
13803,7414,81,2,10
13804,4338,67,4,15
13805,9361,13,3,5
13806,5138,43,3,5
13807,5316,84,3,10
13808,9812,75,2,20
13809,5606,87,2,5
13810,9143,64,4,10
13811,7850,48,5,5
13812,4224,4,5,5
13813,4321,13,3,20
13814,5612,72,2,20
13815,3126,50,4,0
13816,5433,48,2,15
13817,8388,21,5,0
13818,5356,73,3,0
13819,7624,96,1,15
13820,2055,59,5,10
13821,4742,63,3,5
13822,9364,6,3,15
13823,8596,75,3,20
13824,4330,20,5,10
13825,2926,37,5,15
13826,7497,21,4,20
13827,6280,12,5,0
13828,2887,25,5,0
13829,5456,6,5,5
13830,3653,41,1,10
13831,2726,45,5,10
13832,3404,81,5,15
13833,8263,25,3,0
13834,1119,80,1,5
13835,5798,73,2,15
13836,5936,52,2,20
13837,9066,45,4,20
13838,5742,31,1,20
13839,3885,45,3,15
13840,4945,95,2,20
13841,2207,61,4,20
13842,2932,26,4,20
13843,1145,31,1,10
13844,3979,40,2,0
13845,4099,22,3,20
13846,3688,94,5,15
13847,7041,68,3,20
13848,4114,79,1,0
13849,227,49,1,5
13850,2423,94,2,20
13851,6196,75,5,20
13852,3427,100,1,10
13853,5310,49,4,5
13854,5275,24,5,5
13855,5882,14,4,10
13856,6252,93,3,5
13857,10,12,5,5
13858,8829,39,3,0
13859,5006,58,4,10
13860,1463,47,2,10
13861,6761,50,2,20
13862,8465,41,2,10
13863,3598,99,1,5
13864,1472,53,4,5
13865,8726,1,3,15
13866,6721,58,4,20
13867,4030,78,1,0
13868,8245,27,5,10
13869,4590,8,2,20
13870,909,13,1,5
13871,4863,79,1,5
13872,2941,43,3,20
13873,905,96,4,0
13874,8614,72,4,5
13875,2065,28,3,5
13876,796,29,2,15
13877,7873,75,5,5
13878,2812,66,5,0
13879,6354,54,1,5
13880,6297,83,5,0
13881,1794,81,5,5
13882,5031,74,2,5
13883,9010,96,2,5
13884,5401,42,4,10
13885,4824,40,3,15
13886,9507,31,3,20
13887,3710,48,3,0
13888,991,91,2,5
13889,7146,60,5,20
13890,7441,77,4,15
13891,1925,16,2,0
13892,1613,33,3,10
13893,4741,15,1,10
13894,9208,96,4,20
13895,337,55,2,15
13896,6498,51,1,10
13897,4173,90,5,20
13898,885,50,3,20
13899,3758,59,5,5
13900,28,9,2,0
13901,985,43,4,0
13902,7059,98,5,20
13903,4965,29,5,0
13904,8619,94,3,15
13905,9191,56,4,10
13906,8958,84,3,15
13907,5427,67,4,5
13908,1533,68,4,10
13909,4642,88,1,15
13910,5186,63,1,5
13911,2526,38,3,20
13912,5661,20,4,15
13913,2017,31,1,10
13914,7703,55,1,20
13915,615,15,3,10
13916,2035,27,2,10
13917,1608,22,2,0
13918,5883,7,2,5
13919,7763,83,4,15
13920,4189,94,4,10
13921,7130,61,2,20
13922,9941,54,1,0
13923,785,25,2,0
13924,6152,51,2,0
13925,7790,88,4,0
13926,2173,20,5,0
13927,4867,91,3,5
13928,4584,16,4,15
13929,715,97,4,5
13930,9776,92,5,20
13931,9656,46,3,5
13932,4684,43,4,10
13933,6514,68,2,10
13934,8646,24,2,15
13935,7823,68,5,5
13936,4234,68,3,5
13937,3277,28,2,15
13938,2382,35,5,20
13939,837,1,1,0
13940,9751,4,5,5
13941,9134,61,4,0
13942,5078,60,2,5
13943,2991,90,2,0
13944,6552,96,2,5
13945,9380,79,3,5
13946,4602,14,1,5
13947,4241,93,3,10
13948,5656,8,1,10
13949,5523,27,1,15
13950,3578,97,1,0
13951,2857,18,5,0
13952,895,86,4,15
13953,3973,62,4,10
13954,6116,48,1,10
13955,5013,94,4,5
13956,2832,2,2,15
13957,9868,77,5,10
13958,7765,92,3,5
13959,8459,6,2,20
13960,9575,76,1,5
13961,353,17,5,0
13962,2637,10,2,5
13963,6622,36,1,0
13964,1746,51,4,5
13965,8418,80,2,15
13966,9379,83,2,0
13967,8835,12,3,10
13968,5793,5,4,20
13969,6963,13,2,0
13970,8687,42,5,10
13971,336,87,1,0
13972,7324,55,5,5
13973,537,89,5,20
13974,732,60,2,15
13975,8937,1,5,0
13976,8321,47,2,10
13977,9253,37,4,5
13978,595,94,5,20
13979,7016,40,4,20
13980,6178,24,3,5
13981,4541,15,2,10
13982,9230,78,2,10
13983,5857,38,5,10
13984,9350,48,2,20
13985,2558,12,4,15
13986,2210,17,2,10
13987,509,23,5,15
13988,9652,85,3,15
13989,3118,55,2,15
13990,5130,78,5,10
13991,3611,18,3,15
13992,6299,71,5,15
13993,8093,49,1,5
13994,6664,11,4,5
13995,6663,99,5,15
13996,5523,33,1,5
13997,5271,56,5,15
13998,4900,92,2,20
13999,1270,18,5,5
14000,279,38,2,0
14001,1333,87,2,0
14002,1515,19,1,10
14003,5966,6,1,0
14004,7757,81,5,5
14005,2264,42,4,15
14006,4443,10,5,15
14007,4351,20,5,10
14008,9020,71,1,15
14009,4599,82,1,15
14010,8508,98,3,20
14011,153,85,4,20
14012,9213,98,3,5
14013,4912,82,5,10
14014,9871,62,5,10
14015,8462,99,2,5
14016,2461,39,4,0
14017,1517,35,4,5
14018,7324,61,2,0
14019,8945,87,1,15
14020,9689,39,5,5
14021,5233,48,2,20
14022,1287,2,4,15
14023,6490,12,2,20
14024,1714,49,3,0
14025,3634,24,1,20
14026,6502,27,3,20
14027,7475,99,5,5
14028,1204,19,5,10
14029,1434,55,1,5
14030,9312,77,5,20
14031,8910,77,1,10
14032,2715,13,3,5
14033,6095,93,4,10
14034,1839,79,2,5
14035,9492,11,3,5
14036,4373,81,4,0
14037,1430,77,5,15
14038,8629,59,3,20
14039,2169,58,2,10
14040,6750,23,2,5
14041,6361,15,1,0
14042,2977,61,1,5
14043,1990,89,3,10
14044,2584,45,1,0
14045,1794,87,1,0
14046,9853,97,1,0
14047,5977,27,4,0
14048,9252,66,4,0
14049,7850,17,5,5
14050,8926,67,2,5
14051,2147,84,5,20
14052,4092,98,4,10
14053,6886,10,2,5
14054,400,60,1,15
14055,3356,10,5,15
14056,1059,62,3,15
14057,6502,24,5,5
14058,7197,78,4,15
14059,5909,49,4,5
14060,7447,51,2,15
14061,3275,100,2,10
14062,4160,60,2,10
14063,502,9,5,20
14064,1091,47,5,20
14065,1631,2,5,10
14066,6812,96,5,20
14067,6251,15,3,10
14068,6053,25,3,0
14069,3887,42,5,5
14070,977,59,4,15
14071,7982,77,5,20
14072,9696,53,5,10
14073,2178,64,3,20
14074,4796,87,4,15
14075,2090,26,3,10
14076,9808,51,2,5
14077,7540,70,4,15
14078,1345,99,5,15
14079,115,45,4,0
14080,8598,16,1,20
14081,1232,27,3,5
14082,4971,19,5,15
14083,6879,40,2,0
14084,2514,15,5,20
14085,5307,15,5,5
14086,1425,95,4,10
14087,2408,7,1,0
14088,9910,1,5,20
14089,7307,87,5,15
14090,9822,57,2,20
14091,65,79,5,10
14092,7394,68,1,0
14093,1629,1,2,10
14094,4066,8,3,20
14095,4227,62,4,20
14096,8166,91,2,20
14097,7898,16,4,10
14098,7949,80,5,0
14099,8074,37,2,5
14100,4011,47,1,5
14101,9324,16,2,20
14102,3685,84,1,5
14103,3557,75,2,20
14104,1126,39,5,15
14105,7600,31,2,0
14106,679,52,1,0
14107,9539,51,2,0
14108,5933,75,3,20
14109,552,42,5,15
14110,9627,14,5,10
14111,6201,31,5,5
14112,8229,84,4,10
14113,1755,51,1,10
14114,8735,81,4,20
14115,1857,21,5,0
14116,7022,43,5,5
14117,8868,24,1,0
14118,3635,46,5,0
14119,6527,14,2,15
14120,5669,63,1,10
14121,9560,38,5,5
14122,9819,22,5,20
14123,4203,59,5,5
14124,5608,2,1,15
14125,9602,29,5,5
14126,3315,83,4,0
14127,5275,73,1,15
14128,2959,56,4,15
14129,1151,53,2,10
14130,6328,20,4,15
14131,5839,62,5,0
14132,6328,48,4,10
14133,6143,66,1,5
14134,8239,83,2,10
14135,756,94,2,0
14136,525,11,5,5
14137,3121,93,4,0
14138,2466,54,4,20
14139,1714,77,1,10
14140,7976,22,4,10
14141,2597,85,1,5
14142,7136,45,2,10
14143,3421,73,3,5
14144,5449,55,5,10
14145,327,5,4,10
14146,8831,49,1,10
14147,8302,33,2,10
14148,9172,84,1,10
14149,1027,88,5,20
14150,2349,38,2,15
14151,7942,46,5,0
14152,720,50,4,5
14153,2729,63,4,0
14154,2542,14,1,5
14155,799,83,4,10
14156,4010,91,2,0
14157,912,44,4,20
14158,516,16,4,0
14159,6537,35,3,10
14160,4761,16,1,5
14161,5514,10,4,5
14162,8465,83,3,0
14163,8040,48,1,5
14164,2343,62,5,5
14165,1697,16,4,20
14166,5594,19,2,10
14167,9883,94,2,20
14168,2800,84,2,0
14169,9514,8,2,5
14170,4533,8,1,15
14171,2701,88,1,5
14172,1675,67,4,20
14173,5271,38,2,15
14174,18,23,1,20
14175,4910,42,3,15
14176,4145,90,4,5
14177,9294,3,3,5
14178,3709,15,4,20
14179,2379,4,4,15
14180,8557,48,2,15
14181,5444,32,2,0
14182,6417,83,1,5
14183,4900,16,5,5
14184,7499,14,2,5
14185,9279,59,3,10
14186,528,21,1,10
14187,5900,31,1,0
14188,6035,73,4,10
14189,7715,72,4,15
14190,4635,26,5,0
14191,3497,24,4,0
14192,4714,47,3,0
14193,9826,22,3,10
14194,53,68,2,10
14195,5712,10,2,20
14196,1547,84,5,10
14197,8861,82,4,0
14198,9941,44,2,15
14199,3426,49,2,15
14200,4471,23,2,10
14201,9213,41,2,20
14202,6823,31,3,0
14203,2549,75,5,20
14204,3533,88,3,10
14205,7861,1,5,15
14206,4312,58,4,10
14207,2265,68,4,20
14208,3427,88,5,10
14209,3309,21,3,15
14210,6918,12,1,10
14211,3711,34,2,20
14212,3598,31,3,0
14213,6673,68,5,15
14214,4605,38,3,15
14215,9177,86,4,0
14216,7350,36,5,0
14217,5327,41,2,20
14218,8901,1,4,0
14219,8001,80,4,10
14220,3358,24,1,15
14221,54,76,1,0
14222,8096,61,5,15
14223,4732,78,4,10
14224,6213,95,3,20
14225,8407,79,3,20
14226,2321,10,3,15
14227,6112,69,3,15
14228,963,94,3,0
14229,9433,99,5,5
14230,6496,36,2,15
14231,598,17,3,20
14232,5124,100,3,5
14233,5756,9,4,0
14234,2359,75,3,10
14235,461,12,4,20
14236,6053,47,5,20
14237,9928,72,2,10
14238,3163,62,1,5
14239,4705,9,1,10
14240,2765,65,2,10
14241,6778,93,2,5
14242,971,7,2,15
14243,4305,16,4,5
14244,7846,10,3,15
14245,7538,71,1,20
14246,6413,2,2,0
14247,1227,46,5,0
14248,3046,81,5,15
14249,855,38,4,20
14250,3131,17,1,0
14251,2155,94,3,5
14252,6993,82,2,15
14253,4020,24,4,0
14254,8453,36,4,15
14255,172,49,5,5
14256,8132,14,2,0
14257,8970,29,3,5
14258,8846,36,1,5
14259,7202,29,1,0
14260,6789,96,2,20
14261,1538,99,3,0
14262,8484,100,1,10
14263,9645,87,4,5
14264,7749,62,1,5
14265,8146,7,1,5
14266,1927,100,1,0
14267,5583,71,1,20
14268,9953,68,2,15
14269,2678,55,4,10
14270,6811,72,1,10
14271,2376,70,3,0
14272,3299,69,5,10
14273,3684,56,4,0
14274,7472,50,3,5
14275,4452,61,2,20
14276,3987,47,2,0
14277,4845,82,1,20
14278,513,84,3,15
14279,1744,66,5,5
14280,400,30,1,0
14281,1733,11,2,15
14282,4273,64,1,10
14283,4747,8,5,20
14284,5346,81,4,15
14285,645,49,2,0
14286,6100,33,3,15
14287,4805,99,4,20
14288,7643,52,1,20
14289,5195,62,3,5
14290,8268,56,4,5
14291,5868,7,2,20
14292,4587,98,3,0
14293,8946,83,1,20
14294,5591,31,5,0
14295,2924,34,2,20
14296,3289,12,1,10
14297,1748,1,1,20
14298,5655,60,5,5
14299,9512,35,1,20
14300,9900,61,4,10
14301,3854,7,3,20
14302,2685,59,2,0
14303,5518,45,1,5
14304,9671,82,4,20
14305,446,16,1,15
14306,9103,19,1,20
14307,7440,33,1,15
14308,4222,73,2,5
14309,642,58,2,10
14310,6063,51,2,0
14311,2150,88,2,20
14312,4128,74,3,10
14313,1570,25,1,20
14314,8888,75,3,20
14315,5065,97,4,0
14316,7709,9,4,5
14317,299,86,2,0
14318,5840,52,1,0
14319,3359,96,5,20
14320,4181,96,4,15
14321,5542,79,5,10
14322,5740,59,4,5
14323,1110,90,1,10
14324,2600,4,4,20
14325,1971,2,4,20
14326,6900,14,2,20
14327,7243,99,2,10
14328,3687,42,4,0
14329,1521,3,2,5
14330,5111,57,4,0
14331,4597,61,2,20
14332,824,21,2,20
14333,8889,13,2,20
14334,3540,58,2,20
14335,9825,70,1,20
14336,8040,51,2,5
14337,2442,84,1,0
14338,8597,96,1,10
14339,4300,6,5,5
14340,361,53,5,10
14341,8930,23,4,5
14342,1337,33,5,10
14343,6356,31,3,15
14344,2871,58,4,0
14345,4175,100,2,10
14346,4949,99,4,5
14347,3786,7,4,5
14348,7723,84,2,0
14349,2203,95,3,15
14350,9318,100,4,15
14351,1559,92,3,15
14352,9930,46,4,0
14353,4224,22,4,15
14354,1012,41,2,5
14355,9310,22,1,5
14356,3612,93,1,0
14357,9805,69,5,20
14358,3370,76,4,0
14359,5423,63,3,10
14360,3659,95,3,5
14361,9039,68,1,0
14362,8354,40,4,5
14363,9589,65,2,0
14364,1824,7,4,5
14365,2926,85,5,15
14366,1893,96,1,15
14367,4687,68,5,15
14368,9008,87,5,20
14369,3820,29,4,5
14370,2981,4,2,10
14371,3443,43,2,20
14372,6797,41,3,0
14373,2848,90,4,20
14374,6746,43,4,0
14375,8093,36,1,15
14376,8778,67,1,0
14377,3766,37,4,20
14378,8485,36,1,20
14379,9086,44,3,5
14380,8662,74,2,0
14381,8008,44,1,0
14382,9512,43,4,0
14383,4231,72,5,0
14384,1223,76,2,20
14385,4482,26,3,20
14386,3915,68,4,0
14387,3826,97,3,10
14388,3962,73,1,10
14389,9751,28,4,15
14390,5777,30,3,20
14391,4292,56,3,10
14392,7833,46,2,15
14393,2598,100,1,5
14394,3457,98,5,15
14395,6619,1,2,0
14396,5052,15,3,10
14397,8589,32,1,0
14398,9846,13,4,10
14399,7165,29,1,5
14400,1050,95,2,20
14401,4074,84,2,0
14402,20,91,5,0
14403,6476,76,2,20
14404,5149,15,2,10
14405,9995,2,5,5
14406,1114,67,5,0
14407,1017,86,1,20
14408,1096,32,2,10
14409,3131,10,1,5
14410,9641,93,1,10
14411,7588,89,2,15
14412,212,2,2,0
14413,8309,46,1,5
14414,2808,47,1,10
14415,3961,4,2,10
14416,6609,44,5,10
14417,5972,47,1,5
14418,4626,30,4,0
14419,5045,14,1,0
14420,4016,57,3,0
14421,9212,55,1,0
14422,4847,82,3,0
14423,2266,50,4,10
14424,9749,62,5,10
14425,4980,87,2,15
14426,6290,15,1,20
14427,2439,47,5,10
14428,4684,48,2,20
14429,7264,76,1,10
14430,8564,67,1,5
14431,4882,13,3,15
14432,9717,13,5,5
14433,9676,11,2,15
14434,9115,35,4,0
14435,6348,81,4,0
14436,1207,5,1,15
14437,9195,46,1,20
14438,2919,99,1,20
14439,962,35,2,20
14440,9689,56,5,5
14441,8021,16,4,15
14442,9480,26,3,5
14443,1840,62,3,5
14444,3681,5,2,10
14445,2516,54,1,5
14446,4485,65,4,20
14447,6253,53,2,10
14448,8134,26,3,15
14449,2339,30,2,0
14450,6491,68,2,10
14451,1601,75,4,10
14452,4085,28,2,20
14453,4574,5,5,5
14454,9865,93,3,5
14455,3988,47,1,5
14456,3764,25,4,10
14457,6678,36,1,20
14458,2038,50,2,5
14459,83,77,2,15
14460,670,64,5,15
14461,8708,77,1,0
14462,170,72,4,5
14463,9885,98,2,10
14464,2187,75,5,20
14465,779,49,2,20
14466,6875,63,4,5
14467,9800,23,2,5
14468,5474,16,1,5
14469,6798,100,5,5
14470,3942,12,4,10
14471,3751,6,1,15
14472,1195,73,5,0
14473,728,53,3,0
14474,7697,94,3,10
14475,9068,6,5,20
14476,7710,39,1,15
14477,4646,95,5,5
14478,7356,30,1,10
14479,5639,75,2,0
14480,4701,17,4,0
14481,2397,14,5,0
14482,2932,76,5,10
14483,7622,66,3,20
14484,93,5,1,15
14485,7416,72,1,15
14486,3354,78,3,15
14487,2399,29,5,0
14488,2731,61,4,20
14489,4354,7,1,15
14490,9167,65,5,15
14491,2364,88,4,10
14492,8811,46,4,0
14493,3615,50,4,5
14494,6746,23,5,15
14495,3107,38,3,20
14496,7648,51,2,0
14497,9262,87,5,5
14498,1229,11,2,0
14499,8082,65,3,20
14500,170,86,1,5
14501,6629,85,1,5
14502,5217,28,2,10
14503,9048,38,1,10
14504,9591,97,5,0
14505,4183,64,1,20
14506,2448,96,4,10
14507,909,49,3,20
14508,2435,26,4,20
14509,6155,13,2,10
14510,8063,67,2,15
14511,1401,89,5,5
14512,2636,74,3,0
14513,1218,12,4,20
14514,6926,50,5,20
14515,9920,4,5,10
14516,9821,45,1,15
14517,8354,94,1,10
14518,367,45,1,20
14519,2751,91,2,15
14520,7399,22,5,15
14521,7138,32,3,10
14522,3770,5,1,10
14523,8078,6,2,0
14524,9348,37,1,15
14525,4950,93,3,10
14526,3197,30,3,20
14527,4890,24,3,15
14528,7211,95,1,20
14529,4510,91,3,0
14530,4501,31,4,5
14531,7914,9,2,10
14532,6498,74,5,0
14533,1616,2,3,15
14534,4745,69,3,5
14535,1745,66,2,10
14536,6806,90,4,0
14537,1669,59,5,20
14538,1626,30,3,10
14539,3564,18,1,20
14540,1205,17,4,10
14541,1839,45,1,15
14542,5381,53,4,10
14543,7598,55,5,0
14544,2935,6,1,5
14545,5398,66,2,10
14546,2636,19,5,20
14547,2347,49,5,15
14548,1586,76,3,5
14549,5447,33,3,20
14550,7217,18,5,0
14551,3156,56,2,5
14552,7211,55,4,20
14553,2796,58,5,0
14554,5531,33,1,5
14555,3073,15,4,20
14556,4631,96,4,5
14557,3980,68,2,15
14558,3357,53,5,0
14559,5616,1,4,5
14560,1096,40,3,0
14561,2314,4,3,15
14562,4887,52,2,20
14563,5401,24,3,15
14564,6333,25,2,0
14565,6390,3,2,20
14566,49,67,1,15
14567,3553,51,3,0
14568,1381,27,2,5
14569,7532,35,3,20
14570,7704,82,3,0
14571,1960,40,5,5
14572,1490,96,5,20
14573,661,90,5,15
14574,574,82,1,10
14575,3992,64,2,10
14576,7406,35,1,0
14577,1653,18,2,15
14578,3702,30,1,0
14579,1255,78,2,20
14580,9156,68,1,20
14581,2341,71,5,5
14582,606,6,3,10
14583,397,70,3,15
14584,1496,65,4,10
14585,4351,49,2,15
14586,1187,28,2,5
14587,1713,56,5,5
14588,8706,2,5,0
14589,6224,23,1,15
14590,3935,93,1,0
14591,2616,59,1,5
14592,4699,97,4,5
14593,5485,32,5,10
14594,4705,29,4,15
14595,5429,19,1,10
14596,1738,1,2,15
14597,8497,3,2,5
14598,536,82,4,15
14599,5798,6,1,20
14600,7628,22,2,5
14601,9277,48,1,15
14602,8776,91,5,0
14603,1061,34,2,0
14604,2863,89,2,5
14605,8785,65,1,20
14606,9080,17,4,10
14607,2068,45,5,5
14608,7036,20,3,10
14609,8617,51,2,20
14610,8353,91,4,15
14611,1590,41,4,10
14612,2024,8,1,0
14613,8576,1,2,10
14614,7040,61,2,0
14615,5427,24,3,0
14616,9431,29,5,5
14617,5843,18,4,10
14618,6631,11,4,0
14619,3308,74,4,20
14620,6182,63,2,15
14621,7300,2,3,0
14622,2999,42,4,5
14623,4331,66,4,20
14624,1161,77,5,5
14625,5838,100,4,5
14626,5798,53,2,15
14627,158,6,5,5
14628,5230,16,2,5
14629,8716,9,5,15
14630,3067,55,2,5
14631,7006,45,2,20
14632,4518,63,4,15
14633,3845,31,4,5
14634,3398,37,2,10
14635,2453,69,5,15
14636,6953,95,1,15
14637,4230,58,3,5
14638,2550,45,3,15
14639,3356,72,2,10
14640,333,58,5,5
14641,6163,43,2,20
14642,9783,75,5,20
14643,5940,82,3,0
14644,5896,98,5,5
14645,673,51,2,5
14646,7981,8,4,15
14647,1896,4,3,5
14648,9169,42,3,15
14649,9094,62,2,5
14650,1964,92,4,5
14651,9209,23,2,0
14652,8769,69,1,5
14653,6004,48,5,20
14654,9145,58,1,10
14655,2815,16,5,5
14656,3814,94,4,10
14657,6338,51,4,0
14658,4639,89,3,20
14659,9767,33,3,5
14660,2488,70,3,5
14661,5988,58,5,20
14662,4297,59,1,10
14663,4562,15,3,20
14664,8133,1,3,10
14665,1395,29,3,10
14666,3738,5,3,10
14667,3729,31,3,15
14668,6891,91,3,15
14669,2409,55,2,10
14670,6762,22,4,10
14671,8815,43,5,15
14672,2418,85,3,15
14673,731,66,1,0
14674,9212,42,4,20
14675,8252,7,1,10
14676,5762,76,5,20
14677,9569,26,3,0
14678,9793,77,4,0
14679,7324,86,4,10
14680,4377,31,2,20
14681,93,61,4,10
14682,9181,17,3,10
14683,8719,76,5,15
14684,7671,94,3,20
14685,9203,44,3,20
14686,5769,8,4,15
14687,8412,9,3,10
14688,7126,35,5,10
14689,5766,76,5,5
14690,4298,71,3,20
14691,1997,6,4,0
14692,5634,85,2,10
14693,3614,30,4,15
14694,7781,14,2,20
14695,8685,11,1,15
14696,9383,10,1,20
14697,4160,66,2,10
14698,1765,64,5,10
14699,6152,88,3,5
14700,2964,45,4,15
14701,2713,79,3,5
14702,3400,97,1,10
14703,3601,1,3,0
14704,3838,23,4,0
14705,8208,63,2,10
14706,4945,52,4,5
14707,2707,30,1,20
14708,8428,50,1,10
14709,8486,73,2,10
14710,771,61,1,5
14711,3081,26,5,10
14712,9830,88,4,10
14713,2099,28,3,15
14714,9497,50,3,20
14715,3423,11,3,20
14716,1422,96,4,0
14717,7568,61,3,15
14718,4600,5,5,5
14719,6358,91,1,5
14720,4979,19,1,0
14721,1428,76,4,0
14722,2206,41,4,5
14723,3563,49,3,0
14724,6706,95,2,20
14725,6738,27,4,0
14726,6109,62,3,15
14727,670,99,4,15
14728,7750,7,2,0
14729,645,6,3,0
14730,1845,11,2,15
14731,7480,56,1,5
14732,8347,52,4,5
14733,9537,29,5,5
14734,5865,71,4,10
14735,5908,69,1,5
14736,8319,35,5,10
14737,5502,5,3,15
14738,4078,48,2,0
14739,6746,57,5,15
14740,3639,72,3,0
14741,1261,4,4,5
14742,5015,19,5,10
14743,6200,99,3,0
14744,1526,63,1,5
14745,9306,25,5,15
14746,3524,8,5,10
14747,8244,18,3,20
14748,2354,80,5,5
14749,8555,16,2,5
14750,8532,9,4,0
14751,8710,22,2,5
14752,2704,73,3,0
14753,9435,36,4,0
14754,79,62,5,10
14755,1782,67,1,10
14756,7452,93,4,10
14757,562,35,1,0
14758,231,42,1,15
14759,8525,28,1,5
14760,6469,78,2,5
14761,3246,74,4,15
14762,8960,62,2,20
14763,3438,53,2,0
14764,7865,66,4,20
14765,934,71,5,20
14766,9173,17,2,20
14767,908,93,1,10
14768,2389,21,2,20
14769,9377,21,3,0
14770,2632,82,3,15
14771,3192,59,3,15
14772,6647,19,4,15
14773,1101,66,3,0
14774,8170,90,1,20
14775,8080,86,2,15
14776,1107,13,4,0
14777,8025,33,1,5
14778,5970,89,2,15
14779,86,3,5,15
14780,8333,2,2,5
14781,4637,1,5,15
14782,1790,54,2,20
14783,3923,36,4,10
14784,5104,69,1,0
14785,2425,79,1,10
14786,7084,64,2,15
14787,248,70,5,15
14788,912,10,4,0
14789,7847,18,2,5
14790,8411,99,5,15
14791,603,70,5,10
14792,2346,93,1,20
14793,8388,14,1,10
14794,829,83,1,0
14795,9007,58,1,0
14796,9900,15,2,15
14797,7192,51,1,20
14798,1906,72,2,20
14799,3129,86,1,0
14800,3375,13,5,5
14801,9781,95,5,0
14802,227,88,2,10
14803,7902,40,1,5
14804,3510,9,3,15
14805,7320,1,4,5
14806,3839,1,1,20
14807,2999,71,4,5
14808,1156,32,1,0
14809,3599,12,4,5
14810,386,81,5,20
14811,4647,95,1,20
14812,6929,27,1,20
14813,4019,52,3,10
14814,9213,97,5,10
14815,7017,76,2,10
14816,4279,5,4,20
14817,8817,42,5,15
14818,1771,90,5,20
14819,4089,16,5,5
14820,9586,26,1,20
14821,8344,17,4,5
14822,671,25,3,20
14823,9319,34,1,0
14824,2539,30,4,0
14825,6952,51,1,5
14826,3609,32,5,15
14827,9475,88,1,10
14828,8643,65,4,0
14829,5541,54,3,5
14830,1653,18,2,10
14831,1255,43,4,15
14832,5562,96,1,0
14833,4199,87,3,0
14834,6741,73,5,5
14835,634,58,4,0
14836,2697,26,2,0
14837,2743,57,3,0
14838,9408,98,2,10
14839,4806,65,4,5
14840,7921,24,2,15
14841,7759,83,1,0
14842,5324,47,5,0
14843,873,88,3,5
14844,8050,55,1,5
14845,525,95,5,0
14846,7141,57,4,5
14847,405,91,5,0
14848,6353,35,5,5
14849,7898,13,4,15
14850,2520,91,5,15
14851,9409,16,2,15
14852,795,73,3,5
14853,3426,35,5,5
14854,3491,1,4,15
14855,9837,38,4,15
14856,3490,26,1,15
14857,7890,10,5,20
14858,8960,40,4,15
14859,1881,30,2,20
14860,2212,54,2,20
14861,9795,16,5,5
14862,7827,70,5,10
14863,3069,49,3,20
14864,2188,83,3,10
14865,6047,95,2,10
14866,2182,33,1,15
14867,1251,50,4,5
14868,8227,63,2,5
14869,9329,46,1,15
14870,4413,41,1,20
14871,4355,68,1,5
14872,2402,96,4,15
14873,3328,27,3,10
14874,2046,54,5,5
14875,7265,72,5,5
14876,6465,47,3,20
14877,5953,21,4,20
14878,7955,15,2,5
14879,497,88,2,0
14880,3666,30,1,0
14881,4024,27,4,5
14882,3806,99,4,0
14883,9626,10,2,10
14884,3811,16,4,20
14885,1919,92,4,5
14886,3122,75,5,20
14887,3903,22,3,10
14888,877,13,1,20
14889,6048,20,5,15
14890,7993,50,2,20
14891,2238,43,2,0
14892,7702,100,4,15
14893,15,13,2,5
14894,6812,93,5,10
14895,3819,14,1,10
14896,9750,2,4,0
14897,4403,49,4,20
14898,4019,23,2,15
14899,7734,3,3,5
14900,6827,92,1,0
14901,5504,15,3,0
14902,3256,34,5,0
14903,7511,92,2,20
14904,2780,46,3,0
14905,5092,50,5,0
14906,6665,12,3,5
14907,3167,93,5,20
14908,6444,15,2,5
14909,1611,59,2,10
14910,3301,27,5,15
14911,1884,73,1,5
14912,2275,84,2,5
14913,3109,36,5,10
14914,7156,3,1,15
14915,648,27,1,0
14916,8768,50,2,20
14917,6835,34,5,20
14918,9474,99,2,15
14919,2353,34,2,20
14920,9961,90,5,0
14921,8193,48,4,0
14922,9901,14,5,20
14923,4386,34,2,0
14924,6486,73,2,10
14925,6291,47,2,20
14926,1703,75,2,0
14927,6093,90,4,15
14928,5444,14,3,15
14929,2895,98,4,15
14930,8959,92,5,0
14931,4546,33,2,5
14932,253,80,4,15
14933,9201,72,3,20
14934,1548,75,1,5
14935,3517,9,4,0
14936,8460,94,1,5
14937,5951,96,1,15
14938,4284,47,3,15
14939,5363,29,2,20
14940,9706,10,4,0
14941,3468,60,2,0
14942,231,23,3,0
14943,1390,89,4,5
14944,5213,26,4,15
14945,7823,91,1,5
14946,5063,97,5,5
14947,522,92,5,10
14948,5228,44,3,10
14949,5925,2,3,0
14950,9185,12,1,15
14951,6140,36,2,20
14952,7629,89,1,20
14953,8275,85,2,15
14954,8978,28,2,0
14955,9448,70,1,0
14956,9937,29,4,5
14957,8321,86,1,5
14958,4010,99,5,5
14959,7792,16,2,5
14960,8004,73,1,5
14961,3798,22,2,10
14962,3473,81,1,10
14963,9936,9,1,0
14964,8715,78,1,10
14965,5966,66,2,5
14966,394,86,5,15
14967,323,50,3,5
14968,7300,62,2,10
14969,9449,36,4,5
14970,1243,38,1,5
14971,8064,4,2,5
14972,9268,87,3,15
14973,2203,70,4,10
14974,5487,79,1,5
14975,7395,91,4,15
14976,1883,95,4,20
14977,5330,67,1,20
14978,4726,89,5,20
14979,1802,61,2,20
14980,6507,35,3,10
14981,1320,66,5,0
14982,4668,87,2,0
14983,3219,31,2,20
14984,2553,80,1,0
14985,7690,10,1,15
14986,3173,8,3,10
14987,6135,39,1,5
14988,9537,72,1,15
14989,1657,35,4,10
14990,2740,12,2,20
14991,7477,100,3,5
14992,4121,45,5,20
14993,8560,19,2,15
14994,915,95,4,5
14995,4233,26,2,5
14996,8039,87,2,5
14997,2066,5,2,20
14998,833,85,5,15
14999,6246,85,4,5
15000,5362,37,3,20
