order_id,customer_id,store_id,order_date,payment_method,order_status,shipping_cost
1,748,8,2025-03-23,UPI,Delivered,234.17
2,465,20,2024-04-28,Net Banking,Delivered,179.88
3,759,6,2025-11-04,UPI,Delivered,68.81
4,168,16,2024-01-12,Debit Card,Delivered,204.43
5,171,12,2024-09-22,Credit Card,Shipped,223.43
6,790,1,2024-04-30,Debit Card,Processing,97.12
7,270,19,2024-03-06,UPI,Delivered,147.26
8,512,19,2024-02-26,Credit Card,Delivered,93.57
9,916,19,2024-04-15,UPI,Delivered,146.85
10,880,1,2024-02-15,Credit Card,Delivered,116.44
11,184,2,2024-06-02,Net Banking,Processing,189.94
12,430,8,2025-11-02,Debit Card,Delivered,232.33
13,278,3,2024-11-23,Net Banking,Delivered,145.43
14,184,8,2024-02-23,Net Banking,Returned,240.36
15,899,15,2024-03-11,Debit Card,Shipped,105.25
16,567,15,2024-03-29,UPI,Delivered,101.23
17,758,20,2024-11-07,Credit Card,Delivered,164.26
18,792,7,2025-05-20,Net Banking,Shipped,91.48
19,955,14,2024-01-07,UPI,Delivered,112.75
20,899,1,2025-12-11,Debit Card,Delivered,178.03
21,107,7,2024-11-10,Net Banking,Returned,128.16
22,996,5,2024-03-02,Debit Card,Delivered,233.47
23,423,12,2025-06-16,Cash,Returned,57.83
24,518,5,2024-04-07,Cash,Delivered,159.24
25,679,5,2025-03-21,Credit Card,Delivered,218.69
26,718,11,2025-02-06,Debit Card,Delivered,89.06
27,140,19,2024-07-26,UPI,Delivered,74.52
28,322,14,2025-04-22,UPI,Delivered,242.57
29,463,10,2024-07-31,Cash,Delivered,65.18
30,827,10,2024-06-10,Net Banking,Delivered,215.54
31,152,3,2024-12-01,Credit Card,Returned,123.21
32,694,10,2024-02-20,Debit Card,Processing,76.51
33,876,15,2025-02-18,Net Banking,Shipped,92.47
34,105,5,2025-04-18,UPI,Delivered,214.38
35,134,7,2024-08-15,Cash,Delivered,172.36
36,87,19,2025-10-22,Net Banking,Delivered,210.68
37,67,7,2024-01-23,Cash,Processing,59.32
38,126,2,2024-12-05,Cash,Delivered,234.07
39,842,13,2025-03-19,Cash,Delivered,183.47
40,363,7,2024-06-25,Credit Card,Delivered,133.66
41,36,20,2024-06-01,Net Banking,Delivered,175.93
42,422,18,2025-05-25,Cash,Delivered,98.75
43,430,7,2024-05-20,Net Banking,Delivered,248.76
44,814,1,2025-07-10,Cash,Shipped,115.41
45,801,16,2025-07-11,Debit Card,Cancelled,145.5
46,277,6,2025-02-01,UPI,Delivered,85.99
47,60,16,2024-10-14,Net Banking,Delivered,162.64
48,998,6,2024-08-26,UPI,Delivered,90.64
49,836,2,2025-06-30,Credit Card,Delivered,246.36
50,364,6,2025-02-01,Credit Card,Delivered,106.78
51,368,19,2025-12-15,UPI,Shipped,113.85
52,578,5,2025-08-04,Net Banking,Cancelled,215.71
53,556,10,2025-05-19,Credit Card,Delivered,58.95
54,617,8,2024-08-26,UPI,Delivered,40.14
55,207,5,2025-09-20,Debit Card,Shipped,232.94
56,61,1,2024-11-27,Credit Card,Delivered,232.62
57,867,17,2024-04-23,Debit Card,Returned,118.45
58,406,19,2025-11-09,UPI,Delivered,107.75
59,750,14,2024-06-10,Cash,Delivered,76.58
60,711,20,2025-07-29,Debit Card,Delivered,163.68
61,388,10,2024-06-28,Debit Card,Delivered,193.05
62,972,19,2025-12-19,Cash,Processing,201.87
63,34,6,2025-08-04,Net Banking,Delivered,209.85
64,227,19,2025-09-18,UPI,Cancelled,69.54
65,244,12,2024-03-20,Debit Card,Delivered,225.92
66,842,11,2024-03-31,Cash,Delivered,84.03
67,70,12,2025-12-10,Debit Card,Shipped,191.29
68,396,15,2024-02-19,Cash,Returned,225.76
69,903,13,2025-05-19,Debit Card,Delivered,61.3
70,808,19,2025-05-05,Credit Card,Delivered,55.48
71,302,1,2024-02-04,Debit Card,Delivered,61.99
72,175,13,2024-12-16,Credit Card,Shipped,154.88
73,347,20,2024-04-05,Net Banking,Processing,187.95
74,966,6,2025-03-17,Net Banking,Processing,72.99
75,340,7,2024-04-13,Credit Card,Delivered,156.36
76,272,10,2025-07-07,Debit Card,Delivered,50.42
77,563,16,2025-08-08,Credit Card,Delivered,40.8
78,302,20,2024-03-30,Cash,Delivered,45.4
79,654,10,2024-06-23,UPI,Delivered,64.26
80,483,16,2025-02-11,Debit Card,Delivered,154.27
81,380,13,2024-07-08,Debit Card,Delivered,49.37
82,477,9,2025-03-26,Credit Card,Processing,158.49
83,771,4,2024-06-03,UPI,Delivered,209.72
84,995,19,2025-02-27,Credit Card,Delivered,216.57
85,429,18,2025-06-19,Cash,Delivered,89.48
86,81,13,2024-11-02,UPI,Delivered,229.1
87,694,20,2025-08-08,Credit Card,Delivered,199.01
88,972,6,2024-06-26,Credit Card,Processing,66.5
89,81,14,2025-03-09,Credit Card,Returned,171.72
90,265,11,2025-09-01,UPI,Delivered,156.84
91,334,9,2025-07-19,Net Banking,Delivered,223.43
92,639,19,2025-12-18,Net Banking,Shipped,63.63
93,152,19,2024-06-02,Net Banking,Delivered,242.61
94,948,4,2024-04-12,Net Banking,Shipped,205.01
95,902,12,2025-07-02,Cash,Delivered,177.51
96,624,16,2025-08-08,UPI,Delivered,124.62
97,624,13,2025-09-25,UPI,Delivered,224.58
98,244,2,2025-12-08,Cash,Cancelled,228.38
99,346,10,2024-01-21,Debit Card,Delivered,143.24
100,702,4,2025-12-13,Credit Card,Delivered,244.59
101,793,11,2025-03-29,Debit Card,Shipped,167.05
102,193,15,2024-04-01,Credit Card,Cancelled,125.51
103,778,17,2025-05-11,Debit Card,Processing,148.21
104,68,10,2024-06-11,Net Banking,Delivered,203.91
105,901,19,2025-06-20,UPI,Delivered,223.79
106,858,2,2024-07-24,Credit Card,Delivered,50.62
107,722,7,2025-01-04,Debit Card,Delivered,137.49
108,651,4,2025-02-10,UPI,Delivered,142.65
109,182,16,2025-04-01,Net Banking,Delivered,112.29
110,767,3,2024-09-21,Debit Card,Delivered,50.43
111,799,7,2025-08-08,Credit Card,Delivered,182.32
112,668,14,2024-10-02,Net Banking,Delivered,203.86
113,10,16,2025-11-29,Credit Card,Delivered,166.24
114,230,9,2024-01-09,Net Banking,Processing,104.15
115,659,9,2025-12-27,Cash,Processing,218.83
116,259,7,2025-04-15,Cash,Delivered,149.33
117,407,19,2025-09-30,UPI,Delivered,249.88
118,575,20,2025-01-18,Net Banking,Delivered,183.73
119,66,11,2025-05-08,Debit Card,Delivered,220.91
120,672,10,2024-09-24,Credit Card,Delivered,200.75
121,825,20,2024-02-28,Cash,Delivered,182.96
122,672,16,2024-01-27,Debit Card,Delivered,127.9
123,755,2,2025-02-01,Net Banking,Shipped,160.13
124,352,8,2024-07-13,Net Banking,Delivered,139.9
125,368,17,2025-11-18,Debit Card,Processing,216.53
126,186,10,2025-07-25,UPI,Delivered,195.59
127,782,6,2025-07-26,Debit Card,Delivered,86.67
128,763,10,2024-08-16,Cash,Shipped,109.58
129,600,10,2024-09-23,Cash,Processing,138.81
130,598,19,2025-10-11,Net Banking,Delivered,226.78
131,123,13,2025-05-27,Net Banking,Delivered,51.35
132,141,7,2024-06-03,Debit Card,Delivered,159.57
133,147,11,2025-04-13,Credit Card,Shipped,142.39
134,182,11,2025-10-08,UPI,Delivered,97.44
135,591,6,2024-06-21,Cash,Shipped,203.75
136,630,14,2024-05-12,Cash,Delivered,242.72
137,5,2,2025-01-27,Net Banking,Delivered,118.35
138,914,11,2024-01-15,Net Banking,Delivered,182.12
139,752,8,2025-10-03,Credit Card,Delivered,112.31
140,106,13,2024-05-12,Net Banking,Delivered,75.07
141,306,10,2024-02-16,Cash,Shipped,165.24
142,445,5,2024-12-11,Debit Card,Returned,142.94
143,169,13,2024-07-11,UPI,Delivered,192.71
144,217,1,2024-05-14,Net Banking,Delivered,65.86
145,667,2,2025-12-29,Cash,Processing,93.72
146,639,2,2025-07-01,Net Banking,Returned,179.01
147,857,1,2025-10-31,UPI,Delivered,127.52
148,127,18,2025-01-24,Debit Card,Delivered,72.16
149,703,1,2025-12-12,Debit Card,Delivered,61.21
150,277,20,2025-06-16,Net Banking,Shipped,127.95
151,524,20,2024-04-17,UPI,Delivered,204.8
152,204,20,2025-05-24,Credit Card,Shipped,214.61
153,367,14,2024-07-25,Debit Card,Delivered,155.11
154,705,16,2024-07-31,Debit Card,Delivered,42.68
155,929,4,2024-04-01,Net Banking,Delivered,71.32
156,799,17,2024-04-02,UPI,Shipped,61.27
157,660,8,2024-09-19,Cash,Returned,102.16
158,52,4,2025-04-20,Credit Card,Processing,218.97
159,821,11,2025-01-03,Cash,Shipped,59.95
160,10,5,2024-02-16,Credit Card,Delivered,227.85
161,275,3,2025-09-28,Debit Card,Processing,78.4
162,410,15,2025-02-14,Debit Card,Processing,184.88
163,820,14,2025-05-04,Credit Card,Delivered,186.2
164,966,6,2024-03-01,UPI,Delivered,164.06
165,695,15,2025-08-05,Credit Card,Delivered,203.62
166,30,5,2025-09-18,Cash,Cancelled,63.72
167,452,2,2025-02-25,UPI,Delivered,105.99
168,890,17,2025-12-22,Net Banking,Shipped,87.04
169,895,11,2025-11-16,Net Banking,Delivered,187.12
170,444,8,2024-04-07,Cash,Delivered,182.02
171,153,18,2025-01-29,Net Banking,Delivered,175.11
172,518,16,2024-06-09,Cash,Processing,55.72
173,329,8,2025-05-18,Debit Card,Returned,50.57
174,564,13,2024-08-16,Cash,Processing,56.55
175,821,19,2025-03-30,Cash,Delivered,144.68
176,122,16,2024-11-19,UPI,Delivered,126.59
177,563,1,2025-07-24,UPI,Shipped,242.27
178,312,17,2025-10-14,Net Banking,Delivered,181.01
179,373,2,2024-12-15,Credit Card,Processing,109.71
180,615,16,2025-09-26,Debit Card,Shipped,63.94
181,228,1,2025-11-05,Debit Card,Delivered,173.07
182,561,17,2024-10-25,Debit Card,Shipped,49.61
183,505,5,2024-06-17,Cash,Delivered,168.28
184,124,13,2024-07-11,Credit Card,Delivered,204.1
185,111,14,2024-12-12,UPI,Cancelled,215.87
186,127,15,2025-08-25,Cash,Delivered,240.8
187,987,16,2024-05-17,UPI,Delivered,50.2
188,859,19,2025-03-19,Cash,Cancelled,204.03
189,709,19,2024-06-30,Credit Card,Shipped,66.96
190,674,20,2025-01-31,Net Banking,Processing,145.86
191,429,20,2025-01-28,Credit Card,Delivered,242.35
192,464,5,2024-10-28,Credit Card,Delivered,187.0
193,307,18,2025-06-08,Debit Card,Shipped,236.46
194,223,7,2025-10-09,Credit Card,Delivered,101.02
195,944,5,2024-12-19,Credit Card,Delivered,185.81
196,728,4,2024-11-26,Debit Card,Delivered,162.39
197,728,14,2025-11-14,Net Banking,Delivered,217.93
198,536,4,2024-01-14,UPI,Delivered,51.14
199,205,9,2024-02-27,Credit Card,Returned,183.51
200,860,2,2024-05-29,Debit Card,Delivered,153.65
201,834,15,2025-01-02,UPI,Delivered,181.86
202,886,8,2025-07-29,Net Banking,Delivered,147.29
203,295,2,2025-12-13,Cash,Delivered,240.91
204,321,18,2025-12-02,UPI,Delivered,92.78
205,890,15,2025-09-27,Credit Card,Cancelled,187.97
206,377,19,2025-10-25,Net Banking,Shipped,81.26
207,302,15,2024-07-17,Credit Card,Returned,55.64
208,753,17,2024-06-26,UPI,Delivered,129.99
209,271,5,2025-07-23,Credit Card,Delivered,93.55
210,478,5,2024-12-04,UPI,Delivered,107.75
211,793,20,2024-02-22,Debit Card,Delivered,160.26
212,75,11,2025-01-01,Net Banking,Delivered,78.61
213,806,17,2024-03-10,Credit Card,Delivered,152.78
214,358,8,2024-04-04,Credit Card,Delivered,109.52
215,224,20,2024-10-27,Net Banking,Delivered,157.88
216,10,4,2025-10-26,Debit Card,Delivered,229.94
217,941,20,2025-09-20,Credit Card,Returned,183.34
218,391,4,2024-11-24,Cash,Delivered,192.03
219,934,17,2024-01-26,Debit Card,Delivered,146.83
220,45,10,2025-05-13,Credit Card,Delivered,57.29
221,172,18,2024-04-08,Net Banking,Delivered,53.75
222,645,7,2025-11-17,Cash,Processing,83.17
223,900,14,2025-12-20,UPI,Shipped,72.29
224,735,11,2025-04-15,UPI,Delivered,51.4
225,572,3,2024-09-14,Net Banking,Processing,231.31
226,398,15,2025-02-21,Cash,Delivered,43.55
227,122,18,2025-11-20,UPI,Delivered,169.85
228,47,3,2025-08-22,Debit Card,Cancelled,62.29
229,309,20,2025-12-03,UPI,Delivered,234.61
230,405,1,2025-01-25,Cash,Delivered,86.17
231,816,18,2025-02-04,Debit Card,Returned,70.26
232,909,12,2025-11-24,UPI,Delivered,156.56
233,43,1,2024-05-06,Net Banking,Delivered,152.8
234,313,7,2024-03-28,Debit Card,Delivered,230.18
235,146,6,2025-06-08,Credit Card,Delivered,215.3
236,118,6,2024-07-17,Net Banking,Processing,218.79
237,473,18,2025-07-16,UPI,Delivered,54.15
238,203,19,2024-04-10,Cash,Returned,115.0
239,672,8,2025-11-18,UPI,Delivered,54.66
240,326,16,2024-07-17,Cash,Delivered,178.48
241,599,5,2025-12-11,Net Banking,Delivered,209.62
242,173,1,2025-03-14,Debit Card,Delivered,86.52
243,447,9,2025-10-18,Debit Card,Delivered,193.92
244,474,15,2025-05-06,Debit Card,Shipped,142.26
245,180,20,2024-04-21,UPI,Processing,220.33
246,913,18,2024-05-23,Credit Card,Delivered,226.13
247,745,3,2024-03-19,UPI,Processing,172.64
248,593,13,2025-08-18,Net Banking,Delivered,47.7
249,557,18,2024-09-23,Cash,Delivered,71.21
250,229,19,2025-02-05,Debit Card,Delivered,145.24
251,407,12,2024-04-02,Net Banking,Delivered,90.16
252,701,6,2025-09-20,Net Banking,Delivered,73.44
253,972,19,2025-08-02,Credit Card,Shipped,141.54
254,42,8,2025-01-02,Cash,Delivered,95.51
255,44,7,2024-08-27,Net Banking,Cancelled,115.86
256,940,15,2025-04-25,UPI,Delivered,176.19
257,721,17,2024-04-15,Debit Card,Processing,95.3
258,584,6,2025-07-11,Cash,Delivered,116.71
259,920,3,2025-10-31,Net Banking,Delivered,244.26
260,529,13,2024-08-16,Debit Card,Processing,112.46
261,909,20,2025-05-08,UPI,Delivered,69.18
262,236,3,2024-06-18,Net Banking,Delivered,84.42
263,162,12,2024-07-10,Net Banking,Shipped,64.85
264,425,11,2024-08-23,UPI,Delivered,140.55
265,605,6,2024-08-03,Cash,Delivered,49.06
266,607,6,2025-08-10,Credit Card,Delivered,48.23
267,151,2,2025-08-09,Credit Card,Delivered,77.81
268,614,19,2025-02-19,UPI,Processing,192.87
269,970,3,2024-10-17,Credit Card,Delivered,248.48
270,175,8,2025-05-08,Cash,Delivered,206.87
271,639,17,2024-07-05,Debit Card,Delivered,183.97
272,611,19,2025-04-09,UPI,Delivered,120.95
273,17,7,2024-04-21,Net Banking,Processing,145.92
274,847,5,2025-03-05,Net Banking,Delivered,139.93
275,615,2,2025-09-21,Net Banking,Delivered,64.68
276,676,5,2025-05-08,Net Banking,Delivered,40.25
277,665,14,2025-11-25,Net Banking,Delivered,223.71
278,543,14,2025-12-15,Credit Card,Cancelled,141.25
279,359,19,2025-01-25,Net Banking,Delivered,68.12
280,785,8,2025-05-03,UPI,Delivered,224.12
281,264,7,2025-02-22,UPI,Shipped,205.78
282,536,4,2025-08-14,Net Banking,Delivered,177.45
283,824,11,2025-12-05,Cash,Delivered,72.5
284,600,9,2025-10-29,Debit Card,Processing,128.95
285,627,9,2025-01-09,Cash,Shipped,126.78
286,495,6,2025-07-24,Debit Card,Delivered,141.59
287,592,12,2024-11-10,Cash,Shipped,219.55
288,122,8,2025-11-06,Cash,Shipped,239.34
289,220,17,2024-04-12,Cash,Shipped,208.18
290,714,2,2025-09-20,Credit Card,Delivered,173.53
291,844,5,2024-04-03,Cash,Cancelled,131.43
292,270,8,2024-03-06,Debit Card,Delivered,47.93
293,954,13,2025-01-28,Net Banking,Delivered,100.16
294,59,6,2025-09-03,Cash,Delivered,82.36
295,954,17,2025-11-03,Debit Card,Delivered,204.63
296,529,8,2025-06-06,Net Banking,Delivered,47.57
297,671,1,2024-09-01,Credit Card,Delivered,97.95
298,362,13,2025-02-13,Cash,Delivered,148.73
299,71,3,2025-12-21,Net Banking,Delivered,214.25
300,357,12,2025-08-19,Debit Card,Delivered,242.24
301,953,13,2025-04-10,Net Banking,Delivered,76.76
302,110,18,2025-06-02,UPI,Delivered,111.39
303,823,17,2024-04-29,Debit Card,Processing,210.76
304,257,15,2025-08-11,Cash,Delivered,201.69
305,985,15,2024-12-13,Cash,Processing,221.02
306,120,9,2025-05-08,UPI,Delivered,205.62
307,694,8,2024-08-13,Debit Card,Delivered,114.15
308,10,9,2025-07-02,Credit Card,Delivered,123.78
309,78,18,2024-12-16,Credit Card,Delivered,114.24
310,276,6,2025-08-10,Credit Card,Delivered,81.93
311,894,9,2024-09-04,Credit Card,Delivered,215.34
312,365,5,2025-09-25,UPI,Delivered,56.48
313,505,20,2025-11-10,UPI,Shipped,153.71
314,869,16,2024-02-13,Debit Card,Delivered,143.39
315,890,9,2025-08-11,Cash,Delivered,200.5
316,287,13,2025-06-07,Credit Card,Shipped,66.93
317,819,14,2025-06-22,Cash,Cancelled,46.84
318,404,6,2024-12-21,Cash,Returned,186.63
319,324,1,2025-04-16,UPI,Delivered,119.68
320,334,12,2024-04-13,Net Banking,Processing,79.3
321,243,9,2024-09-26,Cash,Returned,112.05
322,511,14,2024-07-07,Credit Card,Delivered,197.96
323,875,13,2025-01-08,Debit Card,Delivered,160.0
324,703,8,2025-08-12,UPI,Shipped,208.86
325,443,13,2025-07-22,Credit Card,Delivered,241.42
326,485,1,2024-06-02,Credit Card,Delivered,68.24
327,530,18,2025-10-07,Debit Card,Shipped,103.01
328,880,19,2025-07-29,UPI,Delivered,185.01
329,221,9,2024-03-02,Cash,Processing,60.22
330,267,12,2024-12-08,Debit Card,Delivered,235.69
331,353,1,2024-09-20,Cash,Delivered,222.15
332,204,19,2025-09-12,Net Banking,Delivered,153.07
333,364,11,2024-10-18,Net Banking,Delivered,194.67
334,391,20,2024-03-21,Debit Card,Delivered,240.88
335,656,11,2024-06-20,Cash,Delivered,160.04
336,82,6,2024-03-14,Debit Card,Delivered,106.54
337,728,9,2024-10-25,Net Banking,Delivered,96.96
338,800,12,2025-03-31,Net Banking,Delivered,134.56
339,189,1,2024-06-20,Credit Card,Shipped,179.02
340,768,3,2025-12-18,Credit Card,Delivered,61.63
341,960,16,2024-03-06,Net Banking,Delivered,201.9
342,784,3,2025-06-20,UPI,Delivered,72.61
343,954,13,2025-11-01,Debit Card,Delivered,194.89
344,642,5,2025-03-29,Credit Card,Delivered,75.83
345,680,12,2024-02-05,Debit Card,Processing,138.11
346,958,9,2025-07-07,Net Banking,Delivered,243.6
347,553,6,2025-12-15,Net Banking,Delivered,172.52
348,899,19,2025-10-13,Cash,Delivered,174.3
349,931,12,2024-11-13,Cash,Delivered,208.99
350,316,12,2025-03-28,Cash,Delivered,103.75
351,536,5,2024-01-01,Debit Card,Delivered,152.37
352,945,16,2025-12-05,Cash,Delivered,200.83
353,612,8,2024-10-26,UPI,Delivered,79.6
354,448,13,2025-07-28,Credit Card,Delivered,194.79
355,849,13,2025-02-03,Credit Card,Delivered,128.67
356,530,20,2024-09-02,Debit Card,Delivered,196.01
357,423,7,2024-10-02,UPI,Delivered,100.82
358,467,20,2025-10-14,Cash,Delivered,170.78
359,329,1,2024-07-11,Credit Card,Delivered,152.34
360,996,4,2024-07-09,Debit Card,Delivered,190.19
361,239,3,2024-01-09,Credit Card,Delivered,85.61
362,320,16,2025-03-06,Debit Card,Delivered,206.2
363,83,5,2024-12-04,UPI,Delivered,122.41
364,482,6,2025-07-10,Credit Card,Processing,92.52
365,849,1,2025-01-25,UPI,Returned,190.08
366,790,15,2025-01-29,Credit Card,Shipped,47.04
367,753,4,2025-04-16,Net Banking,Delivered,83.77
368,698,10,2025-02-02,Debit Card,Delivered,192.93
369,534,4,2025-07-16,Debit Card,Delivered,102.75
370,909,2,2025-01-04,Credit Card,Returned,89.55
371,333,1,2025-03-20,Credit Card,Shipped,162.79
372,809,8,2025-02-09,UPI,Returned,162.03
373,487,20,2025-12-08,Credit Card,Delivered,58.79
374,512,3,2024-06-10,Net Banking,Delivered,243.63
375,62,2,2025-10-02,Debit Card,Delivered,187.28
376,129,16,2024-04-19,Credit Card,Delivered,157.25
377,775,12,2025-10-22,Cash,Shipped,44.48
378,367,5,2025-01-21,Debit Card,Processing,141.91
379,573,10,2025-03-24,Net Banking,Delivered,79.85
380,557,12,2024-07-10,Debit Card,Shipped,97.82
381,937,18,2025-09-05,Credit Card,Delivered,72.56
382,840,9,2024-10-29,Net Banking,Delivered,40.15
383,519,13,2025-10-15,Credit Card,Processing,170.14
384,795,20,2025-01-07,Credit Card,Delivered,53.3
385,839,13,2025-07-05,Credit Card,Delivered,144.49
386,158,20,2025-07-18,Debit Card,Delivered,174.59
387,99,17,2024-04-23,UPI,Delivered,236.94
388,895,2,2024-07-01,Credit Card,Delivered,80.24
389,585,13,2024-02-02,Cash,Delivered,187.28
390,51,12,2024-09-19,Credit Card,Delivered,54.88
391,672,16,2024-08-01,UPI,Delivered,174.17
392,572,14,2025-01-04,Debit Card,Shipped,52.24
393,273,17,2025-09-23,UPI,Shipped,215.24
394,968,7,2024-03-20,Net Banking,Delivered,192.29
395,395,7,2025-06-28,Credit Card,Delivered,92.24
396,971,6,2025-10-02,Net Banking,Shipped,127.19
397,785,19,2024-04-18,Debit Card,Delivered,187.54
398,905,4,2025-03-13,Credit Card,Shipped,155.49
399,346,6,2025-05-31,Net Banking,Returned,133.03
400,925,11,2024-12-26,Net Banking,Returned,108.18
401,423,14,2025-01-15,Debit Card,Delivered,158.26
402,385,18,2024-08-07,Debit Card,Delivered,135.0
403,1,2,2025-02-10,Debit Card,Delivered,148.7
404,7,10,2024-11-05,Credit Card,Delivered,106.13
405,843,9,2025-12-07,Net Banking,Delivered,159.84
406,159,4,2025-08-08,UPI,Delivered,72.78
407,376,19,2024-09-28,Credit Card,Delivered,210.33
408,585,13,2024-04-04,Net Banking,Cancelled,194.2
409,812,16,2024-11-28,Credit Card,Delivered,228.8
410,591,4,2025-12-20,Net Banking,Delivered,47.85
411,391,3,2025-08-13,UPI,Cancelled,110.22
412,427,4,2025-03-20,Credit Card,Shipped,218.39
413,650,13,2024-01-12,UPI,Delivered,48.65
414,579,5,2025-07-06,Debit Card,Delivered,86.37
415,690,13,2024-02-21,Cash,Shipped,160.8
416,228,14,2024-04-02,Debit Card,Shipped,71.08
417,85,16,2024-12-10,Net Banking,Shipped,155.11
418,88,13,2024-09-25,Net Banking,Delivered,186.55
419,493,18,2024-05-18,Credit Card,Delivered,176.97
420,575,20,2024-07-19,Net Banking,Delivered,55.05
421,332,19,2025-03-16,UPI,Delivered,126.85
422,357,7,2025-01-09,Debit Card,Delivered,177.64
423,174,12,2024-11-08,Net Banking,Processing,208.59
424,150,15,2025-09-30,UPI,Cancelled,89.03
425,383,5,2025-12-02,UPI,Delivered,51.45
426,949,5,2025-09-27,Debit Card,Delivered,185.7
427,313,15,2024-04-23,Cash,Delivered,83.89
428,217,7,2025-07-04,Net Banking,Delivered,94.32
429,638,5,2025-05-09,UPI,Delivered,230.27
430,45,9,2025-06-23,Credit Card,Delivered,82.15
431,633,9,2025-12-14,UPI,Delivered,238.49
432,398,9,2024-03-09,Debit Card,Processing,44.01
433,396,8,2025-10-26,Cash,Delivered,189.03
434,497,20,2024-11-19,Net Banking,Delivered,81.76
435,575,1,2025-04-13,UPI,Delivered,151.18
436,502,13,2024-12-07,Credit Card,Delivered,183.71
437,641,10,2024-12-29,Credit Card,Returned,245.5
438,832,2,2024-10-09,Debit Card,Processing,226.98
439,967,18,2024-01-31,Debit Card,Delivered,111.78
440,673,5,2025-02-06,UPI,Shipped,149.35
441,628,8,2025-11-25,Cash,Delivered,72.08
442,932,20,2024-11-15,Debit Card,Delivered,67.67
443,142,19,2025-10-30,Net Banking,Delivered,82.49
444,317,17,2024-05-21,Credit Card,Delivered,230.89
445,672,19,2024-05-28,Credit Card,Delivered,157.04
446,189,11,2024-05-01,Credit Card,Shipped,200.74
447,985,14,2025-02-27,Debit Card,Delivered,236.09
448,956,9,2025-10-14,Credit Card,Shipped,62.42
449,27,20,2024-07-08,Net Banking,Delivered,159.08
450,611,8,2024-08-24,Credit Card,Delivered,115.44
451,799,16,2025-12-05,Credit Card,Delivered,166.99
452,666,12,2025-12-30,Credit Card,Processing,143.2
453,168,7,2024-05-20,Credit Card,Delivered,200.55
454,948,9,2024-01-16,Cash,Delivered,180.98
455,776,7,2024-07-26,UPI,Delivered,240.49
456,888,20,2025-03-25,Cash,Delivered,222.02
457,438,13,2024-09-09,UPI,Delivered,213.11
458,404,20,2024-11-16,Net Banking,Delivered,150.3
459,806,2,2025-12-22,Net Banking,Delivered,135.95
460,899,8,2024-02-13,Net Banking,Delivered,246.6
461,572,13,2024-02-10,Net Banking,Shipped,242.14
462,299,15,2024-07-13,Cash,Processing,202.47
463,473,6,2024-10-19,Cash,Delivered,233.0
464,530,5,2025-12-07,Cash,Processing,134.86
465,116,6,2025-05-27,Net Banking,Cancelled,186.18
466,403,14,2024-05-18,Debit Card,Delivered,77.56
467,919,7,2025-08-27,Cash,Delivered,108.06
468,929,6,2025-10-26,UPI,Delivered,188.31
469,372,3,2025-10-11,Net Banking,Shipped,192.64
470,627,6,2025-06-07,Cash,Delivered,49.22
471,935,11,2024-06-23,Net Banking,Processing,221.16
472,890,5,2024-06-15,Credit Card,Shipped,50.78
473,317,15,2024-11-11,Debit Card,Delivered,64.69
474,984,7,2024-05-14,UPI,Delivered,93.15
475,510,16,2025-04-14,Net Banking,Processing,167.68
476,244,7,2025-05-20,Net Banking,Delivered,135.29
477,82,20,2025-03-28,Net Banking,Delivered,225.26
478,635,18,2024-10-11,Credit Card,Delivered,71.13
479,358,2,2025-10-30,Credit Card,Processing,180.07
480,306,11,2025-09-09,UPI,Delivered,127.56
481,166,10,2024-07-01,Net Banking,Delivered,186.97
482,807,18,2025-08-09,Credit Card,Returned,197.36
483,954,2,2025-01-03,UPI,Shipped,107.79
484,840,3,2025-01-23,Cash,Processing,53.63
485,138,4,2025-04-27,Debit Card,Delivered,126.89
486,713,7,2024-08-02,Net Banking,Delivered,159.99
487,542,3,2025-10-06,Cash,Shipped,167.0
488,295,14,2025-12-24,Net Banking,Processing,94.53
489,639,12,2025-08-11,Credit Card,Delivered,144.24
490,510,16,2025-10-09,Credit Card,Processing,88.87
491,199,1,2024-10-24,UPI,Delivered,171.35
492,756,7,2024-04-30,Net Banking,Returned,126.95
493,359,18,2024-12-07,Credit Card,Delivered,82.25
494,261,3,2024-10-15,Debit Card,Delivered,155.5
495,117,11,2024-01-07,Debit Card,Delivered,159.47
496,853,6,2024-01-30,Credit Card,Delivered,110.97
497,491,16,2025-11-19,UPI,Delivered,141.11
498,472,18,2025-10-04,Debit Card,Delivered,210.97
499,856,17,2024-02-27,Debit Card,Delivered,182.42
500,549,1,2025-07-22,Credit Card,Delivered,109.66
501,68,5,2024-12-28,Debit Card,Processing,111.22
502,642,18,2025-01-19,Credit Card,Delivered,121.81
503,120,10,2025-09-01,Debit Card,Shipped,97.01
504,509,8,2024-03-29,Debit Card,Delivered,239.65
505,538,10,2024-08-09,Credit Card,Delivered,204.84
506,936,3,2024-07-25,Cash,Delivered,207.8
507,158,7,2025-05-27,Debit Card,Cancelled,193.81
508,318,11,2025-06-20,Credit Card,Shipped,60.63
509,693,5,2025-06-12,Credit Card,Shipped,136.47
510,886,17,2025-12-31,UPI,Delivered,235.79
511,869,20,2025-12-04,UPI,Delivered,226.73
512,534,10,2024-04-15,UPI,Delivered,105.55
513,329,7,2024-08-02,Credit Card,Delivered,151.78
514,688,4,2025-03-27,Debit Card,Delivered,97.46
515,982,20,2024-01-16,Net Banking,Delivered,83.38
516,563,11,2024-12-24,Debit Card,Delivered,187.91
517,588,8,2024-10-17,Credit Card,Delivered,168.79
518,554,15,2024-12-12,UPI,Delivered,138.85
519,52,4,2025-11-22,Cash,Delivered,129.56
520,722,20,2024-07-02,Net Banking,Delivered,184.93
521,632,12,2025-04-01,Debit Card,Delivered,81.61
522,829,18,2025-11-17,UPI,Returned,198.71
523,582,5,2025-04-21,UPI,Processing,233.13
524,100,15,2025-04-24,Debit Card,Delivered,189.15
525,482,8,2025-04-21,Credit Card,Delivered,228.1
526,935,12,2024-09-21,Cash,Delivered,232.63
527,808,11,2024-12-04,Cash,Delivered,53.73
528,360,16,2024-04-25,Cash,Processing,99.27
529,619,19,2024-12-22,Credit Card,Delivered,125.19
530,334,18,2024-04-19,UPI,Shipped,151.88
531,605,14,2025-02-14,Credit Card,Delivered,155.07
532,394,3,2025-05-08,Debit Card,Delivered,185.75
533,804,14,2025-03-17,Net Banking,Shipped,154.35
534,178,3,2024-08-29,Net Banking,Processing,64.01
535,475,11,2025-09-02,Net Banking,Delivered,133.5
536,979,13,2024-11-11,UPI,Delivered,183.96
537,790,13,2025-09-02,Debit Card,Delivered,178.63
538,223,5,2024-04-02,Net Banking,Cancelled,173.59
539,776,5,2024-01-01,Credit Card,Delivered,101.22
540,592,15,2025-09-22,Credit Card,Delivered,224.26
541,584,10,2024-11-02,Cash,Shipped,232.17
542,597,1,2024-04-01,Net Banking,Returned,124.88
543,873,10,2024-05-10,UPI,Delivered,155.27
544,1,18,2024-02-24,Debit Card,Delivered,99.26
545,241,14,2024-02-01,Net Banking,Delivered,106.81
546,416,13,2025-01-26,Cash,Delivered,179.12
547,143,7,2025-05-01,Net Banking,Delivered,234.14
548,158,10,2025-03-03,Credit Card,Delivered,55.07
549,148,16,2024-01-17,Cash,Returned,68.51
550,658,14,2024-05-20,Cash,Processing,186.03
551,639,6,2025-03-11,Cash,Delivered,155.93
552,394,12,2025-04-05,Credit Card,Delivered,166.96
553,511,8,2025-08-14,Net Banking,Delivered,234.58
554,376,2,2025-08-13,UPI,Delivered,188.03
555,595,16,2024-04-25,UPI,Delivered,193.57
556,477,17,2024-10-13,UPI,Delivered,168.11
557,484,3,2024-09-08,Net Banking,Shipped,105.62
558,926,11,2024-02-24,Net Banking,Shipped,138.46
559,928,16,2025-06-08,Net Banking,Shipped,128.41
560,297,6,2024-10-28,UPI,Delivered,165.5
561,745,19,2024-11-07,Debit Card,Delivered,139.36
562,587,2,2024-06-22,Debit Card,Processing,171.11
563,497,3,2024-10-20,Credit Card,Delivered,218.8
564,259,5,2024-10-11,Net Banking,Delivered,220.15
565,760,4,2024-01-15,Net Banking,Delivered,164.27
566,675,15,2024-06-03,Debit Card,Processing,94.86
567,242,16,2025-12-18,Credit Card,Shipped,221.02
568,87,5,2024-12-17,Net Banking,Cancelled,72.37
569,771,14,2025-05-22,Cash,Delivered,132.44
570,172,7,2025-10-14,Net Banking,Shipped,112.47
571,271,4,2025-10-19,UPI,Delivered,123.74
572,488,18,2024-11-04,Credit Card,Delivered,188.18
573,269,5,2025-04-30,Net Banking,Processing,42.49
574,392,11,2025-04-04,Net Banking,Delivered,48.61
575,653,12,2025-06-28,Cash,Delivered,176.93
576,344,9,2024-10-06,Debit Card,Processing,93.62
577,401,15,2025-08-21,Credit Card,Shipped,163.63
578,533,11,2024-07-18,Credit Card,Delivered,42.22
579,852,3,2024-01-09,UPI,Delivered,150.31
580,457,12,2025-12-02,Credit Card,Shipped,92.9
581,25,20,2024-02-04,UPI,Delivered,164.77
582,974,20,2024-08-10,UPI,Shipped,65.2
583,134,13,2025-09-11,Net Banking,Processing,78.8
584,713,6,2024-04-23,Debit Card,Delivered,178.7
585,655,15,2024-03-18,Debit Card,Shipped,185.37
586,789,11,2025-11-14,Debit Card,Delivered,55.54
587,392,13,2024-03-04,Debit Card,Returned,94.23
588,183,15,2024-09-28,UPI,Delivered,235.0
589,403,6,2025-09-16,Cash,Delivered,153.53
590,224,20,2025-03-17,UPI,Cancelled,190.23
591,36,3,2024-04-15,UPI,Delivered,92.63
592,20,16,2025-04-01,Credit Card,Delivered,40.18
593,681,13,2024-02-08,Debit Card,Delivered,109.26
594,589,1,2025-02-04,Net Banking,Shipped,201.91
595,447,13,2025-05-04,UPI,Delivered,40.69
596,838,16,2025-12-06,UPI,Delivered,236.36
597,342,10,2025-01-02,Cash,Delivered,249.37
598,93,12,2025-10-24,Net Banking,Processing,111.41
599,779,10,2025-04-15,Credit Card,Delivered,48.26
600,677,7,2025-01-28,Debit Card,Delivered,228.26
601,706,12,2025-10-07,Cash,Delivered,172.89
602,144,2,2024-07-13,Credit Card,Delivered,249.24
603,501,13,2024-09-01,UPI,Shipped,175.12
604,547,15,2025-05-26,UPI,Delivered,51.77
605,416,4,2024-02-13,Credit Card,Processing,180.14
606,963,18,2025-04-14,Credit Card,Shipped,88.93
607,38,5,2024-03-14,Cash,Delivered,138.96
608,47,8,2025-09-25,Credit Card,Delivered,172.86
609,841,4,2024-11-10,Cash,Delivered,215.42
610,838,4,2024-03-06,UPI,Delivered,207.83
611,65,7,2024-08-13,Cash,Delivered,215.54
612,412,11,2025-11-25,UPI,Returned,160.95
613,330,7,2024-05-20,UPI,Delivered,110.46
614,281,5,2024-05-03,Cash,Delivered,117.68
615,450,8,2024-06-17,Net Banking,Delivered,60.99
616,628,13,2025-10-09,Credit Card,Delivered,142.26
617,8,6,2024-01-07,UPI,Shipped,164.68
618,427,16,2024-10-17,Credit Card,Delivered,174.36
619,462,14,2025-06-19,Credit Card,Cancelled,168.21
620,611,6,2024-02-08,Cash,Delivered,58.48
621,357,14,2024-11-04,UPI,Delivered,80.3
622,98,20,2025-06-26,Debit Card,Processing,247.22
623,225,15,2025-06-03,Credit Card,Delivered,80.68
624,702,16,2024-06-01,Cash,Delivered,180.73
625,56,12,2024-02-14,Debit Card,Delivered,92.79
626,825,15,2025-09-23,UPI,Delivered,51.02
627,181,6,2025-07-04,UPI,Delivered,64.37
628,739,15,2024-08-28,Net Banking,Delivered,128.0
629,920,11,2025-11-24,Credit Card,Shipped,108.49
630,243,14,2024-04-10,Credit Card,Delivered,86.34
631,600,16,2025-04-27,UPI,Processing,70.44
632,466,6,2025-09-16,Cash,Delivered,136.13
633,648,12,2024-07-17,Debit Card,Delivered,66.71
634,583,2,2025-12-09,Debit Card,Delivered,218.85
635,429,6,2025-04-14,Debit Card,Delivered,101.98
636,809,20,2024-06-09,Credit Card,Delivered,156.08
637,89,14,2024-08-23,Net Banking,Delivered,249.09
638,485,15,2025-08-28,Debit Card,Delivered,129.9
639,254,11,2024-09-09,Cash,Delivered,227.28
640,969,5,2025-08-28,Net Banking,Processing,127.73
641,42,16,2024-02-15,Net Banking,Delivered,151.54
642,830,4,2025-05-05,Cash,Delivered,57.45
643,710,14,2024-01-13,Credit Card,Delivered,102.12
644,93,1,2025-10-25,Cash,Delivered,73.98
645,879,19,2025-04-15,Net Banking,Delivered,135.52
646,896,13,2024-05-21,Credit Card,Shipped,117.79
647,721,1,2025-04-20,UPI,Delivered,185.06
648,34,10,2025-06-27,Cash,Shipped,186.59
649,556,19,2025-09-19,Credit Card,Shipped,57.0
650,754,2,2024-12-09,Net Banking,Cancelled,181.68
651,114,13,2024-02-22,Debit Card,Delivered,48.58
652,180,18,2025-01-10,UPI,Delivered,202.45
653,343,8,2024-05-21,Net Banking,Delivered,140.48
654,893,7,2025-08-17,Credit Card,Delivered,228.57
655,697,14,2025-05-30,Debit Card,Delivered,118.29
656,498,17,2025-04-08,Net Banking,Processing,138.73
657,695,18,2025-06-28,Debit Card,Delivered,117.31
658,969,3,2025-11-20,Credit Card,Processing,136.15
659,401,6,2024-03-23,Debit Card,Returned,56.16
660,283,4,2024-06-17,Credit Card,Delivered,223.75
661,975,1,2025-06-17,Debit Card,Delivered,183.3
662,486,12,2024-05-15,Cash,Delivered,175.38
663,194,3,2024-10-25,UPI,Processing,88.79
664,661,11,2025-06-16,Cash,Delivered,177.71
665,498,19,2024-11-30,Net Banking,Processing,133.5
666,581,5,2024-11-07,Debit Card,Delivered,94.6
667,381,10,2025-05-10,UPI,Delivered,99.72
668,634,6,2024-06-19,Net Banking,Delivered,244.37
669,710,5,2025-12-26,Credit Card,Delivered,48.64
670,589,5,2024-11-20,Cash,Delivered,78.74
671,725,2,2025-07-29,Debit Card,Returned,71.07
672,553,6,2025-04-04,Net Banking,Delivered,233.29
673,954,16,2025-02-18,Credit Card,Cancelled,234.84
674,5,18,2024-06-08,Net Banking,Delivered,188.14
675,918,10,2025-04-30,Net Banking,Delivered,207.91
676,347,4,2025-03-28,Cash,Cancelled,69.28
677,120,10,2025-07-18,UPI,Delivered,216.58
678,366,3,2025-04-01,Debit Card,Delivered,174.68
679,540,8,2025-08-20,Debit Card,Delivered,57.55
680,694,3,2025-04-01,Net Banking,Delivered,143.0
681,620,17,2025-09-09,UPI,Cancelled,115.82
682,734,14,2024-05-31,Debit Card,Delivered,42.56
683,360,10,2024-12-19,Cash,Processing,58.4
684,760,14,2025-03-30,Cash,Delivered,209.19
685,747,14,2025-03-10,Credit Card,Processing,165.57
686,213,10,2024-05-27,Cash,Returned,150.31
687,68,19,2024-12-09,Cash,Delivered,125.99
688,425,6,2024-10-06,Net Banking,Delivered,159.26
689,205,6,2024-05-20,Cash,Delivered,143.02
690,855,19,2024-11-05,Debit Card,Delivered,195.37
691,28,1,2024-08-17,Credit Card,Delivered,240.77
692,484,4,2025-10-13,Debit Card,Delivered,143.3
693,661,8,2025-12-05,UPI,Delivered,98.22
694,614,12,2024-03-09,Net Banking,Delivered,131.57
695,644,16,2024-09-21,UPI,Delivered,193.92
696,866,9,2024-01-18,Credit Card,Delivered,70.69
697,900,5,2025-04-17,Debit Card,Delivered,97.26
698,652,12,2025-03-05,UPI,Delivered,151.22
699,527,7,2024-03-19,Credit Card,Shipped,165.74
700,557,11,2024-06-20,Debit Card,Processing,183.84
701,278,12,2024-11-04,UPI,Delivered,113.84
702,14,5,2024-05-27,Net Banking,Delivered,203.55
703,349,6,2025-02-25,UPI,Delivered,145.71
704,815,18,2024-07-11,Net Banking,Delivered,240.02
705,730,18,2025-06-28,UPI,Delivered,232.37
706,839,5,2024-04-29,UPI,Delivered,105.43
707,143,15,2025-01-06,Net Banking,Delivered,243.72
708,727,10,2024-06-25,UPI,Shipped,64.91
709,878,5,2024-05-11,Credit Card,Delivered,84.07
710,436,4,2024-03-21,UPI,Delivered,141.69
711,44,7,2025-03-17,UPI,Delivered,178.56
712,61,16,2025-08-30,UPI,Cancelled,49.09
713,684,1,2024-11-04,UPI,Shipped,233.22
714,602,7,2024-07-29,Credit Card,Delivered,46.14
715,867,9,2024-05-29,Net Banking,Delivered,73.72
716,800,20,2025-05-27,Credit Card,Delivered,54.35
717,782,1,2025-08-15,Net Banking,Delivered,80.22
718,176,18,2024-10-15,UPI,Returned,60.72
719,943,17,2024-08-07,Cash,Delivered,163.77
720,690,4,2025-03-26,Credit Card,Processing,246.07
721,220,17,2025-03-10,Credit Card,Delivered,199.9
722,127,15,2024-11-17,UPI,Delivered,144.12
723,722,10,2025-01-04,Net Banking,Shipped,57.27
724,119,13,2025-05-20,Debit Card,Delivered,194.6
725,1000,15,2025-12-04,Credit Card,Delivered,101.02
726,194,3,2025-03-14,Cash,Cancelled,117.16
727,691,16,2024-01-14,UPI,Delivered,149.76
728,88,4,2025-11-23,Credit Card,Delivered,185.96
729,760,6,2024-04-14,UPI,Delivered,81.81
730,610,13,2024-07-24,UPI,Delivered,129.19
731,286,19,2025-05-26,Net Banking,Delivered,205.79
732,966,13,2025-10-21,Debit Card,Delivered,166.66
733,497,17,2025-02-18,Debit Card,Delivered,135.47
734,257,16,2024-05-05,Cash,Delivered,237.9
735,102,2,2024-01-31,UPI,Delivered,45.62
736,392,20,2024-07-02,Debit Card,Delivered,170.61
737,779,3,2024-04-08,Net Banking,Shipped,206.47
738,301,16,2024-07-25,Cash,Delivered,153.91
739,560,1,2025-07-07,UPI,Returned,224.83
740,393,15,2024-05-01,Debit Card,Processing,132.94
741,34,6,2024-02-06,Net Banking,Delivered,203.67
742,169,16,2025-12-24,Cash,Delivered,190.3
743,783,4,2025-05-14,Net Banking,Delivered,178.62
744,553,19,2025-12-02,Cash,Delivered,219.41
745,58,13,2025-06-02,Debit Card,Delivered,243.88
746,693,12,2025-09-23,Debit Card,Delivered,45.91
747,132,12,2024-02-16,Debit Card,Processing,162.63
748,350,13,2025-10-02,UPI,Delivered,248.31
749,360,2,2025-02-25,Credit Card,Delivered,176.1
750,87,3,2025-08-29,Debit Card,Delivered,75.65
751,334,2,2025-07-05,Cash,Delivered,128.72
752,924,14,2025-06-11,Debit Card,Delivered,138.64
753,325,13,2024-01-23,Net Banking,Delivered,160.23
754,103,7,2025-05-15,Debit Card,Delivered,210.41
755,348,6,2025-11-14,Net Banking,Delivered,243.58
756,509,3,2024-07-25,Net Banking,Delivered,95.68
757,588,13,2024-10-31,Credit Card,Delivered,241.17
758,98,19,2025-08-15,Debit Card,Delivered,158.95
759,487,14,2025-06-27,Credit Card,Delivered,56.1
760,517,10,2024-11-05,Cash,Delivered,105.8
761,412,9,2025-02-28,Net Banking,Delivered,181.03
762,185,1,2025-07-14,Net Banking,Processing,161.14
763,677,15,2024-08-06,Debit Card,Cancelled,151.87
764,874,14,2025-09-21,Net Banking,Shipped,52.58
765,374,15,2024-07-24,Credit Card,Delivered,196.75
766,865,14,2024-11-03,Cash,Delivered,214.35
767,650,7,2024-03-06,Cash,Delivered,100.28
768,263,20,2024-06-13,Credit Card,Delivered,63.85
769,29,8,2024-07-15,Debit Card,Delivered,157.56
770,433,2,2025-03-22,Credit Card,Delivered,68.65
771,809,9,2024-09-21,Net Banking,Delivered,219.03
772,802,1,2025-05-12,UPI,Processing,57.63
773,306,3,2025-09-08,Cash,Processing,181.05
774,407,5,2024-04-02,Credit Card,Delivered,194.24
775,535,19,2024-05-03,Net Banking,Delivered,225.76
776,615,4,2024-08-31,Debit Card,Delivered,162.71
777,826,8,2025-02-03,Cash,Delivered,62.43
778,994,9,2024-08-07,Cash,Delivered,221.21
779,503,18,2024-02-27,Debit Card,Delivered,63.72
780,434,16,2025-07-12,Credit Card,Returned,224.68
781,372,16,2024-05-28,Debit Card,Processing,44.43
782,36,2,2025-09-12,Credit Card,Delivered,120.78
783,982,12,2025-10-16,UPI,Delivered,89.64
784,398,1,2025-03-29,Cash,Cancelled,232.76
785,93,8,2024-11-04,Debit Card,Delivered,226.95
786,647,11,2025-03-25,Cash,Shipped,97.55
787,843,16,2024-03-23,Cash,Shipped,234.56
788,735,14,2024-12-06,UPI,Processing,186.68
789,68,12,2025-06-02,Cash,Delivered,210.82
790,465,1,2024-11-30,UPI,Delivered,78.59
791,811,5,2025-03-30,UPI,Delivered,171.94
792,590,3,2024-11-17,UPI,Delivered,148.44
793,782,5,2025-10-26,Net Banking,Delivered,206.45
794,463,16,2024-11-23,Credit Card,Delivered,184.37
795,819,10,2024-12-01,Credit Card,Delivered,117.2
796,898,13,2025-02-06,Net Banking,Delivered,239.1
797,663,20,2025-07-25,Credit Card,Cancelled,244.57
798,269,6,2024-07-22,UPI,Delivered,130.07
799,153,3,2024-09-23,Debit Card,Delivered,159.12
800,736,17,2024-01-15,Cash,Shipped,234.94
801,507,4,2025-11-20,Credit Card,Shipped,80.01
802,295,16,2024-09-29,Cash,Delivered,219.83
803,221,10,2025-09-06,Credit Card,Delivered,125.79
804,30,10,2024-05-29,Debit Card,Delivered,134.71
805,379,19,2024-09-11,Cash,Delivered,138.47
806,998,13,2024-11-27,Credit Card,Shipped,188.78
807,263,3,2025-09-03,UPI,Delivered,50.94
808,483,12,2024-08-28,Net Banking,Cancelled,243.11
809,727,2,2025-09-04,UPI,Delivered,170.13
810,405,12,2024-11-05,Credit Card,Returned,157.51
811,184,9,2025-08-17,Credit Card,Delivered,235.37
812,136,3,2025-04-24,Debit Card,Shipped,130.92
813,120,11,2024-09-23,UPI,Returned,144.83
814,766,12,2024-10-14,Cash,Delivered,224.16
815,850,9,2025-09-19,Net Banking,Delivered,227.46
816,755,16,2024-11-19,Credit Card,Delivered,233.8
817,818,15,2025-10-13,UPI,Delivered,51.46
818,37,16,2024-07-06,Debit Card,Delivered,138.1
819,917,16,2024-04-28,UPI,Delivered,247.65
820,497,15,2025-07-28,Cash,Delivered,191.15
821,127,12,2024-05-31,UPI,Delivered,99.66
822,768,17,2024-06-21,Debit Card,Delivered,179.26
823,598,1,2024-08-05,Net Banking,Shipped,77.92
824,253,16,2024-03-19,UPI,Processing,45.45
825,697,4,2025-11-28,Cash,Delivered,235.12
826,858,11,2024-04-18,Credit Card,Delivered,136.65
827,676,16,2025-12-25,Cash,Delivered,96.56
828,6,11,2025-11-04,UPI,Delivered,239.69
829,971,19,2024-11-28,Credit Card,Delivered,50.22
830,290,11,2025-10-21,UPI,Shipped,154.9
831,391,3,2025-09-08,Cash,Delivered,90.42
832,92,1,2025-02-12,Credit Card,Delivered,203.69
833,663,5,2024-10-18,UPI,Delivered,208.23
834,926,20,2024-11-13,Credit Card,Delivered,60.18
835,525,7,2025-01-11,Cash,Delivered,121.5
836,577,20,2024-10-01,Cash,Delivered,128.73
837,629,6,2025-01-12,Cash,Delivered,59.52
838,350,15,2025-06-09,Credit Card,Delivered,189.86
839,540,17,2025-05-22,UPI,Delivered,131.84
840,308,5,2025-05-04,Credit Card,Delivered,103.09
841,536,14,2024-09-11,Debit Card,Delivered,155.71
842,526,4,2024-02-16,Net Banking,Delivered,59.84
843,738,19,2025-11-07,Debit Card,Delivered,162.97
844,17,4,2025-05-30,Cash,Delivered,78.26
845,47,3,2025-02-06,Cash,Processing,102.51
846,742,15,2025-08-24,Cash,Delivered,95.67
847,217,6,2024-07-10,UPI,Shipped,166.85
848,109,14,2025-11-20,Net Banking,Delivered,122.94
849,176,16,2024-01-14,Cash,Delivered,222.44
850,744,16,2025-09-08,Debit Card,Delivered,244.52
851,708,13,2025-01-04,Debit Card,Delivered,68.37
852,115,1,2024-07-14,Credit Card,Processing,83.94
853,149,8,2025-10-26,Cash,Processing,220.22
854,196,3,2025-07-05,Debit Card,Shipped,71.11
855,23,4,2025-03-08,Credit Card,Cancelled,195.14
856,987,16,2025-03-31,Cash,Delivered,134.4
857,207,10,2024-09-05,Net Banking,Processing,122.26
858,9,4,2024-12-07,Cash,Returned,218.21
859,611,18,2025-08-15,Debit Card,Delivered,123.93
860,606,20,2025-06-09,Cash,Delivered,52.75
861,433,19,2024-01-20,Debit Card,Delivered,96.25
862,428,16,2025-10-25,UPI,Delivered,237.18
863,460,14,2024-12-21,UPI,Delivered,192.5
864,353,15,2025-04-25,Credit Card,Delivered,163.41
865,348,20,2025-12-02,Cash,Delivered,101.61
866,400,14,2025-12-29,Debit Card,Shipped,207.95
867,637,7,2024-06-14,Debit Card,Delivered,58.1
868,133,6,2025-05-09,Credit Card,Delivered,143.36
869,966,16,2025-03-01,Debit Card,Delivered,156.93
870,368,9,2024-01-19,Debit Card,Delivered,76.69
871,33,3,2025-05-30,Debit Card,Delivered,169.69
872,576,8,2024-05-03,Cash,Delivered,111.47
873,788,2,2024-12-29,Net Banking,Delivered,71.75
874,895,17,2025-12-07,Net Banking,Delivered,188.35
875,819,15,2025-03-24,UPI,Returned,204.15
876,801,4,2025-09-16,Net Banking,Delivered,62.14
877,121,7,2025-10-07,Debit Card,Delivered,101.35
878,781,17,2025-03-28,Cash,Shipped,60.85
879,373,11,2025-10-24,Credit Card,Delivered,82.4
880,788,1,2025-03-01,Credit Card,Processing,139.47
881,518,6,2024-10-20,UPI,Delivered,190.19
882,370,8,2025-02-28,Credit Card,Shipped,151.23
883,142,14,2024-08-21,Cash,Cancelled,228.59
884,814,12,2025-06-12,UPI,Delivered,201.73
885,967,3,2025-06-13,UPI,Delivered,124.35
886,445,2,2024-06-17,Cash,Shipped,178.64
887,155,19,2025-10-18,UPI,Returned,245.81
888,897,17,2025-11-07,Debit Card,Delivered,226.01
889,567,10,2025-12-18,Debit Card,Cancelled,41.66
890,922,17,2024-10-13,Net Banking,Cancelled,187.06
891,660,7,2025-04-01,Net Banking,Delivered,169.82
892,715,12,2025-03-28,Cash,Shipped,225.0
893,38,18,2024-03-27,Debit Card,Delivered,190.96
894,533,18,2024-05-09,Debit Card,Delivered,147.45
895,534,11,2024-11-15,Credit Card,Delivered,226.97
896,607,9,2025-07-06,Credit Card,Processing,103.83
897,518,4,2025-03-08,UPI,Processing,94.55
898,363,4,2025-06-03,UPI,Shipped,237.68
899,306,19,2025-04-04,UPI,Delivered,246.42
900,580,18,2025-08-18,Net Banking,Delivered,102.83
901,804,19,2025-11-13,Credit Card,Shipped,149.13
902,108,11,2024-09-10,Net Banking,Delivered,212.8
903,466,4,2025-01-04,Credit Card,Shipped,213.97
904,95,2,2024-03-24,Cash,Processing,140.01
905,80,12,2025-04-01,Net Banking,Delivered,157.38
906,893,9,2025-02-08,Net Banking,Delivered,128.92
907,706,16,2025-03-26,Cash,Processing,70.31
908,497,15,2024-05-10,Credit Card,Returned,147.77
909,121,7,2025-06-25,Cash,Delivered,196.76
910,379,4,2025-07-26,Net Banking,Processing,63.17
911,586,10,2025-01-13,UPI,Delivered,64.73
912,384,10,2024-11-08,Debit Card,Delivered,206.15
913,803,19,2024-05-25,Cash,Delivered,227.79
914,221,6,2024-10-17,Cash,Delivered,154.98
915,892,2,2024-03-10,Cash,Delivered,105.04
916,922,11,2025-04-08,Cash,Delivered,191.21
917,136,5,2025-09-12,Net Banking,Delivered,199.95
918,460,5,2025-11-14,Debit Card,Delivered,171.2
919,420,13,2025-09-30,Credit Card,Cancelled,111.19
920,982,15,2024-02-16,Debit Card,Delivered,221.85
921,26,19,2025-12-25,Debit Card,Delivered,65.99
922,88,7,2025-07-26,Net Banking,Delivered,199.1
923,535,7,2025-08-06,Cash,Delivered,43.92
924,959,18,2025-11-05,Credit Card,Returned,97.74
925,252,19,2024-07-29,Cash,Delivered,152.04
926,412,19,2024-11-24,UPI,Delivered,236.11
927,448,6,2024-12-14,Cash,Delivered,150.86
928,264,3,2025-01-26,UPI,Returned,153.77
929,148,6,2024-10-19,Debit Card,Shipped,72.39
930,695,6,2025-02-21,UPI,Delivered,108.31
931,731,2,2024-01-28,Debit Card,Delivered,107.21
932,915,11,2025-02-26,Debit Card,Delivered,213.83
933,54,7,2024-05-03,Credit Card,Shipped,163.07
934,521,17,2025-05-19,Cash,Cancelled,96.55
935,476,18,2024-11-21,Cash,Delivered,46.07
936,240,1,2025-10-10,Debit Card,Delivered,163.1
937,253,18,2024-04-13,Credit Card,Delivered,125.42
938,867,17,2024-03-26,Credit Card,Shipped,69.9
939,173,8,2025-07-07,Net Banking,Returned,241.88
940,463,2,2025-07-22,UPI,Processing,241.83
941,297,6,2025-09-27,UPI,Delivered,233.58
942,613,9,2024-10-06,Cash,Returned,216.91
943,600,17,2024-08-05,Debit Card,Delivered,195.23
944,72,10,2025-07-30,UPI,Delivered,65.83
945,743,18,2024-05-23,Debit Card,Processing,84.28
946,981,11,2025-05-31,Debit Card,Delivered,245.72
947,464,9,2025-12-25,Credit Card,Delivered,107.54
948,471,20,2024-08-03,Debit Card,Delivered,185.29
949,945,1,2025-10-23,Net Banking,Delivered,229.3
950,178,14,2025-11-19,Net Banking,Processing,187.69
951,552,3,2025-02-06,UPI,Delivered,227.44
952,456,4,2025-11-18,Debit Card,Returned,119.04
953,367,13,2025-09-07,Credit Card,Processing,210.49
954,128,15,2024-01-09,Debit Card,Cancelled,133.36
955,761,1,2024-08-14,Debit Card,Delivered,188.93
956,93,20,2024-07-15,Debit Card,Processing,86.44
957,991,12,2025-05-20,UPI,Delivered,229.95
958,621,7,2025-12-24,UPI,Delivered,212.44
959,114,9,2025-02-09,Net Banking,Delivered,75.8
960,676,19,2024-07-17,Net Banking,Delivered,53.73
961,764,3,2024-05-11,Credit Card,Delivered,159.68
962,903,17,2024-08-21,Debit Card,Delivered,182.38
963,695,18,2025-12-10,Net Banking,Delivered,157.62
964,3,14,2025-04-09,UPI,Processing,107.83
965,281,4,2025-02-20,Net Banking,Delivered,115.91
966,906,8,2024-02-14,UPI,Delivered,128.21
967,324,1,2025-04-04,Cash,Delivered,57.18
968,828,1,2025-08-08,Credit Card,Returned,129.0
969,940,8,2024-03-17,Credit Card,Delivered,105.27
970,641,4,2025-10-03,UPI,Delivered,209.69
971,817,11,2025-08-29,Debit Card,Delivered,139.45
972,853,2,2024-12-14,Debit Card,Delivered,89.72
973,795,20,2024-03-15,Net Banking,Delivered,60.09
974,593,4,2025-04-02,UPI,Returned,232.51
975,321,3,2025-01-21,Credit Card,Delivered,208.5
976,309,20,2024-02-26,Cash,Delivered,182.29
977,54,10,2025-07-26,Cash,Delivered,169.63
978,239,20,2025-02-24,Net Banking,Delivered,120.62
979,902,20,2025-03-14,Net Banking,Delivered,176.69
980,802,1,2025-11-22,Cash,Delivered,163.44
981,106,1,2024-04-20,Net Banking,Shipped,164.51
982,927,19,2024-07-17,Credit Card,Delivered,93.82
983,493,20,2025-03-07,Cash,Delivered,68.91
984,62,5,2024-02-15,Debit Card,Delivered,147.76
985,773,12,2025-10-29,Debit Card,Delivered,153.64
986,151,16,2024-05-29,Debit Card,Delivered,101.12
987,531,19,2024-01-09,Credit Card,Delivered,146.49
988,880,2,2025-07-26,Cash,Delivered,245.07
989,931,7,2025-10-17,UPI,Delivered,180.25
990,709,15,2025-12-12,Net Banking,Delivered,218.92
991,987,11,2025-08-02,Net Banking,Delivered,109.01
992,466,2,2024-04-17,Cash,Delivered,40.78
993,710,8,2024-08-16,Cash,Delivered,90.19
994,827,13,2024-12-05,Credit Card,Delivered,213.48
995,372,1,2024-01-07,UPI,Delivered,156.49
996,298,15,2024-05-25,Credit Card,Delivered,231.67
997,45,1,2025-01-03,Credit Card,Delivered,76.57
998,737,6,2024-09-25,Debit Card,Processing,91.65
999,23,6,2024-07-19,Debit Card,Cancelled,44.41
1000,141,13,2025-11-24,UPI,Delivered,84.15
1001,246,12,2025-04-12,Debit Card,Delivered,237.64
1002,903,14,2025-09-30,UPI,Delivered,225.37
1003,814,7,2024-05-13,Credit Card,Delivered,185.81
1004,614,14,2024-11-21,Credit Card,Cancelled,200.25
1005,194,18,2025-08-24,Debit Card,Shipped,108.81
1006,645,9,2024-02-24,Credit Card,Processing,243.36
1007,215,3,2025-05-15,Cash,Shipped,169.13
1008,521,13,2024-06-20,Net Banking,Delivered,148.97
1009,330,12,2024-07-02,Net Banking,Delivered,190.29
1010,486,9,2025-05-21,Net Banking,Delivered,233.45
1011,666,2,2025-08-20,Credit Card,Delivered,82.63
1012,406,7,2024-08-28,Debit Card,Delivered,119.19
1013,958,12,2024-06-09,Debit Card,Delivered,68.21
1014,303,15,2024-03-27,Net Banking,Delivered,162.63
1015,525,20,2025-04-21,Debit Card,Delivered,138.19
1016,377,16,2025-02-22,Debit Card,Delivered,45.19
1017,240,9,2025-03-28,UPI,Delivered,57.31
1018,526,18,2025-05-28,UPI,Shipped,234.59
1019,122,3,2024-04-10,Debit Card,Delivered,82.06
1020,692,11,2024-07-20,Debit Card,Delivered,211.27
1021,866,9,2025-11-30,Credit Card,Shipped,249.58
1022,935,9,2025-07-10,UPI,Shipped,99.19
1023,802,13,2024-12-20,Cash,Processing,199.14
1024,484,17,2024-01-13,Credit Card,Processing,87.79
1025,486,8,2024-08-02,Net Banking,Delivered,156.05
1026,740,15,2025-04-24,Debit Card,Shipped,105.75
1027,440,14,2024-07-11,Credit Card,Delivered,219.12
1028,384,5,2024-01-31,Net Banking,Processing,104.17
1029,512,12,2024-01-10,Debit Card,Delivered,129.4
1030,782,18,2025-02-17,Debit Card,Delivered,44.88
1031,945,5,2024-02-02,Credit Card,Returned,248.79
1032,645,20,2025-08-04,Net Banking,Delivered,122.09
1033,210,13,2025-01-25,UPI,Delivered,79.55
1034,337,19,2024-04-21,Cash,Delivered,103.98
1035,107,18,2024-06-24,Credit Card,Delivered,184.7
1036,28,6,2025-05-15,Credit Card,Delivered,242.23
1037,211,8,2024-10-17,Debit Card,Delivered,54.7
1038,378,17,2024-02-28,UPI,Delivered,220.54
1039,401,6,2025-02-24,UPI,Delivered,127.87
1040,399,7,2024-03-11,Credit Card,Processing,105.05
1041,681,16,2025-12-27,Credit Card,Delivered,237.22
1042,208,17,2025-08-24,Cash,Delivered,41.56
1043,457,3,2024-05-26,Cash,Delivered,91.84
1044,933,19,2024-12-02,Cash,Delivered,160.99
1045,295,15,2024-04-03,Debit Card,Shipped,189.45
1046,401,20,2024-10-31,Credit Card,Delivered,77.71
1047,751,14,2025-09-24,Cash,Delivered,178.41
1048,583,4,2025-12-16,Cash,Delivered,49.17
1049,281,18,2024-06-10,Debit Card,Delivered,54.02
1050,931,16,2024-08-10,Cash,Returned,156.09
1051,79,4,2025-01-12,Net Banking,Shipped,108.46
1052,169,9,2025-04-06,Credit Card,Delivered,137.06
1053,655,15,2024-03-15,Cash,Delivered,123.86
1054,407,2,2024-07-18,UPI,Delivered,188.91
1055,335,15,2024-05-19,Cash,Delivered,57.34
1056,249,15,2025-11-03,Credit Card,Delivered,98.62
1057,175,1,2024-06-14,Net Banking,Delivered,101.77
1058,760,13,2025-07-01,Credit Card,Delivered,200.35
1059,280,5,2025-11-24,Cash,Delivered,85.5
1060,915,18,2024-02-05,Credit Card,Delivered,50.03
1061,831,17,2025-10-12,UPI,Delivered,104.75
1062,613,1,2024-02-23,UPI,Shipped,201.09
1063,384,8,2024-09-12,Credit Card,Delivered,128.55
1064,346,7,2024-01-15,UPI,Delivered,225.28
1065,172,6,2025-11-11,UPI,Delivered,62.61
1066,331,18,2024-11-30,Credit Card,Delivered,236.21
1067,962,14,2025-02-08,UPI,Delivered,62.24
1068,178,1,2024-11-27,Cash,Delivered,42.52
1069,470,8,2024-08-05,UPI,Delivered,98.48
1070,378,2,2025-09-30,UPI,Processing,126.33
1071,512,4,2025-09-05,Net Banking,Shipped,233.67
1072,176,9,2025-08-05,UPI,Delivered,246.1
1073,398,5,2025-12-14,Debit Card,Delivered,199.96
1074,326,16,2025-12-05,UPI,Delivered,167.79
1075,460,13,2025-08-22,Net Banking,Delivered,88.81
1076,722,1,2025-08-24,Credit Card,Delivered,199.38
1077,317,8,2024-05-07,Cash,Shipped,170.15
1078,141,12,2024-03-02,Cash,Delivered,71.85
1079,658,2,2024-07-28,Credit Card,Cancelled,165.6
1080,757,11,2025-03-30,Credit Card,Delivered,175.16
1081,534,14,2024-02-10,Debit Card,Shipped,88.09
1082,351,8,2024-12-05,Credit Card,Delivered,230.39
1083,255,8,2025-11-11,Net Banking,Processing,149.51
1084,453,1,2024-07-06,UPI,Processing,54.7
1085,54,5,2024-07-16,Credit Card,Delivered,76.47
1086,852,7,2025-07-16,Credit Card,Delivered,129.51
1087,319,6,2025-04-23,Credit Card,Delivered,77.05
1088,311,10,2024-09-11,Net Banking,Delivered,173.48
1089,884,16,2024-10-05,UPI,Returned,115.51
1090,172,16,2025-01-21,Cash,Delivered,167.97
1091,779,5,2025-03-19,Cash,Delivered,120.1
1092,778,10,2024-03-26,Net Banking,Delivered,156.1
1093,264,13,2024-06-28,Cash,Delivered,99.48
1094,621,16,2025-07-29,UPI,Delivered,190.12
1095,159,7,2024-07-19,UPI,Delivered,145.15
1096,504,13,2025-01-18,Cash,Cancelled,243.8
1097,394,16,2025-01-17,Debit Card,Delivered,163.54
1098,907,2,2025-02-22,UPI,Delivered,158.78
1099,782,14,2024-07-17,Debit Card,Shipped,197.83
1100,522,16,2024-12-22,Debit Card,Delivered,176.69
1101,754,8,2025-03-10,Credit Card,Delivered,233.51
1102,647,1,2025-01-05,Credit Card,Delivered,135.65
1103,151,9,2025-11-28,Credit Card,Delivered,239.87
1104,13,4,2024-06-14,UPI,Delivered,232.55
1105,724,19,2025-02-11,UPI,Delivered,79.65
1106,170,14,2025-03-09,Debit Card,Delivered,145.14
1107,675,13,2025-06-29,Net Banking,Delivered,126.44
1108,112,19,2024-04-01,Debit Card,Processing,96.49
1109,953,13,2024-08-02,Debit Card,Delivered,75.36
1110,2,4,2025-05-18,UPI,Shipped,127.75
1111,671,10,2025-03-02,Cash,Delivered,118.68
1112,138,7,2025-12-21,Cash,Delivered,239.18
1113,581,7,2025-04-06,Credit Card,Delivered,197.48
1114,266,14,2024-07-15,Cash,Delivered,171.13
1115,171,3,2025-10-13,Debit Card,Delivered,66.18
1116,351,1,2024-03-06,Net Banking,Delivered,141.89
1117,10,2,2024-04-13,Debit Card,Shipped,41.52
1118,809,2,2025-08-19,UPI,Delivered,206.28
1119,618,17,2025-01-19,Debit Card,Cancelled,139.38
1120,619,14,2024-12-11,Debit Card,Delivered,226.93
1121,837,8,2024-11-18,Debit Card,Delivered,119.47
1122,999,12,2024-02-28,Debit Card,Processing,40.65
1123,412,5,2025-12-16,UPI,Delivered,222.49
1124,974,8,2024-10-13,Debit Card,Delivered,184.1
1125,528,14,2025-05-01,Credit Card,Delivered,174.0
1126,18,12,2024-11-25,UPI,Returned,194.52
1127,455,8,2025-11-25,Net Banking,Delivered,195.23
1128,357,14,2024-03-24,Cash,Returned,219.99
1129,752,13,2024-04-12,Debit Card,Delivered,189.51
1130,898,19,2025-06-16,Net Banking,Delivered,144.56
1131,309,18,2024-03-30,Cash,Delivered,133.72
1132,494,18,2024-04-28,Credit Card,Delivered,75.79
1133,717,3,2025-11-06,UPI,Delivered,190.31
1134,952,11,2024-06-13,Cash,Shipped,86.28
1135,682,16,2024-09-20,UPI,Delivered,233.77
1136,743,16,2025-10-10,UPI,Shipped,109.89
1137,955,19,2024-08-17,Net Banking,Delivered,112.08
1138,670,18,2025-01-25,Cash,Processing,86.95
1139,298,3,2024-04-28,UPI,Delivered,195.52
1140,763,4,2024-07-11,Net Banking,Delivered,219.2
1141,591,1,2025-01-24,Debit Card,Delivered,152.48
1142,434,11,2025-02-01,Debit Card,Shipped,236.12
1143,533,20,2024-05-09,Net Banking,Delivered,123.02
1144,873,15,2025-07-05,Debit Card,Delivered,238.01
1145,512,15,2024-08-12,Credit Card,Delivered,70.63
1146,870,2,2025-11-12,Net Banking,Delivered,145.5
1147,127,9,2025-12-06,Net Banking,Delivered,214.02
1148,299,13,2025-05-21,UPI,Returned,109.96
1149,869,8,2024-08-03,UPI,Cancelled,202.97
1150,745,13,2025-05-14,Debit Card,Returned,178.44
1151,23,18,2024-06-12,Cash,Delivered,182.36
1152,776,13,2024-12-22,Cash,Delivered,192.62
1153,714,7,2024-10-16,Net Banking,Delivered,67.49
1154,887,2,2025-08-17,Debit Card,Delivered,74.38
1155,453,16,2024-05-20,Debit Card,Processing,84.05
1156,753,1,2024-07-19,Debit Card,Shipped,160.89
1157,805,5,2025-11-25,Cash,Returned,129.69
1158,949,2,2024-06-21,UPI,Delivered,139.51
1159,121,17,2024-02-23,Debit Card,Delivered,243.64
1160,740,13,2025-10-04,Credit Card,Delivered,90.58
1161,310,20,2025-05-15,Credit Card,Delivered,118.83
1162,815,3,2025-12-09,Cash,Processing,176.57
1163,648,15,2024-10-08,Debit Card,Delivered,64.49
1164,501,17,2024-05-04,Credit Card,Delivered,160.33
1165,492,9,2025-08-09,UPI,Shipped,78.03
1166,661,14,2025-05-10,Debit Card,Delivered,60.88
1167,731,18,2024-03-06,Credit Card,Delivered,187.16
1168,570,18,2025-02-07,Net Banking,Delivered,148.97
1169,552,4,2025-08-21,Credit Card,Returned,228.5
1170,883,20,2024-07-04,Credit Card,Delivered,133.92
1171,126,2,2024-11-17,Credit Card,Delivered,177.05
1172,576,9,2024-03-30,UPI,Delivered,66.19
1173,373,18,2024-11-01,Credit Card,Delivered,238.5
1174,255,10,2024-01-01,UPI,Cancelled,149.08
1175,675,18,2024-10-27,Cash,Delivered,142.99
1176,536,12,2024-11-16,Net Banking,Delivered,84.07
1177,679,2,2024-04-11,Credit Card,Delivered,69.75
1178,981,5,2024-08-08,Net Banking,Delivered,164.27
1179,132,20,2024-10-11,Cash,Delivered,93.54
1180,666,6,2025-01-25,Cash,Delivered,238.4
1181,436,5,2025-11-23,Net Banking,Delivered,172.21
1182,649,7,2024-10-02,Debit Card,Delivered,176.03
1183,620,6,2025-06-07,Cash,Processing,106.44
1184,389,1,2025-03-20,Net Banking,Delivered,96.73
1185,113,18,2025-06-28,Cash,Delivered,174.44
1186,932,11,2025-01-06,Debit Card,Delivered,207.6
1187,11,4,2024-10-07,Cash,Returned,86.67
1188,802,4,2024-04-17,Credit Card,Delivered,223.86
1189,842,16,2025-08-25,UPI,Delivered,187.1
1190,565,9,2024-10-15,Net Banking,Delivered,50.07
1191,970,13,2024-11-21,Credit Card,Delivered,195.67
1192,565,20,2025-06-28,Cash,Delivered,66.79
1193,704,17,2024-01-10,Credit Card,Delivered,69.96
1194,754,9,2025-08-04,UPI,Cancelled,174.23
1195,725,8,2025-01-14,Net Banking,Delivered,136.14
1196,363,15,2025-03-25,Net Banking,Delivered,240.05
1197,965,8,2025-06-17,Debit Card,Delivered,58.26
1198,417,11,2024-11-08,UPI,Delivered,56.11
1199,968,3,2024-09-02,Credit Card,Delivered,57.76
1200,568,16,2024-10-19,UPI,Returned,129.04
1201,955,5,2025-06-04,Cash,Delivered,183.88
1202,910,18,2025-11-24,UPI,Delivered,169.42
1203,732,14,2024-01-08,Net Banking,Shipped,91.29
1204,974,17,2025-11-08,Net Banking,Delivered,134.22
1205,691,17,2024-06-21,Credit Card,Delivered,117.08
1206,527,12,2024-05-16,UPI,Delivered,119.61
1207,994,4,2025-01-17,Debit Card,Cancelled,92.45
1208,872,4,2025-07-06,Debit Card,Delivered,101.64
1209,3,19,2024-08-06,Cash,Delivered,104.01
1210,528,2,2025-10-20,Cash,Processing,218.15
1211,365,1,2024-02-28,Net Banking,Delivered,102.65
1212,6,12,2024-04-19,Credit Card,Delivered,41.86
1213,504,7,2025-03-17,UPI,Delivered,228.69
1214,127,16,2025-02-24,UPI,Delivered,177.89
1215,482,13,2024-08-19,Debit Card,Delivered,129.95
1216,550,9,2024-07-05,UPI,Returned,177.82
1217,166,5,2025-03-25,Debit Card,Shipped,41.22
1218,204,4,2025-12-27,Credit Card,Delivered,68.07
1219,762,11,2025-03-07,UPI,Delivered,81.79
1220,983,9,2025-05-05,UPI,Delivered,155.53
1221,732,5,2025-11-29,Debit Card,Shipped,203.87
1222,514,13,2025-02-13,Credit Card,Delivered,62.65
1223,130,5,2024-01-22,Debit Card,Delivered,201.15
1224,54,11,2024-08-30,Cash,Returned,194.86
1225,492,10,2025-03-20,Debit Card,Delivered,199.79
1226,633,5,2024-09-10,Net Banking,Delivered,99.04
1227,885,9,2024-04-27,Credit Card,Delivered,130.12
1228,724,4,2025-04-30,Net Banking,Delivered,79.62
1229,645,5,2025-08-28,Credit Card,Delivered,124.27
1230,197,5,2024-10-07,Cash,Delivered,81.93
1231,390,14,2024-02-22,Net Banking,Delivered,173.0
1232,228,11,2024-08-24,Cash,Delivered,147.07
1233,53,10,2025-10-21,UPI,Delivered,98.92
1234,729,14,2024-12-25,Credit Card,Delivered,49.99
1235,1,2,2024-02-11,Debit Card,Delivered,139.13
1236,104,14,2025-09-13,Credit Card,Delivered,143.17
1237,312,4,2024-12-08,UPI,Delivered,183.42
1238,340,12,2024-05-13,Debit Card,Shipped,163.67
1239,381,8,2025-09-11,Debit Card,Delivered,120.65
1240,134,20,2024-04-18,UPI,Delivered,243.35
1241,838,7,2025-11-01,Credit Card,Shipped,234.36
1242,965,18,2024-03-17,Net Banking,Delivered,192.32
1243,547,5,2024-07-25,UPI,Delivered,127.82
1244,259,18,2025-12-29,Debit Card,Processing,134.18
1245,933,14,2024-04-30,UPI,Delivered,149.99
1246,810,1,2025-05-30,Credit Card,Delivered,186.31
1247,297,2,2024-05-12,Net Banking,Delivered,244.22
1248,759,13,2024-07-13,Cash,Delivered,222.75
1249,170,15,2024-03-17,Net Banking,Delivered,203.67
1250,622,9,2025-02-14,Credit Card,Delivered,73.6
1251,607,1,2024-08-11,Net Banking,Delivered,188.63
1252,266,10,2025-06-21,Credit Card,Delivered,96.39
1253,176,8,2024-05-01,UPI,Delivered,101.29
1254,152,9,2025-10-16,Credit Card,Delivered,206.03
1255,255,7,2025-10-19,Net Banking,Delivered,176.22
1256,620,12,2025-10-09,Debit Card,Delivered,188.15
1257,271,5,2025-07-16,Cash,Processing,101.93
1258,641,1,2024-02-28,Debit Card,Delivered,242.7
1259,263,1,2024-06-29,Net Banking,Delivered,222.28
1260,109,13,2025-08-20,Debit Card,Processing,173.2
1261,212,15,2025-07-18,Credit Card,Delivered,82.82
1262,828,13,2025-10-06,Credit Card,Delivered,193.26
1263,378,5,2025-03-20,Cash,Delivered,78.12
1264,836,6,2024-07-08,Credit Card,Delivered,238.1
1265,664,10,2024-07-03,UPI,Delivered,225.9
1266,704,20,2025-02-07,Credit Card,Delivered,55.13
1267,466,13,2024-09-08,UPI,Shipped,68.83
1268,618,4,2024-01-13,Cash,Delivered,63.11
1269,782,2,2024-01-14,Credit Card,Delivered,57.56
1270,962,20,2024-05-26,UPI,Shipped,41.97
1271,556,11,2024-04-18,UPI,Delivered,140.89
1272,914,15,2025-07-30,Credit Card,Delivered,140.57
1273,58,18,2024-09-06,Debit Card,Delivered,65.85
1274,106,18,2024-02-15,Debit Card,Delivered,226.16
1275,146,1,2025-03-01,Credit Card,Delivered,129.7
1276,362,10,2024-05-30,Credit Card,Cancelled,183.73
1277,906,4,2025-12-04,Cash,Delivered,63.13
1278,980,10,2024-04-14,Debit Card,Delivered,110.08
1279,946,3,2025-01-04,UPI,Delivered,77.39
1280,343,20,2025-06-27,Credit Card,Delivered,71.55
1281,704,10,2025-11-14,Net Banking,Processing,113.16
1282,278,16,2024-04-16,Debit Card,Cancelled,210.25
1283,818,3,2025-12-29,UPI,Processing,245.39
1284,151,11,2025-11-02,Credit Card,Delivered,191.48
1285,835,3,2025-05-04,UPI,Delivered,241.51
1286,149,3,2024-10-12,Debit Card,Returned,78.19
1287,362,11,2025-01-29,Cash,Delivered,185.62
1288,617,11,2025-02-27,Credit Card,Processing,177.33
1289,393,14,2024-09-08,Net Banking,Delivered,152.09
1290,550,8,2025-06-29,Cash,Delivered,190.13
1291,592,8,2025-06-23,UPI,Delivered,40.6
1292,372,18,2024-01-18,Cash,Returned,233.39
1293,934,12,2024-03-02,Debit Card,Processing,222.02
1294,302,15,2024-05-22,Credit Card,Processing,155.82
1295,249,7,2025-03-07,Credit Card,Delivered,68.94
1296,721,5,2025-12-13,Cash,Shipped,186.19
1297,381,2,2025-03-10,UPI,Delivered,55.49
1298,892,6,2025-08-31,UPI,Delivered,69.67
1299,79,1,2024-09-07,Net Banking,Processing,127.46
1300,482,5,2024-07-05,Net Banking,Delivered,102.9
1301,740,11,2025-02-25,Cash,Shipped,186.0
1302,114,5,2024-10-20,UPI,Processing,46.75
1303,516,6,2024-06-26,UPI,Delivered,128.96
1304,568,9,2025-04-10,Net Banking,Delivered,188.96
1305,954,6,2025-03-09,Debit Card,Returned,149.52
1306,761,7,2024-05-08,Cash,Delivered,85.97
1307,843,18,2024-07-07,Net Banking,Processing,211.48
1308,489,11,2025-04-24,Cash,Processing,74.61
1309,663,14,2025-01-15,Credit Card,Delivered,61.92
1310,618,11,2025-01-06,UPI,Delivered,74.18
1311,67,7,2024-04-19,Net Banking,Delivered,231.03
1312,565,7,2024-07-11,UPI,Delivered,57.86
1313,579,2,2025-08-06,Net Banking,Returned,141.6
1314,323,3,2024-02-19,Debit Card,Delivered,114.9
1315,982,13,2024-10-16,Net Banking,Delivered,197.89
1316,998,5,2024-12-30,UPI,Delivered,228.27
1317,104,17,2025-05-30,Credit Card,Delivered,207.17
1318,601,2,2025-05-03,Debit Card,Delivered,183.3
1319,907,3,2024-03-21,Credit Card,Processing,209.57
1320,145,6,2025-10-31,Net Banking,Delivered,193.03
1321,536,11,2025-10-29,Cash,Shipped,111.19
1322,639,14,2025-01-03,UPI,Processing,202.58
1323,245,7,2025-01-31,Net Banking,Delivered,241.18
1324,643,16,2025-08-03,UPI,Processing,69.95
1325,561,3,2024-11-12,Cash,Delivered,105.88
1326,166,3,2024-10-29,Debit Card,Delivered,114.21
1327,184,15,2024-03-13,Debit Card,Returned,245.48
1328,666,5,2025-03-28,UPI,Returned,142.53
1329,880,10,2025-01-07,Cash,Delivered,170.13
1330,133,15,2025-11-27,Debit Card,Delivered,171.17
1331,383,3,2024-11-17,Cash,Delivered,95.19
1332,44,20,2025-11-29,UPI,Shipped,91.41
1333,9,5,2025-07-28,UPI,Delivered,73.22
1334,875,3,2025-02-12,Credit Card,Delivered,137.08
1335,358,15,2024-04-05,Cash,Delivered,229.03
1336,112,3,2025-04-21,Credit Card,Shipped,232.67
1337,787,14,2025-02-10,Credit Card,Delivered,53.54
1338,619,16,2024-12-16,Credit Card,Shipped,140.01
1339,466,2,2024-10-12,Net Banking,Delivered,138.69
1340,219,11,2025-10-17,Net Banking,Delivered,166.23
1341,64,12,2025-01-24,Cash,Returned,84.82
1342,889,1,2024-08-04,Cash,Delivered,173.49
1343,146,3,2024-03-26,Debit Card,Delivered,102.65
1344,463,14,2025-12-30,Net Banking,Delivered,227.55
1345,851,2,2024-07-07,UPI,Processing,129.99
1346,169,7,2024-10-31,Debit Card,Cancelled,141.14
1347,706,6,2025-07-02,Cash,Delivered,185.51
1348,843,1,2025-02-02,Net Banking,Shipped,165.4
1349,741,19,2024-03-20,Net Banking,Delivered,179.45
1350,15,5,2024-11-20,Cash,Cancelled,144.88
1351,117,14,2024-11-20,Debit Card,Delivered,40.77
1352,966,5,2025-04-06,Cash,Delivered,161.46
1353,224,7,2024-02-07,Cash,Delivered,202.62
1354,387,7,2025-09-07,Debit Card,Delivered,80.14
1355,591,1,2025-11-26,Debit Card,Processing,43.4
1356,515,4,2024-11-10,Cash,Delivered,135.76
1357,361,12,2025-02-24,Net Banking,Delivered,244.55
1358,117,6,2024-12-09,Cash,Delivered,77.15
1359,167,18,2025-09-01,Cash,Delivered,217.47
1360,697,14,2025-12-06,Debit Card,Shipped,236.96
1361,90,4,2024-04-11,UPI,Delivered,169.41
1362,107,16,2025-02-25,Net Banking,Cancelled,60.94
1363,516,19,2025-03-30,UPI,Delivered,218.86
1364,229,15,2024-08-04,Net Banking,Delivered,81.07
1365,974,4,2025-04-25,Debit Card,Returned,231.95
1366,930,13,2025-02-26,UPI,Cancelled,204.26
1367,291,9,2025-06-03,Debit Card,Delivered,229.56
1368,690,8,2025-02-28,UPI,Cancelled,127.06
1369,27,5,2024-01-16,Debit Card,Processing,148.98
1370,326,11,2025-09-06,Credit Card,Returned,248.49
1371,570,13,2024-09-04,Credit Card,Delivered,122.6
1372,821,19,2024-02-22,Cash,Delivered,173.62
1373,413,11,2024-06-26,Net Banking,Delivered,88.5
1374,821,5,2025-12-28,Net Banking,Delivered,161.16
1375,864,9,2025-02-05,Net Banking,Delivered,107.7
1376,96,1,2024-04-05,Cash,Delivered,201.71
1377,29,20,2024-06-05,Net Banking,Cancelled,56.54
1378,26,5,2025-01-26,Cash,Delivered,203.29
1379,246,8,2024-07-10,Debit Card,Delivered,216.5
1380,789,9,2025-01-22,UPI,Delivered,236.34
1381,24,19,2025-10-04,UPI,Delivered,234.71
1382,110,5,2024-05-05,Debit Card,Delivered,77.93
1383,507,12,2024-03-20,Credit Card,Delivered,143.12
1384,424,3,2024-01-23,Cash,Returned,56.03
1385,430,13,2025-12-04,Debit Card,Delivered,134.68
1386,185,10,2024-06-13,UPI,Cancelled,178.53
1387,622,2,2025-10-08,UPI,Returned,248.69
1388,629,20,2025-05-10,Net Banking,Delivered,149.57
1389,949,4,2024-09-17,Credit Card,Delivered,152.55
1390,525,5,2025-06-14,Credit Card,Processing,64.11
1391,31,11,2024-08-10,Credit Card,Delivered,192.83
1392,275,9,2024-05-09,Cash,Delivered,59.31
1393,565,10,2025-12-26,Cash,Shipped,144.12
1394,970,13,2025-06-08,Credit Card,Delivered,81.55
1395,985,13,2024-10-14,UPI,Delivered,200.95
1396,170,7,2024-11-15,Cash,Delivered,133.69
1397,766,9,2025-09-02,Debit Card,Delivered,167.53
1398,205,19,2025-03-15,Debit Card,Delivered,172.87
1399,461,6,2024-03-06,UPI,Returned,93.14
1400,301,20,2025-02-23,Net Banking,Delivered,46.29
1401,829,11,2024-07-03,Cash,Shipped,115.13
1402,221,12,2024-03-15,Debit Card,Delivered,106.04
1403,327,1,2024-01-10,Debit Card,Delivered,159.17
1404,921,8,2024-11-25,Net Banking,Delivered,99.56
1405,540,7,2024-08-05,UPI,Delivered,190.42
1406,77,19,2025-11-18,Cash,Delivered,131.39
1407,203,7,2024-11-23,UPI,Processing,144.72
1408,432,4,2024-10-08,UPI,Delivered,166.3
1409,393,8,2025-08-28,Net Banking,Delivered,43.75
1410,5,15,2025-08-12,Debit Card,Delivered,243.04
1411,918,18,2024-02-07,Net Banking,Delivered,175.4
1412,482,4,2024-03-12,Cash,Shipped,97.68
1413,410,3,2024-12-20,Net Banking,Shipped,143.7
1414,403,10,2024-02-18,Cash,Delivered,174.63
1415,864,12,2024-05-04,Net Banking,Delivered,87.04
1416,143,4,2024-01-11,Debit Card,Processing,192.09
1417,175,3,2024-08-19,Credit Card,Shipped,210.58
1418,6,2,2025-07-04,Debit Card,Processing,49.05
1419,970,10,2024-02-19,UPI,Delivered,184.46
1420,277,6,2025-01-23,Credit Card,Delivered,65.18
1421,883,5,2024-11-22,Net Banking,Processing,242.83
1422,653,15,2025-02-27,UPI,Delivered,90.51
1423,678,16,2025-05-04,Debit Card,Delivered,193.48
1424,95,9,2024-08-19,Debit Card,Shipped,114.13
1425,676,7,2024-09-05,UPI,Delivered,143.87
1426,14,7,2024-08-05,Cash,Processing,79.46
1427,349,7,2024-04-17,Net Banking,Shipped,147.92
1428,779,10,2024-11-16,Cash,Delivered,218.04
1429,937,5,2024-04-18,Credit Card,Cancelled,120.97
1430,889,20,2025-04-08,Net Banking,Delivered,124.04
1431,285,14,2024-03-11,Credit Card,Delivered,239.81
1432,664,4,2025-08-14,Credit Card,Delivered,62.51
1433,247,1,2024-04-22,Cash,Delivered,46.0
1434,544,15,2025-11-08,Debit Card,Delivered,234.65
1435,363,14,2024-03-27,Credit Card,Delivered,145.46
1436,342,2,2025-06-04,Cash,Delivered,60.54
1437,392,14,2025-10-26,Credit Card,Delivered,124.57
1438,283,17,2025-08-31,Net Banking,Delivered,131.05
1439,52,8,2025-11-28,UPI,Delivered,51.16
1440,590,9,2024-02-06,Credit Card,Delivered,61.22
1441,904,20,2024-08-19,Cash,Delivered,61.27
1442,275,16,2025-12-09,Credit Card,Delivered,82.75
1443,295,20,2025-10-14,Debit Card,Shipped,59.79
1444,930,20,2025-05-30,Cash,Shipped,219.04
1445,245,6,2025-12-05,Debit Card,Delivered,75.0
1446,922,15,2024-12-06,Credit Card,Returned,179.87
1447,343,1,2025-03-14,Credit Card,Returned,225.06
1448,696,1,2024-06-23,Net Banking,Delivered,139.5
1449,501,8,2024-01-02,Cash,Delivered,211.97
1450,697,10,2025-08-03,Credit Card,Delivered,75.13
1451,794,4,2024-05-30,UPI,Delivered,194.6
1452,503,12,2025-04-08,Net Banking,Delivered,142.16
1453,470,1,2025-01-08,Debit Card,Delivered,110.09
1454,794,20,2025-06-14,Cash,Delivered,184.01
1455,22,5,2025-10-17,Cash,Processing,178.47
1456,366,16,2024-05-25,UPI,Delivered,195.61
1457,369,7,2025-03-17,UPI,Delivered,240.51
1458,111,9,2025-10-16,Net Banking,Processing,134.35
1459,180,9,2025-06-23,Debit Card,Processing,122.12
1460,968,9,2025-03-03,Debit Card,Delivered,161.7
1461,352,20,2025-12-19,UPI,Delivered,135.56
1462,296,4,2024-12-21,UPI,Delivered,183.96
1463,698,5,2025-04-22,Net Banking,Returned,171.0
1464,167,10,2025-11-11,Cash,Delivered,207.95
1465,465,2,2024-01-16,Credit Card,Delivered,164.55
1466,501,10,2024-02-24,UPI,Delivered,178.65
1467,52,9,2024-01-01,Credit Card,Delivered,99.49
1468,682,18,2025-05-29,Credit Card,Returned,189.77
1469,751,7,2024-05-26,Cash,Delivered,56.95
1470,33,16,2024-08-12,Debit Card,Delivered,182.49
1471,433,13,2025-01-30,UPI,Processing,233.24
1472,319,6,2025-09-03,Net Banking,Delivered,223.95
1473,143,7,2025-08-15,Debit Card,Delivered,156.4
1474,313,3,2024-11-04,Debit Card,Delivered,171.95
1475,188,13,2025-07-12,Cash,Delivered,150.58
1476,321,17,2025-12-11,Debit Card,Delivered,129.81
1477,985,14,2025-03-06,Cash,Delivered,157.37
1478,91,5,2025-03-07,Net Banking,Cancelled,205.19
1479,525,12,2025-08-17,Credit Card,Delivered,228.98
1480,55,13,2024-10-27,Credit Card,Delivered,41.25
1481,472,2,2025-06-14,UPI,Delivered,214.28
1482,110,11,2025-10-27,Net Banking,Delivered,101.02
1483,708,11,2025-05-08,UPI,Delivered,162.77
1484,758,2,2025-06-07,Credit Card,Delivered,158.03
1485,140,8,2025-05-22,Credit Card,Delivered,105.29
1486,825,16,2024-01-07,Net Banking,Delivered,64.09
1487,157,20,2024-01-01,UPI,Delivered,91.91
1488,486,1,2024-04-16,Net Banking,Delivered,51.69
1489,308,13,2024-05-04,Cash,Returned,212.26
1490,267,20,2025-07-13,Cash,Processing,169.6
1491,150,1,2025-03-18,Credit Card,Delivered,196.37
1492,175,17,2024-09-03,Net Banking,Delivered,140.9
1493,684,4,2024-10-23,Net Banking,Delivered,180.22
1494,396,4,2025-02-04,Cash,Delivered,129.21
1495,291,15,2024-01-29,UPI,Delivered,42.31
1496,35,20,2024-11-06,Cash,Delivered,230.48
1497,480,15,2024-05-22,Debit Card,Delivered,73.25
1498,877,17,2025-05-27,Credit Card,Delivered,188.31
1499,526,3,2025-02-03,Credit Card,Delivered,113.89
1500,348,15,2025-07-30,Credit Card,Delivered,200.15
1501,946,13,2024-11-06,UPI,Cancelled,175.48
1502,986,16,2025-01-20,Net Banking,Delivered,160.97
1503,795,17,2025-06-03,Debit Card,Delivered,108.06
1504,357,19,2025-08-17,Net Banking,Processing,54.19
1505,873,6,2024-01-31,Credit Card,Delivered,62.31
1506,488,11,2025-11-26,Credit Card,Returned,209.8
1507,108,6,2024-08-30,Cash,Shipped,128.21
1508,64,20,2024-03-06,Debit Card,Delivered,217.83
1509,453,12,2024-03-15,Net Banking,Delivered,46.19
1510,329,4,2024-06-27,Cash,Delivered,247.66
1511,570,7,2025-08-10,Credit Card,Delivered,131.88
1512,231,7,2024-10-19,Credit Card,Delivered,150.99
1513,89,19,2024-07-15,UPI,Delivered,180.42
1514,35,5,2024-07-27,UPI,Delivered,125.69
1515,886,3,2025-07-13,Debit Card,Delivered,193.3
1516,541,16,2025-10-19,Credit Card,Processing,159.78
1517,513,12,2025-04-30,Debit Card,Delivered,157.33
1518,821,3,2024-05-21,Cash,Delivered,118.98
1519,583,3,2024-03-13,Credit Card,Shipped,102.63
1520,511,8,2024-04-30,UPI,Delivered,109.49
1521,842,10,2024-08-17,Debit Card,Delivered,115.16
1522,992,10,2024-06-10,UPI,Delivered,90.69
1523,955,20,2025-06-14,Net Banking,Delivered,169.92
1524,715,4,2025-07-13,Net Banking,Delivered,232.65
1525,669,1,2024-09-26,UPI,Delivered,94.79
1526,910,2,2024-12-08,Credit Card,Delivered,211.52
1527,947,2,2024-12-03,Credit Card,Delivered,209.19
1528,927,20,2025-07-31,UPI,Delivered,54.86
1529,613,20,2025-03-02,UPI,Processing,140.54
1530,278,2,2024-05-12,UPI,Delivered,146.6
1531,359,14,2025-10-27,Cash,Delivered,218.47
1532,22,2,2024-08-21,UPI,Shipped,210.39
1533,623,13,2025-07-01,UPI,Delivered,50.95
1534,713,5,2025-01-21,Cash,Shipped,155.4
1535,449,4,2024-04-28,Net Banking,Returned,117.22
1536,352,14,2024-07-17,UPI,Delivered,59.32
1537,233,14,2024-01-11,Net Banking,Delivered,248.1
1538,895,8,2024-01-16,UPI,Delivered,66.61
1539,290,2,2024-07-03,Debit Card,Delivered,177.59
1540,300,5,2024-09-07,Net Banking,Delivered,178.09
1541,79,3,2025-11-03,Debit Card,Cancelled,83.23
1542,753,12,2025-12-23,Credit Card,Delivered,103.57
1543,799,18,2025-01-10,Debit Card,Processing,91.28
1544,327,18,2024-09-30,Net Banking,Delivered,112.79
1545,723,20,2025-02-24,Cash,Delivered,82.75
1546,862,17,2024-05-20,Credit Card,Delivered,156.12
1547,382,5,2024-05-05,UPI,Returned,186.65
1548,783,15,2025-10-27,UPI,Delivered,215.63
1549,285,19,2024-10-03,Cash,Delivered,242.67
1550,286,20,2024-03-02,Cash,Delivered,221.18
1551,455,2,2025-01-28,Credit Card,Delivered,78.73
1552,546,2,2025-03-17,Debit Card,Delivered,200.23
1553,932,20,2024-01-27,Debit Card,Cancelled,230.56
1554,222,1,2025-08-28,Debit Card,Shipped,170.52
1555,802,2,2025-03-13,UPI,Delivered,240.02
1556,295,18,2025-11-25,Cash,Delivered,191.04
1557,267,6,2025-06-15,Cash,Delivered,248.45
1558,136,1,2024-08-31,Debit Card,Shipped,239.7
1559,256,18,2024-03-28,Debit Card,Delivered,122.87
1560,281,12,2025-09-22,Debit Card,Delivered,204.31
1561,13,4,2025-09-14,Debit Card,Delivered,107.41
1562,868,6,2024-09-27,Cash,Delivered,132.38
1563,38,12,2025-04-22,Cash,Delivered,156.89
1564,60,19,2025-02-22,UPI,Delivered,168.17
1565,977,3,2024-11-17,Cash,Delivered,200.86
1566,266,16,2024-10-09,Credit Card,Delivered,76.64
1567,672,2,2025-09-24,Credit Card,Delivered,48.09
1568,519,15,2025-12-01,Net Banking,Delivered,156.22
1569,63,9,2024-08-21,Debit Card,Delivered,217.44
1570,554,2,2024-12-27,Net Banking,Delivered,62.92
1571,455,4,2025-06-03,Net Banking,Delivered,82.85
1572,381,14,2025-08-07,UPI,Delivered,223.93
1573,26,11,2024-05-26,Net Banking,Shipped,110.35
1574,919,12,2025-02-21,Cash,Cancelled,101.75
1575,165,12,2024-02-01,UPI,Delivered,71.51
1576,27,4,2025-08-28,Net Banking,Delivered,105.75
1577,803,19,2025-06-04,Debit Card,Cancelled,119.56
1578,34,5,2025-08-19,Cash,Shipped,176.33
1579,982,8,2024-03-20,Net Banking,Delivered,160.63
1580,752,14,2025-07-15,Net Banking,Shipped,217.99
1581,818,2,2025-06-24,Net Banking,Delivered,150.13
1582,325,9,2025-03-27,Credit Card,Processing,101.54
1583,337,8,2024-09-06,Debit Card,Delivered,106.11
1584,710,8,2024-04-28,Cash,Shipped,224.85
1585,82,12,2025-01-05,Net Banking,Delivered,232.07
1586,496,20,2025-10-31,Credit Card,Delivered,127.96
1587,848,5,2025-08-06,Net Banking,Delivered,230.95
1588,599,5,2025-11-21,Net Banking,Delivered,100.25
1589,121,3,2024-11-17,Cash,Delivered,246.48
1590,507,7,2025-08-12,Credit Card,Processing,43.26
1591,429,9,2024-05-03,Net Banking,Shipped,138.67
1592,130,2,2024-04-13,Cash,Delivered,75.06
1593,136,17,2024-03-15,Net Banking,Cancelled,229.89
1594,131,13,2024-12-28,Net Banking,Delivered,101.61
1595,919,11,2024-12-10,Net Banking,Delivered,62.63
1596,76,12,2024-02-16,Cash,Cancelled,172.47
1597,297,16,2025-03-22,Credit Card,Shipped,191.98
1598,939,17,2025-08-26,UPI,Delivered,41.63
1599,379,15,2025-08-30,Cash,Delivered,77.11
1600,287,4,2025-08-25,Credit Card,Delivered,111.63
1601,531,17,2025-07-31,Net Banking,Delivered,234.89
1602,331,13,2024-10-19,Debit Card,Shipped,240.24
1603,834,7,2024-02-12,Cash,Delivered,160.78
1604,322,4,2025-09-22,Debit Card,Delivered,64.9
1605,499,15,2024-10-07,Credit Card,Processing,100.58
1606,621,4,2024-09-22,Credit Card,Delivered,69.61
1607,566,17,2024-07-30,Credit Card,Delivered,229.53
1608,551,7,2025-07-06,UPI,Delivered,212.7
1609,209,10,2025-01-13,Net Banking,Delivered,133.41
1610,851,15,2024-05-09,Debit Card,Cancelled,190.41
1611,456,14,2024-05-02,Cash,Delivered,221.55
1612,750,4,2024-10-12,Debit Card,Processing,196.3
1613,745,3,2024-08-15,Debit Card,Delivered,110.42
1614,646,17,2025-04-09,UPI,Shipped,106.11
1615,444,4,2024-02-09,Net Banking,Delivered,216.7
1616,858,2,2025-11-07,UPI,Delivered,163.13
1617,690,7,2024-08-13,Debit Card,Delivered,141.75
1618,752,16,2024-07-10,Debit Card,Delivered,173.3
1619,974,17,2024-03-31,Credit Card,Delivered,54.12
1620,626,7,2025-07-25,Credit Card,Delivered,184.48
1621,390,19,2025-09-20,Credit Card,Delivered,141.69
1622,978,6,2025-11-03,Debit Card,Processing,223.76
1623,497,16,2025-11-15,Cash,Delivered,154.12
1624,99,8,2024-10-29,UPI,Returned,228.33
1625,430,15,2024-10-21,Debit Card,Delivered,129.22
1626,476,11,2024-06-29,UPI,Delivered,123.6
1627,793,16,2024-05-11,Cash,Delivered,184.32
1628,298,9,2024-01-30,Net Banking,Delivered,218.71
1629,63,18,2025-02-22,Debit Card,Delivered,106.7
1630,829,15,2025-02-04,Cash,Delivered,231.6
1631,498,8,2024-10-01,Debit Card,Delivered,49.58
1632,420,8,2025-04-03,Net Banking,Processing,152.56
1633,113,20,2025-10-02,Net Banking,Delivered,167.04
1634,974,1,2024-01-21,Cash,Delivered,187.99
1635,786,18,2024-12-27,UPI,Delivered,148.92
1636,549,7,2025-01-05,Credit Card,Processing,123.06
1637,298,6,2024-08-22,Debit Card,Delivered,85.28
1638,963,1,2024-09-11,UPI,Processing,198.58
1639,105,17,2025-06-23,Cash,Shipped,48.88
1640,309,1,2024-10-16,Credit Card,Delivered,184.49
1641,279,4,2024-02-04,Cash,Delivered,67.55
1642,883,3,2024-10-03,UPI,Delivered,191.64
1643,21,1,2025-03-01,Net Banking,Delivered,71.89
1644,812,13,2025-08-25,Credit Card,Processing,220.45
1645,436,17,2024-11-27,UPI,Delivered,136.37
1646,271,19,2024-04-12,Cash,Delivered,130.2
1647,991,14,2024-08-15,Net Banking,Delivered,99.73
1648,547,17,2025-12-20,Credit Card,Delivered,248.56
1649,975,12,2025-02-07,Net Banking,Shipped,134.98
1650,999,1,2025-08-14,Cash,Shipped,133.89
1651,577,4,2025-05-03,Debit Card,Delivered,210.03
1652,98,18,2024-03-26,Credit Card,Delivered,237.84
1653,256,3,2025-08-30,Credit Card,Delivered,215.99
1654,741,19,2025-06-19,Credit Card,Delivered,143.62
1655,319,11,2025-02-25,Credit Card,Delivered,184.69
1656,417,1,2025-09-05,Debit Card,Delivered,198.56
1657,559,16,2025-05-15,Debit Card,Returned,89.51
1658,726,16,2025-04-17,Net Banking,Delivered,195.33
1659,944,4,2024-03-24,Cash,Delivered,118.89
1660,166,17,2024-01-14,UPI,Delivered,131.9
1661,40,14,2024-04-26,Cash,Delivered,208.66
1662,144,18,2025-05-13,Cash,Delivered,102.32
1663,302,9,2025-03-21,Net Banking,Delivered,226.8
1664,666,6,2025-07-31,Credit Card,Delivered,183.86
1665,975,12,2025-09-20,Net Banking,Delivered,139.14
1666,959,11,2024-08-03,Credit Card,Delivered,190.17
1667,11,11,2025-04-30,Cash,Delivered,138.8
1668,320,7,2024-01-06,Credit Card,Delivered,152.92
1669,97,2,2024-12-04,Net Banking,Delivered,72.86
1670,652,18,2024-12-24,Credit Card,Delivered,42.97
1671,282,10,2024-07-16,Cash,Delivered,104.21
1672,786,13,2025-10-01,Debit Card,Delivered,174.74
1673,80,19,2024-07-26,Credit Card,Delivered,85.45
1674,270,19,2024-07-01,UPI,Delivered,149.69
1675,785,13,2025-10-22,Debit Card,Delivered,219.21
1676,284,20,2025-09-11,Cash,Delivered,40.56
1677,222,3,2024-08-25,Net Banking,Delivered,74.61
1678,332,3,2024-01-01,UPI,Delivered,209.52
1679,681,16,2025-03-11,Debit Card,Delivered,199.6
1680,574,13,2024-09-03,Cash,Shipped,188.31
1681,320,17,2024-12-29,Debit Card,Delivered,225.49
1682,979,6,2024-08-07,Debit Card,Shipped,216.37
1683,453,16,2025-07-27,Debit Card,Delivered,157.16
1684,668,12,2025-03-21,Credit Card,Delivered,116.79
1685,790,12,2025-04-22,Cash,Delivered,157.56
1686,392,12,2024-07-14,Credit Card,Cancelled,249.04
1687,453,12,2024-07-19,Net Banking,Delivered,163.1
1688,97,12,2024-12-02,Debit Card,Delivered,42.73
1689,35,9,2024-10-06,Cash,Delivered,249.1
1690,260,9,2025-12-22,UPI,Returned,212.9
1691,623,15,2025-04-27,Cash,Delivered,197.49
1692,769,18,2025-10-25,UPI,Delivered,46.06
1693,157,6,2025-12-31,Credit Card,Delivered,215.15
1694,58,15,2024-05-02,UPI,Delivered,220.16
1695,874,7,2024-10-11,Net Banking,Shipped,109.86
1696,869,11,2025-11-19,Credit Card,Cancelled,163.24
1697,529,1,2025-01-10,Cash,Delivered,180.22
1698,67,7,2024-03-03,Net Banking,Delivered,95.99
1699,455,2,2024-06-25,Debit Card,Delivered,184.63
1700,178,1,2025-02-23,Debit Card,Delivered,113.64
1701,478,19,2024-12-15,UPI,Delivered,137.23
1702,941,3,2024-04-29,Credit Card,Shipped,78.99
1703,642,1,2025-08-28,Credit Card,Shipped,85.68
1704,472,3,2025-01-18,Credit Card,Delivered,182.99
1705,766,5,2024-07-14,Debit Card,Delivered,188.24
1706,286,5,2024-07-01,Net Banking,Delivered,87.45
1707,280,7,2024-07-11,Credit Card,Returned,94.46
1708,271,3,2025-03-26,Cash,Delivered,116.36
1709,536,15,2025-10-19,Credit Card,Delivered,215.29
1710,160,18,2025-01-29,Net Banking,Delivered,187.46
1711,662,10,2024-12-21,Credit Card,Delivered,243.38
1712,850,9,2025-07-18,UPI,Delivered,84.25
1713,479,9,2024-08-11,UPI,Cancelled,148.58
1714,191,16,2025-10-08,Credit Card,Delivered,107.83
1715,387,19,2025-07-31,UPI,Delivered,61.97
1716,891,1,2025-01-02,Credit Card,Delivered,110.29
1717,925,4,2025-10-25,Credit Card,Cancelled,104.32
1718,560,6,2025-04-23,UPI,Delivered,169.49
1719,590,14,2025-08-30,Cash,Delivered,91.15
1720,616,11,2025-01-17,Cash,Delivered,103.04
1721,782,17,2024-08-27,UPI,Delivered,202.56
1722,411,19,2025-08-14,UPI,Delivered,74.94
1723,908,20,2024-11-03,Net Banking,Delivered,244.21
1724,134,11,2024-05-22,UPI,Returned,104.95
1725,821,12,2024-05-24,Cash,Delivered,136.72
1726,152,7,2025-11-05,Credit Card,Delivered,56.88
1727,879,7,2024-08-29,Cash,Delivered,91.39
1728,569,12,2025-12-02,UPI,Delivered,112.39
1729,564,13,2025-04-27,Credit Card,Cancelled,180.37
1730,724,8,2025-04-19,UPI,Delivered,106.85
1731,410,11,2024-05-16,Debit Card,Processing,193.38
1732,612,13,2025-03-10,Net Banking,Delivered,142.54
1733,28,8,2025-08-23,Net Banking,Delivered,89.38
1734,349,17,2025-01-05,UPI,Delivered,197.85
1735,662,8,2024-03-20,Credit Card,Delivered,49.29
1736,446,3,2024-11-05,Debit Card,Delivered,77.77
1737,292,10,2024-06-03,Cash,Delivered,140.94
1738,982,14,2024-09-24,Credit Card,Delivered,183.29
1739,477,3,2024-04-18,Debit Card,Delivered,61.3
1740,823,1,2025-02-18,Credit Card,Delivered,160.68
1741,703,15,2025-01-28,UPI,Delivered,241.58
1742,433,2,2025-02-15,Debit Card,Delivered,195.83
1743,619,15,2024-04-28,Net Banking,Delivered,139.44
1744,865,18,2024-12-09,Debit Card,Delivered,77.56
1745,545,13,2025-03-10,UPI,Delivered,110.79
1746,605,9,2025-12-25,Credit Card,Delivered,169.05
1747,446,2,2025-04-10,Cash,Delivered,65.53
1748,472,12,2025-05-16,UPI,Processing,184.14
1749,436,11,2024-09-15,Debit Card,Shipped,44.94
1750,184,10,2024-09-30,Debit Card,Delivered,133.82
1751,652,2,2024-10-31,Net Banking,Delivered,193.7
1752,757,13,2025-06-28,Credit Card,Delivered,152.35
1753,745,5,2024-05-09,Cash,Delivered,97.69
1754,706,20,2025-04-14,Credit Card,Cancelled,229.75
1755,583,15,2025-06-20,UPI,Delivered,118.29
1756,624,4,2024-05-30,Cash,Delivered,192.33
1757,950,10,2024-12-11,Cash,Delivered,78.63
1758,739,3,2024-09-20,Cash,Returned,206.67
1759,268,10,2025-08-07,Net Banking,Delivered,219.39
1760,711,2,2024-09-06,Debit Card,Delivered,85.19
1761,282,6,2025-03-23,Debit Card,Delivered,49.61
1762,932,6,2025-02-12,Debit Card,Delivered,125.51
1763,801,14,2024-01-20,Credit Card,Delivered,137.11
1764,326,4,2025-10-12,Credit Card,Delivered,188.89
1765,66,20,2024-08-14,Debit Card,Shipped,167.96
1766,603,14,2025-04-16,Net Banking,Delivered,121.7
1767,13,11,2025-07-25,Debit Card,Delivered,212.75
1768,474,16,2024-06-04,Credit Card,Delivered,75.7
1769,262,13,2025-02-03,UPI,Delivered,159.98
1770,647,16,2024-03-21,Net Banking,Returned,57.45
1771,379,10,2025-06-26,Debit Card,Shipped,134.81
1772,31,5,2025-04-23,Net Banking,Delivered,171.1
1773,442,14,2025-08-01,UPI,Shipped,99.62
1774,241,13,2025-05-17,Net Banking,Delivered,167.5
1775,100,13,2024-05-06,Credit Card,Delivered,63.23
1776,183,6,2024-10-23,Cash,Delivered,113.93
1777,429,20,2024-08-10,Debit Card,Delivered,116.27
1778,681,11,2024-04-18,Net Banking,Delivered,122.36
1779,507,15,2025-02-17,Debit Card,Processing,134.39
1780,410,10,2024-06-30,UPI,Delivered,110.15
1781,672,6,2025-04-20,UPI,Delivered,177.15
1782,421,7,2025-03-04,UPI,Delivered,69.1
1783,516,3,2025-09-26,Net Banking,Delivered,125.84
1784,333,20,2024-01-24,Credit Card,Delivered,171.35
1785,94,12,2025-12-01,UPI,Shipped,225.54
1786,399,18,2025-10-31,Net Banking,Processing,218.56
1787,469,12,2024-06-14,Credit Card,Delivered,236.8
1788,331,5,2024-07-23,Debit Card,Delivered,46.49
1789,473,15,2025-08-14,Credit Card,Delivered,133.17
1790,816,6,2024-09-04,Cash,Delivered,63.34
1791,858,11,2025-09-10,Credit Card,Delivered,191.63
1792,8,2,2024-03-12,Cash,Processing,249.06
1793,73,14,2025-01-29,Debit Card,Processing,152.84
1794,663,18,2025-09-13,UPI,Delivered,213.83
1795,300,13,2024-03-02,UPI,Delivered,190.49
1796,645,15,2025-06-07,Cash,Shipped,61.76
1797,777,19,2024-09-25,UPI,Shipped,116.96
1798,348,5,2025-11-03,Credit Card,Shipped,84.12
1799,338,3,2024-04-09,Cash,Processing,143.23
1800,776,9,2024-09-07,Debit Card,Delivered,133.38
1801,717,9,2025-04-06,Net Banking,Delivered,47.51
1802,152,17,2024-05-23,Debit Card,Delivered,224.84
1803,372,10,2025-07-31,Debit Card,Cancelled,73.24
1804,313,16,2025-10-11,Cash,Delivered,72.43
1805,132,5,2025-12-12,Net Banking,Delivered,120.69
1806,234,1,2025-10-14,Credit Card,Delivered,71.16
1807,266,12,2024-01-13,Net Banking,Shipped,249.18
1808,489,20,2025-02-19,Credit Card,Returned,175.21
1809,874,17,2025-08-24,Debit Card,Delivered,119.38
1810,664,6,2025-05-11,Net Banking,Delivered,141.64
1811,15,3,2025-01-23,Debit Card,Delivered,83.35
1812,285,20,2024-06-02,UPI,Delivered,114.87
1813,584,1,2025-04-15,Net Banking,Processing,195.69
1814,681,2,2025-01-07,Cash,Delivered,239.93
1815,69,9,2025-06-03,Net Banking,Returned,217.79
1816,894,3,2025-07-04,UPI,Delivered,149.82
1817,263,6,2024-09-07,Credit Card,Delivered,190.65
1818,42,20,2024-06-30,Debit Card,Delivered,59.19
1819,751,3,2024-07-13,Credit Card,Delivered,52.78
1820,250,19,2024-08-21,Net Banking,Delivered,60.64
1821,327,3,2024-02-22,Credit Card,Delivered,132.8
1822,203,4,2025-05-02,Net Banking,Delivered,165.64
1823,583,1,2024-11-03,Net Banking,Delivered,230.05
1824,797,7,2025-03-29,Net Banking,Processing,169.03
1825,1,9,2025-04-12,Cash,Delivered,143.45
1826,337,17,2024-06-29,Cash,Delivered,239.8
1827,271,18,2024-11-02,Credit Card,Delivered,182.35
1828,317,15,2025-05-30,UPI,Returned,238.6
1829,7,11,2025-05-14,Net Banking,Delivered,74.26
1830,779,14,2024-03-08,Debit Card,Delivered,221.03
1831,654,18,2024-12-16,Credit Card,Delivered,62.83
1832,219,10,2024-08-25,Net Banking,Delivered,200.95
1833,106,10,2025-04-28,Net Banking,Delivered,181.1
1834,161,7,2024-11-27,Cash,Shipped,219.0
1835,679,6,2025-09-16,Debit Card,Returned,246.04
1836,610,14,2025-10-31,Debit Card,Delivered,95.2
1837,380,5,2024-11-06,Debit Card,Delivered,114.33
1838,461,10,2024-11-18,Cash,Delivered,200.17
1839,781,13,2024-01-06,UPI,Returned,114.26
1840,999,15,2024-05-23,Debit Card,Delivered,187.91
1841,678,9,2024-08-01,Debit Card,Processing,44.97
1842,810,13,2025-03-13,Debit Card,Delivered,195.19
1843,633,17,2024-08-08,Cash,Processing,62.44
1844,165,11,2024-09-05,Cash,Cancelled,164.52
1845,800,13,2024-02-17,Cash,Delivered,247.26
1846,385,2,2025-08-23,UPI,Delivered,111.97
1847,379,15,2025-07-04,Debit Card,Delivered,68.2
1848,333,14,2024-03-16,Credit Card,Processing,163.86
1849,205,18,2025-08-10,UPI,Delivered,108.85
1850,782,9,2025-07-13,Net Banking,Delivered,101.2
1851,144,3,2024-01-23,Debit Card,Returned,115.86
1852,766,7,2025-04-01,Credit Card,Delivered,87.81
1853,342,7,2025-01-05,Debit Card,Delivered,197.01
1854,144,4,2024-01-24,Cash,Delivered,209.27
1855,852,17,2024-02-19,UPI,Cancelled,147.57
1856,580,14,2024-01-17,UPI,Returned,223.35
1857,810,18,2024-11-30,Cash,Delivered,110.09
1858,753,3,2024-03-09,Net Banking,Delivered,157.24
1859,545,6,2024-04-25,Net Banking,Processing,58.42
1860,625,7,2025-04-24,UPI,Shipped,130.5
1861,477,15,2024-10-10,Credit Card,Delivered,55.34
1862,590,11,2025-10-25,Cash,Delivered,185.44
1863,911,1,2025-03-18,Cash,Delivered,41.33
1864,20,1,2025-02-03,Credit Card,Delivered,71.6
1865,599,11,2024-08-16,Net Banking,Delivered,179.73
1866,948,12,2025-08-11,Net Banking,Delivered,202.33
1867,316,6,2024-07-30,UPI,Delivered,166.4
1868,799,5,2024-02-10,Net Banking,Delivered,54.55
1869,951,8,2024-11-18,Credit Card,Delivered,74.29
1870,239,7,2024-10-04,Debit Card,Delivered,224.3
1871,127,13,2025-03-26,UPI,Delivered,196.23
1872,390,2,2024-08-01,Cash,Delivered,81.71
1873,605,4,2025-01-24,UPI,Returned,146.41
1874,742,17,2025-08-15,UPI,Delivered,84.02
1875,759,20,2025-05-15,Debit Card,Shipped,106.54
1876,216,3,2024-07-14,Net Banking,Delivered,93.61
1877,968,15,2024-04-24,UPI,Delivered,208.72
1878,985,4,2025-02-13,Debit Card,Delivered,105.1
1879,445,10,2024-03-07,Credit Card,Returned,57.73
1880,830,13,2025-10-21,Cash,Delivered,242.49
1881,919,11,2025-10-24,UPI,Delivered,92.29
1882,10,5,2025-08-01,Net Banking,Delivered,185.96
1883,63,20,2024-02-09,Credit Card,Processing,178.8
1884,633,14,2025-01-15,Credit Card,Delivered,76.67
1885,989,5,2025-06-15,Credit Card,Delivered,234.24
1886,31,16,2024-06-15,Credit Card,Delivered,171.32
1887,637,11,2024-09-28,UPI,Shipped,109.63
1888,36,5,2025-04-26,Cash,Delivered,119.18
1889,740,17,2025-09-04,Credit Card,Delivered,43.14
1890,95,14,2024-08-16,UPI,Delivered,139.89
1891,877,18,2025-03-01,Cash,Delivered,166.69
1892,1,10,2025-10-14,Cash,Delivered,229.61
1893,331,18,2024-05-11,Debit Card,Returned,180.37
1894,490,16,2024-04-08,Net Banking,Delivered,86.06
1895,825,5,2024-05-12,Credit Card,Delivered,196.07
1896,290,20,2025-02-17,UPI,Delivered,92.64
1897,309,11,2025-11-06,Cash,Delivered,149.18
1898,905,9,2025-08-14,Credit Card,Delivered,118.7
1899,594,2,2024-05-28,Cash,Delivered,206.78
1900,15,5,2024-07-05,UPI,Processing,89.94
1901,331,1,2025-02-10,Net Banking,Delivered,220.11
1902,644,19,2024-07-11,Cash,Delivered,85.12
1903,270,18,2025-09-28,Cash,Delivered,98.65
1904,947,11,2025-06-10,Debit Card,Returned,79.13
1905,827,16,2024-12-15,Net Banking,Delivered,60.27
1906,782,17,2024-12-16,Debit Card,Delivered,116.74
1907,27,18,2025-10-19,Credit Card,Delivered,244.77
1908,124,18,2024-04-23,Debit Card,Delivered,113.0
1909,447,18,2025-04-08,UPI,Returned,244.05
1910,408,17,2024-07-05,Credit Card,Delivered,182.92
1911,204,12,2024-01-18,Net Banking,Delivered,71.87
1912,538,2,2025-06-27,Net Banking,Delivered,88.39
1913,171,12,2025-06-27,Credit Card,Delivered,74.78
1914,880,20,2025-10-11,Credit Card,Processing,197.73
1915,554,20,2024-06-04,Cash,Processing,98.47
1916,304,13,2025-02-14,Net Banking,Returned,227.69
1917,330,5,2025-04-24,Debit Card,Delivered,92.78
1918,685,10,2025-07-23,Credit Card,Cancelled,168.75
1919,61,14,2024-03-09,Credit Card,Delivered,212.71
1920,401,6,2024-09-05,Cash,Delivered,80.61
1921,73,8,2024-12-24,Debit Card,Delivered,124.3
1922,968,5,2025-08-22,Credit Card,Delivered,181.17
1923,12,4,2024-12-01,Net Banking,Delivered,61.55
1924,613,16,2025-10-05,Credit Card,Delivered,102.75
1925,555,20,2024-05-07,Cash,Delivered,224.85
1926,897,9,2024-12-15,UPI,Delivered,227.13
1927,642,15,2024-04-25,Cash,Delivered,224.01
1928,887,16,2025-12-09,Debit Card,Delivered,61.64
1929,983,20,2025-09-09,Debit Card,Delivered,218.49
1930,857,14,2025-05-21,Cash,Delivered,62.09
1931,863,9,2024-10-13,Debit Card,Delivered,109.05
1932,857,9,2025-11-13,Debit Card,Delivered,61.24
1933,249,19,2025-05-12,Cash,Delivered,131.09
1934,107,16,2024-09-29,Net Banking,Delivered,158.78
1935,532,13,2025-09-13,UPI,Delivered,163.97
1936,977,4,2025-10-20,Net Banking,Delivered,243.01
1937,370,19,2024-09-01,Net Banking,Delivered,122.69
1938,356,15,2024-02-10,Cash,Delivered,149.78
1939,833,14,2025-02-12,UPI,Delivered,77.95
1940,969,11,2025-10-07,UPI,Delivered,126.55
1941,747,15,2024-01-30,Debit Card,Delivered,183.43
1942,997,8,2024-12-26,Debit Card,Delivered,50.04
1943,716,9,2025-04-14,Credit Card,Delivered,201.87
1944,664,11,2025-07-14,Cash,Shipped,204.0
1945,865,16,2024-06-25,UPI,Delivered,169.44
1946,325,10,2024-08-21,UPI,Cancelled,58.99
1947,321,20,2025-02-19,Cash,Delivered,198.88
1948,272,16,2024-07-26,Debit Card,Delivered,131.93
1949,773,6,2025-01-05,Credit Card,Delivered,63.41
1950,318,17,2025-08-18,Net Banking,Delivered,157.58
1951,408,20,2024-07-01,UPI,Delivered,59.01
1952,937,13,2025-09-04,Debit Card,Delivered,111.43
1953,407,5,2024-12-28,Cash,Delivered,240.78
1954,629,19,2024-10-27,UPI,Delivered,87.21
1955,252,18,2024-02-11,Credit Card,Delivered,97.5
1956,230,8,2025-05-21,Credit Card,Processing,132.47
1957,149,1,2024-08-09,Debit Card,Delivered,44.36
1958,495,15,2025-09-18,Cash,Delivered,249.66
1959,423,6,2024-07-15,Net Banking,Delivered,171.72
1960,765,9,2025-01-31,Debit Card,Processing,95.35
1961,374,8,2025-01-14,Debit Card,Delivered,56.18
1962,138,11,2025-12-10,Credit Card,Shipped,161.58
1963,940,17,2024-04-08,Cash,Delivered,62.01
1964,234,12,2025-09-10,Net Banking,Processing,87.03
1965,589,2,2024-10-02,Cash,Delivered,144.4
1966,67,6,2025-03-22,UPI,Delivered,157.39
1967,918,12,2024-02-28,Cash,Processing,71.05
1968,363,3,2025-11-29,Debit Card,Delivered,238.94
1969,731,20,2024-01-29,Cash,Delivered,200.52
1970,406,7,2024-05-16,Cash,Delivered,186.41
1971,339,8,2024-11-07,Net Banking,Shipped,146.67
1972,148,18,2025-02-20,Net Banking,Delivered,41.42
1973,55,12,2025-09-16,Net Banking,Delivered,245.24
1974,66,17,2025-09-20,Cash,Shipped,193.84
1975,616,6,2024-09-11,Credit Card,Delivered,235.05
1976,340,3,2024-05-02,UPI,Cancelled,160.54
1977,397,14,2025-12-02,Cash,Delivered,69.09
1978,188,4,2024-12-17,Debit Card,Delivered,188.53
1979,512,3,2024-09-15,Credit Card,Delivered,82.13
1980,663,3,2024-12-25,Debit Card,Delivered,59.75
1981,21,20,2024-09-20,UPI,Returned,52.42
1982,98,6,2025-01-17,UPI,Returned,151.12
1983,335,13,2024-01-05,Debit Card,Delivered,230.08
1984,384,3,2025-07-30,Credit Card,Delivered,170.38
1985,549,7,2024-07-05,Debit Card,Delivered,183.47
1986,615,12,2024-06-07,Net Banking,Delivered,132.55
1987,520,5,2024-06-30,Cash,Delivered,48.14
1988,910,4,2025-07-04,Debit Card,Cancelled,62.63
1989,185,19,2025-11-30,Net Banking,Delivered,60.94
1990,618,5,2024-07-16,Net Banking,Cancelled,236.94
1991,562,13,2025-11-05,Cash,Cancelled,180.43
1992,347,8,2024-03-08,Debit Card,Delivered,241.68
1993,193,13,2025-05-17,UPI,Delivered,232.49
1994,831,19,2025-05-06,UPI,Processing,59.1
1995,329,17,2025-11-01,Net Banking,Delivered,151.7
1996,776,18,2025-02-07,Credit Card,Delivered,68.45
1997,300,14,2024-07-21,Cash,Delivered,57.3
1998,504,4,2024-01-25,Debit Card,Delivered,168.03
1999,510,10,2024-11-09,UPI,Delivered,48.74
2000,315,19,2024-04-01,Net Banking,Delivered,174.6
2001,548,1,2024-02-19,UPI,Returned,120.83
2002,988,18,2024-12-26,UPI,Processing,183.67
2003,757,17,2025-03-20,Net Banking,Processing,146.84
2004,716,2,2025-11-28,Credit Card,Delivered,239.49
2005,730,11,2024-08-14,UPI,Shipped,144.01
2006,656,20,2025-08-07,UPI,Delivered,120.11
2007,120,10,2025-12-06,UPI,Cancelled,178.51
2008,182,13,2024-12-04,Credit Card,Delivered,215.94
2009,160,5,2024-02-15,Net Banking,Delivered,180.39
2010,697,19,2025-03-08,Debit Card,Delivered,224.52
2011,420,1,2024-10-06,Cash,Processing,119.2
2012,837,16,2024-07-13,Debit Card,Delivered,171.57
2013,43,15,2025-02-08,Credit Card,Delivered,86.82
2014,118,4,2025-10-14,Credit Card,Cancelled,142.59
2015,550,11,2024-07-06,Credit Card,Cancelled,93.86
2016,733,13,2025-11-28,Debit Card,Delivered,99.79
2017,268,4,2025-08-06,UPI,Delivered,225.98
2018,974,3,2024-07-25,Net Banking,Processing,82.17
2019,37,16,2025-06-14,Cash,Delivered,88.02
2020,189,3,2025-02-01,UPI,Delivered,169.22
2021,757,5,2025-03-24,Cash,Delivered,48.62
2022,786,7,2025-05-30,Credit Card,Shipped,49.19
2023,972,5,2024-01-15,Debit Card,Processing,92.67
2024,359,15,2024-06-28,Credit Card,Cancelled,51.85
2025,157,10,2025-01-24,Net Banking,Delivered,78.63
2026,344,15,2024-07-18,UPI,Processing,54.57
2027,617,17,2024-09-08,Debit Card,Delivered,70.11
2028,59,4,2024-11-21,UPI,Delivered,152.2
2029,738,6,2025-09-25,Debit Card,Delivered,70.13
2030,701,8,2024-04-16,UPI,Delivered,158.17
2031,788,19,2025-01-31,UPI,Processing,200.06
2032,578,18,2024-02-06,UPI,Delivered,213.04
2033,960,19,2025-05-02,Cash,Delivered,169.37
2034,933,8,2025-04-05,Cash,Delivered,112.48
2035,466,16,2025-10-13,Credit Card,Delivered,224.68
2036,148,10,2024-08-17,Credit Card,Returned,121.57
2037,904,6,2024-09-20,Debit Card,Shipped,130.66
2038,148,2,2024-11-03,Cash,Delivered,224.76
2039,412,5,2024-08-20,Debit Card,Delivered,125.22
2040,472,15,2025-03-03,Cash,Returned,137.34
2041,334,13,2024-12-11,Credit Card,Shipped,83.24
2042,730,7,2024-08-10,Net Banking,Delivered,223.46
2043,803,20,2025-11-06,Debit Card,Cancelled,155.12
2044,384,10,2025-02-22,Credit Card,Delivered,138.75
2045,668,15,2025-07-09,Debit Card,Cancelled,240.7
2046,423,2,2025-09-30,Credit Card,Delivered,155.86
2047,676,13,2024-06-09,Net Banking,Delivered,238.07
2048,711,7,2024-01-25,Cash,Delivered,76.19
2049,577,5,2025-11-27,Cash,Delivered,208.18
2050,422,11,2024-06-03,Cash,Delivered,195.08
2051,324,20,2025-05-13,Net Banking,Delivered,171.9
2052,693,4,2024-02-06,UPI,Delivered,41.82
2053,340,3,2024-02-24,Debit Card,Cancelled,114.91
2054,981,7,2024-06-03,Debit Card,Processing,116.22
2055,598,15,2024-11-19,Cash,Delivered,76.8
2056,104,18,2024-11-06,Credit Card,Cancelled,71.92
2057,122,18,2025-03-01,Net Banking,Delivered,157.95
2058,481,9,2025-10-05,Credit Card,Returned,179.41
2059,932,15,2024-05-30,UPI,Shipped,68.48
2060,485,13,2025-01-25,Cash,Delivered,44.19
2061,838,12,2025-12-05,Cash,Delivered,78.19
2062,994,16,2024-01-21,Net Banking,Delivered,111.35
2063,908,12,2024-03-28,UPI,Delivered,171.05
2064,404,5,2025-11-24,UPI,Returned,206.1
2065,202,11,2025-11-15,Debit Card,Shipped,239.24
2066,364,20,2024-03-26,Cash,Delivered,227.12
2067,174,12,2025-03-03,Debit Card,Delivered,98.85
2068,926,1,2025-06-16,Cash,Delivered,75.05
2069,245,10,2025-10-26,Debit Card,Delivered,130.92
2070,280,15,2024-02-11,UPI,Delivered,46.59
2071,11,19,2025-10-01,UPI,Delivered,81.92
2072,390,13,2025-04-26,UPI,Delivered,96.76
2073,344,12,2025-01-19,Net Banking,Processing,204.67
2074,725,11,2025-02-20,Credit Card,Cancelled,191.01
2075,198,16,2025-07-19,Debit Card,Delivered,231.81
2076,87,11,2025-11-18,Net Banking,Processing,44.83
2077,826,4,2024-05-11,Credit Card,Delivered,118.41
2078,586,8,2024-06-06,UPI,Processing,42.03
2079,755,11,2024-01-14,Net Banking,Delivered,162.38
2080,647,11,2025-04-16,UPI,Delivered,51.79
2081,205,3,2024-05-22,Credit Card,Delivered,239.79
2082,444,8,2024-01-04,Credit Card,Delivered,56.68
2083,641,17,2024-11-24,Credit Card,Delivered,81.43
2084,620,6,2025-05-22,Cash,Delivered,181.99
2085,454,6,2024-03-03,Net Banking,Delivered,76.93
2086,270,5,2024-07-21,Net Banking,Delivered,79.76
2087,720,3,2024-05-06,Credit Card,Delivered,107.5
2088,167,13,2024-08-21,Net Banking,Delivered,126.58
2089,293,7,2025-10-17,Cash,Delivered,112.4
2090,544,1,2024-09-03,Debit Card,Delivered,73.87
2091,65,16,2024-03-04,Debit Card,Cancelled,52.68
2092,82,15,2025-03-16,UPI,Returned,181.65
2093,603,12,2024-11-22,Net Banking,Delivered,53.83
2094,745,11,2024-09-25,Cash,Delivered,210.3
2095,512,10,2025-01-14,Cash,Delivered,249.81
2096,234,19,2024-07-13,Credit Card,Delivered,114.11
2097,902,15,2025-04-21,Debit Card,Cancelled,217.76
2098,475,15,2025-02-16,Cash,Delivered,194.95
2099,430,1,2025-01-29,Credit Card,Shipped,120.11
2100,153,13,2025-10-09,Debit Card,Delivered,206.19
2101,928,6,2025-11-08,Credit Card,Delivered,78.62
2102,17,13,2024-04-07,Cash,Delivered,110.84
2103,510,13,2024-01-23,Credit Card,Delivered,240.59
2104,285,8,2025-07-16,Credit Card,Delivered,191.98
2105,446,6,2025-03-19,Cash,Returned,52.55
2106,69,11,2024-04-18,Cash,Delivered,69.71
2107,966,16,2025-06-15,Credit Card,Delivered,42.72
2108,647,6,2024-11-11,Debit Card,Delivered,183.65
2109,627,4,2025-03-15,Net Banking,Delivered,99.2
2110,827,5,2025-01-17,Debit Card,Delivered,139.44
2111,458,12,2024-01-19,Cash,Delivered,238.36
2112,240,11,2025-12-05,Cash,Shipped,156.55
2113,813,11,2025-08-14,Credit Card,Cancelled,242.75
2114,587,8,2025-10-09,Net Banking,Delivered,210.8
2115,501,19,2024-09-12,Cash,Processing,105.83
2116,394,5,2024-04-07,Net Banking,Delivered,151.14
2117,618,9,2025-04-18,UPI,Delivered,203.26
2118,729,5,2024-10-09,Debit Card,Processing,52.39
2119,229,1,2024-09-09,Debit Card,Delivered,170.34
2120,150,9,2025-07-29,Debit Card,Delivered,105.98
2121,205,7,2025-07-03,Net Banking,Delivered,102.08
2122,754,7,2024-03-03,Net Banking,Shipped,99.32
2123,434,1,2025-01-20,Debit Card,Delivered,70.25
2124,30,14,2024-01-26,UPI,Delivered,202.92
2125,458,13,2024-05-31,Net Banking,Delivered,133.27
2126,111,9,2024-11-17,Cash,Delivered,188.32
2127,292,6,2025-04-09,Net Banking,Delivered,240.78
2128,54,11,2024-05-06,Net Banking,Delivered,69.77
2129,564,1,2025-01-19,Cash,Delivered,123.06
2130,628,2,2024-11-30,Debit Card,Delivered,198.86
2131,905,17,2024-02-10,UPI,Shipped,189.87
2132,66,3,2025-05-23,Credit Card,Delivered,149.78
2133,241,3,2025-12-31,Debit Card,Returned,111.01
2134,352,3,2025-02-26,Cash,Delivered,53.05
2135,658,13,2025-03-02,Credit Card,Delivered,58.79
2136,460,6,2024-07-31,UPI,Shipped,222.42
2137,246,2,2024-08-20,Net Banking,Delivered,175.01
2138,231,16,2025-12-15,UPI,Delivered,199.29
2139,978,5,2024-06-05,Net Banking,Delivered,121.38
2140,687,13,2025-10-11,UPI,Delivered,100.82
2141,686,14,2024-01-25,Net Banking,Delivered,82.03
2142,214,8,2024-02-06,Net Banking,Delivered,113.37
2143,596,12,2024-03-23,Net Banking,Processing,74.48
2144,156,18,2024-08-05,UPI,Cancelled,196.29
2145,273,18,2024-10-15,Debit Card,Delivered,73.57
2146,773,20,2024-07-25,Debit Card,Delivered,108.68
2147,403,4,2024-09-23,Debit Card,Delivered,133.56
2148,688,17,2025-10-29,Cash,Delivered,63.67
2149,824,4,2025-01-31,Credit Card,Delivered,159.74
2150,853,7,2024-11-01,Net Banking,Processing,115.8
2151,664,8,2024-02-25,Net Banking,Processing,217.15
2152,524,1,2024-08-10,Debit Card,Delivered,214.21
2153,212,16,2024-12-07,Cash,Shipped,136.16
2154,617,6,2025-02-04,Cash,Delivered,165.32
2155,878,8,2025-11-14,UPI,Delivered,225.73
2156,635,2,2024-02-01,UPI,Cancelled,235.33
2157,456,13,2024-11-06,Net Banking,Returned,60.42
2158,221,7,2025-01-11,Cash,Shipped,118.29
2159,428,1,2024-10-13,Debit Card,Shipped,228.69
2160,146,9,2024-11-05,Cash,Cancelled,226.35
2161,124,1,2024-07-28,Cash,Delivered,63.64
2162,467,19,2024-08-28,Net Banking,Delivered,44.74
2163,492,3,2025-07-30,Credit Card,Delivered,123.48
2164,31,2,2025-01-21,Cash,Delivered,137.8
2165,997,1,2024-06-28,Net Banking,Processing,177.89
2166,727,10,2024-10-14,Cash,Delivered,96.13
2167,279,7,2025-11-18,Credit Card,Delivered,210.17
2168,46,19,2025-10-27,Cash,Delivered,187.62
2169,733,2,2024-08-25,Debit Card,Delivered,165.59
2170,841,16,2025-04-12,Net Banking,Delivered,178.31
2171,744,18,2025-01-15,Net Banking,Delivered,194.39
2172,417,6,2024-12-21,Net Banking,Delivered,138.17
2173,786,10,2024-12-21,Credit Card,Processing,197.85
2174,692,18,2025-05-21,Cash,Delivered,130.66
2175,260,5,2025-09-08,Debit Card,Cancelled,175.55
2176,772,18,2025-04-06,Credit Card,Processing,112.13
2177,149,20,2025-10-02,Debit Card,Delivered,214.72
2178,872,19,2024-06-12,Credit Card,Returned,206.38
2179,406,3,2025-12-10,Cash,Processing,248.01
2180,43,17,2025-07-11,UPI,Delivered,93.49
2181,681,6,2025-07-17,Credit Card,Delivered,205.42
2182,120,11,2025-05-15,Debit Card,Delivered,122.94
2183,840,13,2025-11-03,Credit Card,Delivered,197.46
2184,770,4,2025-12-05,Credit Card,Delivered,135.27
2185,917,7,2025-12-11,UPI,Processing,243.55
2186,508,5,2024-04-20,UPI,Delivered,104.38
2187,311,7,2025-02-19,Net Banking,Delivered,239.83
2188,25,1,2024-07-14,UPI,Delivered,83.49
2189,74,3,2025-11-27,Debit Card,Delivered,64.98
2190,678,13,2025-01-01,UPI,Delivered,103.05
2191,384,7,2025-02-01,Debit Card,Delivered,163.84
2192,651,20,2025-05-04,Net Banking,Delivered,143.18
2193,512,11,2024-02-02,Debit Card,Delivered,187.13
2194,771,18,2025-01-27,UPI,Delivered,163.3
2195,972,16,2024-12-25,UPI,Delivered,242.18
2196,487,9,2024-03-29,Net Banking,Delivered,91.53
2197,945,4,2025-10-08,Cash,Delivered,110.85
2198,481,2,2025-09-10,Debit Card,Delivered,203.2
2199,222,20,2025-04-07,Cash,Delivered,183.6
2200,884,1,2025-08-30,Net Banking,Delivered,145.44
2201,282,19,2025-04-19,Cash,Processing,152.49
2202,260,19,2024-02-19,UPI,Delivered,143.13
2203,301,6,2025-04-07,UPI,Delivered,109.6
2204,704,5,2024-04-22,UPI,Delivered,142.11
2205,397,6,2024-01-06,Cash,Delivered,78.36
2206,887,19,2024-12-14,Cash,Delivered,133.38
2207,971,4,2025-12-18,UPI,Delivered,67.72
2208,577,1,2025-09-11,Cash,Delivered,206.81
2209,22,17,2025-03-16,Debit Card,Delivered,62.33
2210,35,9,2025-04-30,Cash,Delivered,128.67
2211,90,9,2024-03-07,Debit Card,Delivered,146.49
2212,929,5,2024-09-06,UPI,Delivered,58.14
2213,681,7,2024-07-10,Cash,Delivered,154.64
2214,270,16,2025-07-24,UPI,Returned,177.82
2215,424,4,2025-08-19,Net Banking,Delivered,82.51
2216,137,13,2024-11-03,UPI,Delivered,147.14
2217,116,17,2024-01-13,Debit Card,Delivered,41.86
2218,328,8,2024-05-20,Cash,Processing,79.62
2219,490,16,2025-05-01,Credit Card,Delivered,121.45
2220,643,18,2025-10-10,UPI,Delivered,66.66
2221,149,3,2025-06-06,Cash,Delivered,247.35
2222,169,8,2025-08-02,Cash,Processing,115.96
2223,848,9,2024-08-18,Cash,Delivered,130.69
2224,800,13,2024-11-24,UPI,Delivered,192.56
2225,401,15,2025-01-17,Net Banking,Processing,87.19
2226,491,20,2024-05-10,Net Banking,Processing,175.67
2227,162,8,2025-10-12,Net Banking,Delivered,144.4
2228,444,20,2024-03-17,UPI,Delivered,157.95
2229,914,5,2025-12-22,UPI,Delivered,122.59
2230,666,11,2025-04-20,Debit Card,Processing,167.11
2231,876,16,2024-11-11,Net Banking,Delivered,199.06
2232,604,18,2025-12-05,Net Banking,Delivered,205.02
2233,481,11,2024-05-20,UPI,Delivered,244.8
2234,530,20,2025-06-29,UPI,Delivered,96.32
2235,896,10,2024-10-04,Net Banking,Delivered,105.74
2236,929,8,2024-11-27,Net Banking,Delivered,244.19
2237,846,11,2024-07-15,Net Banking,Delivered,98.49
2238,435,7,2025-09-04,Net Banking,Processing,69.25
2239,303,7,2025-12-05,Debit Card,Shipped,156.11
2240,818,15,2024-07-28,Net Banking,Delivered,64.61
2241,654,8,2024-10-25,Credit Card,Delivered,173.02
2242,188,16,2024-12-11,Debit Card,Delivered,141.71
2243,955,19,2024-10-04,Cash,Delivered,70.73
2244,74,9,2025-09-12,UPI,Returned,210.75
2245,4,3,2025-02-06,Credit Card,Processing,93.51
2246,466,18,2025-05-21,Net Banking,Processing,147.33
2247,204,9,2025-03-06,UPI,Returned,171.9
2248,610,4,2025-05-16,Cash,Delivered,105.76
2249,186,4,2024-05-23,Debit Card,Shipped,248.78
2250,868,3,2024-02-12,Debit Card,Delivered,152.4
2251,803,4,2024-05-10,Cash,Delivered,227.18
2252,62,1,2025-08-03,UPI,Delivered,171.12
2253,292,14,2024-10-10,Credit Card,Delivered,169.85
2254,770,9,2025-08-07,Net Banking,Delivered,89.64
2255,567,19,2024-01-24,Debit Card,Shipped,76.09
2256,209,18,2025-01-27,Net Banking,Delivered,73.68
2257,759,20,2025-08-07,Debit Card,Processing,66.16
2258,866,14,2024-09-09,Credit Card,Delivered,168.02
2259,940,8,2024-06-26,Debit Card,Delivered,90.14
2260,446,19,2024-11-11,Net Banking,Processing,133.69
2261,103,3,2024-08-25,Cash,Shipped,132.93
2262,872,20,2025-01-28,Cash,Delivered,200.66
2263,903,16,2024-07-29,Cash,Shipped,150.03
2264,22,16,2024-11-25,Net Banking,Delivered,216.03
2265,211,12,2025-09-13,Credit Card,Shipped,166.2
2266,700,13,2025-12-16,Credit Card,Shipped,83.5
2267,362,13,2024-11-17,Debit Card,Delivered,101.04
2268,389,20,2024-08-24,Cash,Returned,184.16
2269,250,3,2025-07-30,Cash,Shipped,44.59
2270,354,12,2025-08-08,Cash,Delivered,131.62
2271,932,14,2025-04-01,UPI,Delivered,113.13
2272,376,9,2024-10-02,Cash,Delivered,86.02
2273,661,17,2025-08-22,Net Banking,Delivered,81.1
2274,391,12,2024-02-07,UPI,Shipped,58.89
2275,95,20,2024-06-11,Net Banking,Delivered,56.64
2276,464,5,2024-09-18,Debit Card,Delivered,131.54
2277,235,14,2024-07-09,Debit Card,Delivered,54.02
2278,636,2,2024-04-04,Net Banking,Delivered,204.7
2279,296,18,2024-06-29,Cash,Cancelled,227.93
2280,18,7,2024-08-29,Net Banking,Shipped,54.15
2281,276,6,2024-04-13,Net Banking,Delivered,137.13
2282,741,6,2025-01-12,Credit Card,Delivered,79.23
2283,334,6,2024-01-09,Debit Card,Delivered,44.35
2284,917,2,2025-05-31,Cash,Delivered,50.15
2285,867,5,2024-06-08,Credit Card,Processing,215.2
2286,802,9,2025-08-10,Cash,Delivered,76.78
2287,731,8,2024-04-22,Credit Card,Delivered,198.45
2288,387,5,2024-03-09,UPI,Delivered,151.07
2289,694,13,2025-05-16,Net Banking,Delivered,124.82
2290,478,17,2025-06-21,Debit Card,Shipped,161.27
2291,770,9,2025-02-18,Net Banking,Cancelled,75.05
2292,130,2,2025-05-26,Credit Card,Delivered,248.89
2293,119,20,2024-11-01,Cash,Delivered,102.9
2294,323,16,2024-01-25,Credit Card,Shipped,85.27
2295,769,5,2025-10-15,Cash,Processing,206.01
2296,665,10,2024-05-23,Cash,Delivered,43.44
2297,926,15,2024-08-20,Debit Card,Delivered,137.93
2298,381,7,2025-04-21,Cash,Delivered,241.52
2299,971,5,2024-09-08,UPI,Delivered,51.16
2300,932,13,2025-04-21,Cash,Delivered,101.73
2301,565,16,2025-06-08,UPI,Cancelled,222.41
2302,70,12,2025-05-05,Debit Card,Delivered,233.62
2303,12,4,2024-06-18,Credit Card,Shipped,157.93
2304,26,17,2024-03-02,Credit Card,Delivered,117.97
2305,414,11,2025-04-04,Net Banking,Delivered,170.57
2306,377,2,2024-10-18,Net Banking,Delivered,225.54
2307,444,17,2025-05-14,UPI,Delivered,155.08
2308,519,3,2025-08-02,Credit Card,Cancelled,119.36
2309,732,15,2025-11-07,Debit Card,Delivered,200.04
2310,96,20,2024-07-20,Cash,Delivered,86.25
2311,311,1,2024-02-15,Credit Card,Delivered,159.55
2312,819,5,2025-03-03,Cash,Delivered,93.58
2313,1,3,2024-08-03,Credit Card,Processing,95.76
2314,806,3,2025-05-09,Credit Card,Delivered,246.05
2315,506,4,2025-11-19,UPI,Delivered,210.45
2316,632,12,2024-12-16,Cash,Returned,94.2
2317,562,11,2025-07-25,Debit Card,Delivered,180.23
2318,533,9,2025-08-26,Net Banking,Shipped,91.51
2319,445,16,2024-01-23,Debit Card,Delivered,146.86
2320,997,13,2025-05-25,UPI,Returned,103.07
2321,110,5,2024-09-20,Net Banking,Delivered,204.53
2322,476,5,2024-09-11,UPI,Delivered,146.23
2323,761,13,2025-02-26,Cash,Delivered,102.81
2324,167,20,2024-09-05,Cash,Cancelled,179.21
2325,949,2,2024-11-17,Cash,Delivered,130.76
2326,485,1,2025-02-28,Debit Card,Cancelled,64.83
2327,499,16,2024-08-29,Cash,Delivered,125.12
2328,294,8,2024-08-28,Net Banking,Processing,110.58
2329,335,19,2025-09-04,Cash,Processing,61.14
2330,816,1,2024-03-25,Credit Card,Delivered,143.46
2331,957,5,2024-04-04,UPI,Delivered,77.29
2332,299,12,2024-05-16,Debit Card,Delivered,58.38
2333,915,10,2024-06-18,Debit Card,Delivered,249.23
2334,41,20,2024-03-25,UPI,Processing,80.37
2335,919,13,2024-06-23,Cash,Delivered,164.61
2336,857,17,2025-09-22,UPI,Processing,99.73
2337,474,20,2024-03-07,Debit Card,Delivered,202.98
2338,99,16,2025-06-11,Net Banking,Delivered,99.58
2339,873,11,2025-02-06,Credit Card,Delivered,210.16
2340,975,17,2025-01-02,Debit Card,Delivered,188.19
2341,429,8,2025-02-14,Debit Card,Delivered,84.21
2342,153,5,2025-04-17,UPI,Delivered,163.41
2343,152,4,2024-04-30,Cash,Delivered,191.78
2344,789,11,2024-10-16,Debit Card,Delivered,190.91
2345,420,4,2025-03-21,Net Banking,Shipped,103.53
2346,215,16,2025-12-27,UPI,Delivered,122.07
2347,68,2,2024-12-19,UPI,Processing,208.76
2348,192,16,2025-02-02,Cash,Delivered,123.47
2349,884,11,2025-12-27,Cash,Delivered,108.65
2350,433,11,2025-12-25,Net Banking,Processing,78.63
2351,978,9,2024-06-17,Cash,Delivered,223.86
2352,152,2,2024-12-08,Credit Card,Delivered,166.82
2353,930,7,2024-10-11,Credit Card,Delivered,201.88
2354,370,11,2025-10-08,Net Banking,Delivered,40.57
2355,791,17,2025-05-09,Credit Card,Delivered,109.83
2356,879,17,2025-11-05,Debit Card,Delivered,226.81
2357,628,20,2025-08-27,Credit Card,Delivered,239.46
2358,466,19,2024-02-10,Net Banking,Delivered,249.33
2359,46,10,2025-04-12,Debit Card,Delivered,163.76
2360,486,14,2024-03-05,Cash,Cancelled,167.84
2361,946,11,2024-08-24,Net Banking,Delivered,95.59
2362,873,2,2025-10-29,Credit Card,Delivered,161.71
2363,272,1,2025-02-08,Net Banking,Delivered,86.58
2364,245,13,2025-04-05,UPI,Delivered,241.31
2365,549,18,2024-10-07,Cash,Delivered,222.39
2366,807,10,2025-10-17,Net Banking,Delivered,144.29
2367,219,18,2025-08-17,Net Banking,Delivered,64.33
2368,948,13,2024-08-28,Net Banking,Shipped,77.22
2369,206,1,2025-11-02,Cash,Delivered,175.84
2370,22,4,2025-05-06,Credit Card,Cancelled,193.51
2371,674,10,2024-06-22,Debit Card,Delivered,230.25
2372,747,6,2024-07-27,Debit Card,Delivered,235.67
2373,556,18,2024-11-12,UPI,Delivered,72.67
2374,874,1,2024-05-04,Credit Card,Delivered,201.77
2375,989,6,2024-10-03,UPI,Shipped,110.88
2376,785,18,2025-05-27,Cash,Delivered,141.06
2377,285,3,2025-09-21,Debit Card,Shipped,114.18
2378,826,7,2025-02-01,Net Banking,Cancelled,192.32
2379,824,3,2025-09-27,UPI,Delivered,111.84
2380,835,18,2025-06-18,Credit Card,Delivered,234.19
2381,360,1,2025-10-08,Debit Card,Processing,206.46
2382,107,17,2025-03-18,Cash,Delivered,79.93
2383,496,19,2025-10-14,UPI,Returned,196.38
2384,957,16,2025-11-03,Net Banking,Shipped,121.33
2385,378,7,2025-10-19,UPI,Delivered,79.5
2386,364,1,2025-08-07,Debit Card,Delivered,127.26
2387,993,11,2024-01-08,Cash,Delivered,217.03
2388,534,18,2025-08-31,UPI,Delivered,139.42
2389,565,11,2025-07-20,UPI,Delivered,46.82
2390,325,8,2025-10-15,Debit Card,Delivered,129.38
2391,880,4,2024-02-09,UPI,Cancelled,179.61
2392,713,9,2024-05-20,Cash,Returned,98.94
2393,77,17,2025-02-25,Debit Card,Delivered,104.76
2394,417,1,2024-11-03,UPI,Returned,108.83
2395,96,5,2025-12-29,Net Banking,Delivered,218.83
2396,117,4,2025-01-06,Debit Card,Shipped,106.85
2397,188,19,2024-05-06,Credit Card,Delivered,56.56
2398,284,10,2024-02-20,Net Banking,Shipped,231.72
2399,832,18,2024-03-22,Net Banking,Processing,154.67
2400,674,10,2025-07-19,UPI,Processing,197.98
2401,320,14,2024-02-11,UPI,Delivered,96.5
2402,141,3,2024-02-23,UPI,Cancelled,163.54
2403,913,16,2024-04-19,UPI,Delivered,115.84
2404,110,9,2025-07-08,Credit Card,Delivered,157.85
2405,84,11,2024-09-10,Credit Card,Delivered,232.81
2406,888,4,2025-12-18,UPI,Delivered,193.04
2407,174,17,2024-05-09,Credit Card,Returned,41.11
2408,897,9,2025-06-19,Net Banking,Shipped,203.02
2409,505,18,2024-07-11,Credit Card,Delivered,84.31
2410,398,7,2025-11-13,Net Banking,Delivered,68.6
2411,422,19,2025-08-27,Debit Card,Delivered,169.44
2412,724,14,2024-05-07,Debit Card,Delivered,144.51
2413,416,19,2024-04-27,Credit Card,Shipped,185.17
2414,189,19,2025-08-13,UPI,Returned,92.24
2415,42,8,2025-12-29,Credit Card,Shipped,193.56
2416,405,5,2025-12-01,Credit Card,Delivered,63.65
2417,668,7,2024-01-03,UPI,Processing,42.89
2418,350,7,2024-04-19,Cash,Delivered,192.11
2419,890,12,2024-05-06,Debit Card,Returned,119.53
2420,697,9,2025-06-15,Cash,Delivered,220.13
2421,212,13,2024-05-29,Debit Card,Delivered,179.83
2422,249,16,2025-11-09,Cash,Cancelled,131.86
2423,4,14,2024-09-15,Cash,Delivered,204.09
2424,767,15,2024-03-02,Net Banking,Delivered,126.81
2425,145,10,2024-10-21,Debit Card,Delivered,201.5
2426,805,17,2025-04-29,UPI,Delivered,113.05
2427,230,15,2025-10-21,Credit Card,Delivered,97.88
2428,987,13,2025-05-03,Debit Card,Delivered,86.32
2429,18,8,2024-05-16,Cash,Delivered,247.16
2430,522,5,2025-07-18,UPI,Delivered,117.88
2431,707,4,2024-09-17,Debit Card,Processing,148.46
2432,765,13,2024-11-13,UPI,Delivered,241.0
2433,248,10,2024-04-19,Debit Card,Processing,199.12
2434,954,18,2025-11-15,Net Banking,Delivered,234.13
2435,643,16,2024-07-06,Net Banking,Delivered,241.31
2436,787,18,2024-12-01,Cash,Delivered,40.31
2437,192,4,2024-07-17,Debit Card,Shipped,129.22
2438,824,9,2025-12-13,Net Banking,Delivered,124.41
2439,579,19,2025-09-08,Debit Card,Delivered,139.09
2440,912,8,2024-07-19,Debit Card,Delivered,110.59
2441,778,8,2025-04-27,Net Banking,Delivered,87.79
2442,17,3,2025-07-29,UPI,Delivered,68.77
2443,888,2,2025-02-24,Credit Card,Delivered,152.35
2444,106,18,2024-03-15,Cash,Shipped,86.35
2445,224,12,2024-08-07,UPI,Delivered,42.46
2446,419,4,2025-08-24,Debit Card,Delivered,226.86
2447,96,11,2024-08-02,Credit Card,Delivered,59.64
2448,811,20,2024-09-13,Net Banking,Shipped,237.04
2449,46,16,2024-09-03,Debit Card,Delivered,178.03
2450,747,1,2025-12-13,Cash,Processing,85.44
2451,909,11,2025-02-25,UPI,Delivered,162.4
2452,285,1,2025-08-12,Cash,Delivered,236.28
2453,570,6,2025-04-08,UPI,Shipped,245.95
2454,22,9,2025-08-08,Credit Card,Delivered,72.96
2455,751,6,2024-02-16,Credit Card,Processing,81.51
2456,472,2,2024-10-29,Cash,Delivered,68.25
2457,744,7,2024-04-30,Debit Card,Delivered,224.83
2458,855,14,2024-11-02,Credit Card,Delivered,215.06
2459,486,13,2024-06-11,UPI,Delivered,47.38
2460,701,14,2024-06-28,UPI,Delivered,73.08
2461,158,14,2024-03-15,UPI,Delivered,186.93
2462,273,17,2024-06-19,Net Banking,Processing,151.48
2463,921,19,2025-08-28,Debit Card,Processing,73.05
2464,546,19,2025-08-31,Credit Card,Returned,129.23
2465,857,15,2025-09-17,Debit Card,Delivered,167.32
2466,201,13,2024-01-21,Debit Card,Delivered,152.44
2467,896,19,2024-04-03,UPI,Shipped,66.62
2468,236,18,2024-02-25,UPI,Delivered,122.87
2469,595,5,2025-10-27,UPI,Delivered,153.2
2470,819,5,2024-08-25,Credit Card,Cancelled,146.77
2471,557,3,2025-09-13,Credit Card,Delivered,57.55
2472,551,3,2025-06-21,Debit Card,Delivered,155.27
2473,46,14,2024-07-01,Cash,Processing,83.11
2474,716,3,2024-08-13,Net Banking,Delivered,132.89
2475,739,18,2025-03-08,UPI,Shipped,107.59
2476,698,9,2024-06-17,Debit Card,Delivered,200.75
2477,794,1,2024-01-28,UPI,Delivered,74.63
2478,600,3,2025-10-14,UPI,Delivered,140.96
2479,450,18,2024-04-10,Debit Card,Delivered,172.48
2480,27,5,2025-09-11,Debit Card,Delivered,181.16
2481,662,10,2025-05-31,Debit Card,Delivered,57.86
2482,615,19,2024-05-31,Net Banking,Delivered,143.14
2483,155,6,2024-03-19,Debit Card,Delivered,205.55
2484,389,16,2024-11-17,UPI,Delivered,138.14
2485,614,2,2024-02-15,UPI,Delivered,226.02
2486,354,11,2025-01-21,UPI,Delivered,148.34
2487,154,13,2025-06-26,Cash,Delivered,89.52
2488,817,9,2024-06-01,Net Banking,Delivered,107.54
2489,51,12,2025-11-08,Debit Card,Processing,204.88
2490,748,2,2025-01-19,Net Banking,Shipped,171.25
2491,417,7,2024-02-24,Credit Card,Delivered,219.77
2492,472,20,2025-07-25,Debit Card,Shipped,43.57
2493,798,17,2025-10-01,Credit Card,Delivered,52.75
2494,951,4,2024-02-18,Cash,Delivered,151.0
2495,938,17,2025-07-23,UPI,Delivered,193.99
2496,182,18,2025-10-21,Cash,Delivered,235.49
2497,199,13,2025-06-12,Credit Card,Delivered,53.47
2498,249,5,2024-10-01,UPI,Delivered,124.02
2499,303,6,2025-11-25,Net Banking,Delivered,180.59
2500,418,10,2024-11-10,Credit Card,Delivered,224.68
2501,378,17,2024-05-13,Cash,Delivered,105.01
2502,85,15,2024-09-14,UPI,Processing,101.24
2503,400,6,2025-10-08,Debit Card,Cancelled,118.47
2504,888,2,2024-10-24,Credit Card,Delivered,88.11
2505,378,11,2025-11-22,Net Banking,Delivered,101.7
2506,685,3,2024-01-24,Cash,Delivered,126.35
2507,884,10,2024-10-13,Net Banking,Delivered,211.09
2508,939,1,2025-06-01,Credit Card,Shipped,117.36
2509,715,17,2025-07-23,Net Banking,Delivered,246.28
2510,743,5,2024-12-05,Cash,Delivered,186.41
2511,705,11,2025-11-20,UPI,Delivered,174.21
2512,245,7,2024-10-25,Credit Card,Delivered,200.66
2513,199,17,2024-12-29,Debit Card,Delivered,225.53
2514,405,8,2024-05-05,Credit Card,Processing,58.91
2515,615,15,2025-12-29,Net Banking,Delivered,224.51
2516,558,2,2024-05-06,Net Banking,Returned,90.63
2517,647,7,2024-04-03,Cash,Delivered,125.05
2518,232,2,2024-11-26,Cash,Processing,191.91
2519,941,20,2024-03-26,Net Banking,Delivered,241.96
2520,98,15,2025-02-02,Net Banking,Processing,203.57
2521,914,1,2025-06-21,UPI,Cancelled,83.83
2522,831,1,2024-01-28,Net Banking,Delivered,203.51
2523,563,5,2024-04-24,Net Banking,Delivered,42.76
2524,387,11,2025-12-05,Cash,Delivered,144.44
2525,843,20,2024-10-17,UPI,Returned,230.67
2526,904,20,2024-01-04,Credit Card,Delivered,168.05
2527,138,2,2024-12-20,UPI,Delivered,54.89
2528,892,17,2024-05-06,Net Banking,Delivered,153.24
2529,237,13,2024-08-19,Net Banking,Delivered,215.99
2530,143,14,2025-08-23,Credit Card,Delivered,191.82
2531,622,20,2024-08-08,Net Banking,Delivered,90.43
2532,344,11,2024-10-08,Cash,Delivered,93.58
2533,713,10,2024-02-07,Credit Card,Delivered,125.52
2534,850,12,2024-02-13,UPI,Shipped,110.87
2535,959,13,2025-05-19,Cash,Delivered,206.05
2536,532,4,2024-02-17,UPI,Shipped,129.57
2537,962,2,2024-01-19,Credit Card,Processing,51.63
2538,370,13,2024-07-27,Cash,Processing,58.56
2539,396,5,2024-01-28,Cash,Delivered,237.46
2540,103,6,2024-08-05,Credit Card,Delivered,111.51
2541,838,14,2024-02-23,Net Banking,Delivered,131.61
2542,498,16,2024-04-21,Cash,Shipped,175.27
2543,637,7,2024-05-26,Net Banking,Processing,100.98
2544,119,8,2024-02-11,Debit Card,Processing,41.04
2545,459,7,2025-06-24,Debit Card,Delivered,140.15
2546,935,18,2025-11-14,Net Banking,Delivered,49.69
2547,661,12,2024-08-27,Net Banking,Shipped,51.21
2548,380,15,2025-11-14,UPI,Delivered,49.97
2549,579,19,2025-01-12,UPI,Processing,100.01
2550,958,1,2024-07-05,Cash,Returned,162.41
2551,413,20,2024-06-18,Net Banking,Delivered,171.45
2552,587,13,2025-10-01,Debit Card,Processing,174.77
2553,764,15,2025-09-06,UPI,Processing,102.06
2554,803,12,2025-07-02,Net Banking,Delivered,239.91
2555,151,11,2024-09-11,Net Banking,Delivered,44.47
2556,909,10,2025-05-27,Net Banking,Delivered,244.72
2557,977,6,2024-07-18,Credit Card,Delivered,216.23
2558,302,5,2024-08-16,Cash,Delivered,157.57
2559,418,20,2024-02-26,UPI,Returned,139.33
2560,656,4,2025-02-11,Cash,Shipped,244.19
2561,658,15,2024-02-01,Credit Card,Shipped,105.0
2562,533,20,2024-08-21,Credit Card,Delivered,179.13
2563,666,8,2025-01-05,Net Banking,Delivered,228.38
2564,857,10,2024-01-18,UPI,Processing,241.6
2565,121,5,2025-11-10,Net Banking,Delivered,111.68
2566,824,5,2025-07-16,Cash,Delivered,115.33
2567,151,14,2025-11-23,Debit Card,Delivered,155.63
2568,388,12,2025-08-09,Cash,Delivered,233.93
2569,16,18,2024-08-09,Cash,Processing,60.63
2570,904,5,2025-12-03,Credit Card,Processing,105.88
2571,946,4,2024-12-10,Debit Card,Processing,203.22
2572,555,5,2025-02-12,Credit Card,Delivered,202.36
2573,279,2,2025-06-05,UPI,Processing,74.49
2574,2,1,2024-08-17,Net Banking,Delivered,122.04
2575,65,2,2025-02-02,UPI,Processing,200.28
2576,207,3,2025-05-30,UPI,Delivered,211.01
2577,844,1,2024-12-08,UPI,Cancelled,118.79
2578,627,9,2024-02-27,UPI,Delivered,167.37
2579,56,15,2024-11-25,Cash,Shipped,221.21
2580,201,19,2025-06-18,Cash,Delivered,171.67
2581,748,12,2024-02-21,Credit Card,Delivered,96.73
2582,452,15,2025-05-22,Net Banking,Delivered,74.09
2583,907,5,2025-04-04,Cash,Shipped,126.45
2584,611,5,2024-05-13,Debit Card,Delivered,207.72
2585,743,16,2025-05-18,Cash,Cancelled,246.22
2586,717,20,2025-08-01,UPI,Shipped,95.34
2587,960,17,2025-02-10,Net Banking,Delivered,243.76
2588,208,15,2024-07-22,Credit Card,Delivered,67.86
2589,367,6,2024-11-17,Credit Card,Delivered,241.81
2590,479,18,2024-04-21,UPI,Delivered,83.03
2591,695,4,2024-06-17,UPI,Delivered,40.1
2592,225,14,2024-04-25,Credit Card,Processing,245.7
2593,136,15,2024-11-21,Cash,Delivered,245.05
2594,125,7,2025-01-20,Credit Card,Delivered,227.19
2595,304,10,2025-07-12,Debit Card,Delivered,192.46
2596,886,19,2024-06-21,Debit Card,Delivered,221.47
2597,523,2,2024-10-28,UPI,Delivered,99.8
2598,243,15,2024-02-24,Credit Card,Delivered,214.72
2599,482,18,2025-02-11,UPI,Cancelled,230.06
2600,684,17,2025-05-26,Credit Card,Cancelled,55.79
2601,655,3,2024-06-14,Cash,Processing,163.69
2602,105,7,2024-07-05,Debit Card,Delivered,244.47
2603,587,18,2024-06-24,Debit Card,Shipped,143.17
2604,622,15,2025-12-04,Credit Card,Shipped,221.98
2605,896,18,2024-08-25,Credit Card,Processing,218.1
2606,557,11,2024-06-30,Cash,Delivered,88.07
2607,983,1,2025-04-05,Cash,Shipped,163.61
2608,439,13,2025-10-13,UPI,Delivered,187.02
2609,882,16,2025-02-16,Credit Card,Cancelled,148.84
2610,881,1,2024-05-30,Debit Card,Shipped,118.98
2611,87,6,2024-05-27,Credit Card,Delivered,113.35
2612,164,3,2025-11-21,Cash,Delivered,178.51
2613,796,11,2024-01-16,Net Banking,Returned,236.78
2614,272,13,2025-12-04,Net Banking,Delivered,55.3
2615,789,6,2025-10-28,UPI,Returned,69.14
2616,408,15,2025-08-04,Net Banking,Returned,157.08
2617,792,9,2025-07-01,Credit Card,Delivered,167.88
2618,803,18,2024-10-22,UPI,Returned,66.64
2619,872,11,2024-02-08,UPI,Returned,185.28
2620,679,18,2024-08-23,Cash,Returned,165.63
2621,257,17,2025-12-09,Debit Card,Delivered,102.61
2622,346,20,2025-09-12,Net Banking,Delivered,53.86
2623,291,12,2024-03-27,Cash,Delivered,146.58
2624,712,15,2024-02-06,UPI,Delivered,77.6
2625,412,15,2025-07-11,Cash,Delivered,153.25
2626,192,1,2025-11-03,Net Banking,Delivered,119.89
2627,987,20,2024-03-20,UPI,Shipped,179.38
2628,507,20,2025-04-17,Net Banking,Delivered,153.82
2629,589,14,2025-09-30,Net Banking,Delivered,217.56
2630,328,17,2024-05-12,Net Banking,Delivered,248.78
2631,810,18,2024-02-09,Debit Card,Delivered,40.14
2632,191,8,2025-10-20,Debit Card,Delivered,96.56
2633,680,12,2024-01-31,Cash,Delivered,170.1
2634,468,19,2025-12-03,UPI,Delivered,66.21
2635,922,18,2024-10-13,Credit Card,Shipped,111.95
2636,275,9,2025-01-18,Credit Card,Cancelled,122.57
2637,404,7,2025-08-30,Credit Card,Delivered,211.2
2638,191,8,2024-10-28,Credit Card,Delivered,195.27
2639,809,13,2024-10-02,Credit Card,Processing,80.86
2640,957,4,2025-08-09,Debit Card,Delivered,94.75
2641,697,11,2025-12-01,Credit Card,Delivered,110.96
2642,183,11,2025-05-09,Cash,Delivered,160.84
2643,969,19,2025-02-17,Credit Card,Processing,86.68
2644,623,12,2025-06-26,UPI,Delivered,248.2
2645,109,18,2025-05-31,Cash,Delivered,45.39
2646,502,17,2025-10-23,Debit Card,Returned,239.41
2647,333,1,2025-07-26,Net Banking,Delivered,142.43
2648,295,9,2025-11-27,Credit Card,Delivered,104.39
2649,123,17,2025-09-30,Net Banking,Delivered,214.8
2650,614,16,2025-05-07,Credit Card,Delivered,149.52
2651,342,19,2025-12-22,Credit Card,Delivered,47.92
2652,216,13,2025-01-07,Debit Card,Delivered,101.67
2653,335,11,2024-04-20,Credit Card,Delivered,193.08
2654,635,7,2025-01-09,Cash,Delivered,217.63
2655,100,8,2025-06-21,Cash,Delivered,106.64
2656,983,20,2024-01-17,Debit Card,Returned,71.43
2657,822,4,2025-10-20,Debit Card,Returned,206.42
2658,795,12,2024-02-06,Credit Card,Delivered,169.3
2659,713,19,2024-05-04,Net Banking,Delivered,52.63
2660,776,16,2024-05-14,UPI,Delivered,67.25
2661,540,18,2025-06-10,Debit Card,Delivered,226.94
2662,571,14,2024-12-04,Cash,Delivered,108.14
2663,519,14,2025-08-20,Cash,Delivered,98.7
2664,142,16,2024-06-20,Debit Card,Delivered,246.46
2665,287,18,2025-11-16,Debit Card,Shipped,128.61
2666,816,11,2025-01-07,Net Banking,Delivered,145.43
2667,981,20,2024-11-07,UPI,Returned,210.61
2668,341,1,2025-03-14,Credit Card,Cancelled,41.31
2669,44,5,2024-02-10,Debit Card,Delivered,88.21
2670,900,8,2025-10-24,UPI,Returned,67.54
2671,819,11,2024-04-28,Debit Card,Delivered,41.17
2672,493,2,2024-12-14,Net Banking,Delivered,172.93
2673,756,6,2025-07-22,UPI,Delivered,99.72
2674,538,20,2025-06-16,Cash,Delivered,170.19
2675,148,16,2025-05-17,Credit Card,Delivered,228.76
2676,737,10,2025-03-27,Cash,Delivered,41.34
2677,867,17,2025-01-10,Credit Card,Cancelled,100.46
2678,539,7,2024-03-12,Credit Card,Shipped,209.62
2679,755,5,2024-04-18,Credit Card,Processing,66.52
2680,147,1,2025-09-13,Debit Card,Delivered,52.39
2681,907,3,2024-01-09,Net Banking,Delivered,95.1
2682,209,18,2024-06-12,Cash,Delivered,151.83
2683,414,17,2025-04-27,UPI,Delivered,77.16
2684,922,12,2024-07-04,Cash,Delivered,94.67
2685,576,9,2025-01-06,Cash,Delivered,72.5
2686,965,2,2025-08-07,Debit Card,Delivered,58.95
2687,760,15,2025-11-16,Cash,Processing,156.3
2688,402,2,2024-04-14,Net Banking,Processing,190.84
2689,661,16,2024-05-03,Credit Card,Delivered,184.37
2690,454,7,2024-07-22,Net Banking,Delivered,242.99
2691,334,6,2024-01-30,Credit Card,Delivered,240.59
2692,220,14,2025-09-21,Credit Card,Returned,193.89
2693,674,19,2024-11-30,UPI,Delivered,89.62
2694,148,8,2025-07-17,Credit Card,Delivered,116.38
2695,809,19,2024-09-07,Net Banking,Delivered,156.75
2696,274,14,2024-11-11,UPI,Delivered,175.37
2697,225,6,2025-05-19,Cash,Delivered,237.8
2698,341,9,2025-08-07,Debit Card,Delivered,240.15
2699,626,4,2025-05-25,Credit Card,Processing,166.76
2700,450,1,2025-08-19,Credit Card,Delivered,132.43
2701,57,11,2024-06-14,Credit Card,Delivered,165.14
2702,933,16,2025-06-23,UPI,Delivered,188.66
2703,142,19,2024-11-30,Net Banking,Cancelled,148.98
2704,153,1,2024-05-13,UPI,Delivered,116.5
2705,562,7,2024-02-25,Credit Card,Delivered,49.34
2706,501,20,2025-07-21,Cash,Delivered,146.24
2707,449,12,2025-08-05,Credit Card,Delivered,191.63
2708,684,17,2025-01-16,Debit Card,Delivered,173.86
2709,947,2,2025-02-07,UPI,Delivered,98.41
2710,242,13,2024-11-05,UPI,Processing,219.59
2711,329,4,2025-08-10,Cash,Delivered,215.39
2712,977,7,2024-06-15,Net Banking,Processing,222.19
2713,798,5,2024-01-24,Net Banking,Delivered,234.64
2714,768,12,2025-08-23,UPI,Delivered,81.76
2715,670,17,2024-10-10,Credit Card,Delivered,212.88
2716,591,14,2024-01-06,Cash,Delivered,184.22
2717,96,20,2025-05-26,UPI,Delivered,50.17
2718,750,5,2024-06-03,UPI,Delivered,64.8
2719,947,15,2025-12-04,Cash,Delivered,178.64
2720,118,20,2024-02-24,UPI,Delivered,120.34
2721,133,6,2024-04-17,UPI,Delivered,191.55
2722,140,11,2025-04-02,Net Banking,Shipped,235.8
2723,948,20,2024-07-21,Credit Card,Delivered,160.1
2724,390,11,2025-03-17,Credit Card,Delivered,178.67
2725,667,10,2025-04-11,Net Banking,Delivered,200.52
2726,181,4,2024-10-15,UPI,Delivered,205.87
2727,405,17,2025-11-30,Credit Card,Cancelled,220.57
2728,681,11,2025-08-13,Credit Card,Delivered,100.21
2729,18,19,2024-05-11,Credit Card,Shipped,117.01
2730,739,13,2024-12-24,UPI,Processing,194.56
2731,825,7,2024-01-02,Net Banking,Delivered,66.92
2732,598,16,2025-12-12,UPI,Shipped,88.06
2733,122,5,2025-04-09,Debit Card,Delivered,236.39
2734,335,18,2025-07-16,Debit Card,Delivered,200.14
2735,218,1,2024-05-13,Debit Card,Cancelled,226.5
2736,27,5,2024-06-08,Cash,Cancelled,128.72
2737,629,6,2025-01-05,Cash,Delivered,143.92
2738,171,20,2024-03-02,Net Banking,Delivered,190.96
2739,442,14,2024-03-28,Net Banking,Delivered,87.92
2740,881,10,2024-05-09,Net Banking,Delivered,229.24
2741,328,9,2024-12-16,Credit Card,Processing,183.73
2742,8,8,2025-10-19,Debit Card,Delivered,52.32
2743,631,12,2024-01-18,Cash,Returned,158.53
2744,463,12,2025-10-17,Cash,Processing,104.73
2745,380,15,2024-03-07,Net Banking,Delivered,249.59
2746,292,14,2025-01-15,Credit Card,Cancelled,92.77
2747,141,9,2024-04-18,Cash,Delivered,63.22
2748,61,4,2025-07-22,Net Banking,Delivered,83.52
2749,568,8,2025-02-26,UPI,Delivered,98.0
2750,501,6,2024-04-02,Cash,Delivered,154.32
2751,100,12,2025-06-13,Cash,Delivered,164.48
2752,998,11,2024-04-20,UPI,Delivered,81.05
2753,419,15,2024-02-13,UPI,Delivered,137.01
2754,341,3,2024-08-22,UPI,Processing,100.42
2755,977,9,2025-06-27,Cash,Delivered,208.22
2756,117,7,2024-06-28,UPI,Delivered,131.37
2757,545,17,2024-12-23,Debit Card,Delivered,187.72
2758,260,16,2025-09-02,UPI,Delivered,157.86
2759,204,7,2024-12-07,Net Banking,Delivered,212.74
2760,945,9,2025-03-26,Cash,Processing,131.73
2761,81,12,2024-06-01,Net Banking,Delivered,90.52
2762,717,16,2024-05-21,UPI,Delivered,245.76
2763,425,14,2025-02-16,UPI,Delivered,109.37
2764,26,3,2025-08-26,UPI,Delivered,163.59
2765,479,4,2025-11-13,Debit Card,Delivered,197.29
2766,600,8,2024-09-25,Net Banking,Shipped,155.93
2767,776,9,2025-07-30,Net Banking,Delivered,92.35
2768,68,11,2025-12-25,Credit Card,Delivered,168.22
2769,39,19,2025-05-28,Debit Card,Delivered,165.57
2770,952,13,2025-05-23,Net Banking,Delivered,143.49
2771,664,3,2024-08-17,Credit Card,Delivered,132.19
2772,834,14,2024-05-03,Cash,Delivered,197.48
2773,421,13,2024-04-14,UPI,Delivered,141.84
2774,497,16,2024-02-20,Net Banking,Delivered,88.99
2775,781,11,2024-06-27,Cash,Delivered,194.76
2776,686,19,2025-06-11,Net Banking,Delivered,159.38
2777,626,15,2024-04-26,UPI,Delivered,212.73
2778,170,14,2024-09-27,Credit Card,Delivered,138.13
2779,472,18,2025-06-11,Credit Card,Delivered,126.26
2780,677,1,2024-06-11,Debit Card,Delivered,235.49
2781,967,3,2025-07-12,Credit Card,Delivered,187.38
2782,586,17,2025-09-21,Net Banking,Delivered,248.54
2783,460,5,2025-08-21,UPI,Delivered,133.34
2784,749,18,2024-01-23,Net Banking,Delivered,242.56
2785,521,1,2025-11-08,UPI,Returned,234.9
2786,312,18,2024-09-23,Credit Card,Delivered,65.25
2787,535,17,2024-12-30,Credit Card,Delivered,132.47
2788,383,15,2025-06-03,UPI,Delivered,52.96
2789,266,18,2024-01-27,UPI,Delivered,107.24
2790,96,6,2025-11-13,Credit Card,Delivered,57.88
2791,413,3,2025-09-01,UPI,Cancelled,147.29
2792,691,19,2025-05-26,Debit Card,Shipped,165.98
2793,574,17,2025-03-09,Credit Card,Delivered,197.95
2794,966,16,2025-08-15,UPI,Delivered,163.66
2795,731,4,2024-08-22,Debit Card,Cancelled,58.57
2796,434,4,2025-08-17,Debit Card,Delivered,143.81
2797,658,8,2025-07-19,Credit Card,Delivered,181.58
2798,567,18,2025-12-08,Credit Card,Delivered,119.25
2799,798,15,2024-04-19,Net Banking,Shipped,209.01
2800,657,13,2025-11-17,Credit Card,Delivered,49.49
2801,949,14,2025-09-11,Debit Card,Processing,119.03
2802,255,9,2025-07-13,Net Banking,Delivered,95.79
2803,320,5,2025-06-07,UPI,Delivered,72.12
2804,105,13,2024-12-12,Credit Card,Delivered,236.02
2805,779,8,2025-08-16,Cash,Delivered,154.81
2806,515,19,2024-01-01,Credit Card,Delivered,124.03
2807,514,8,2025-12-14,Net Banking,Delivered,131.54
2808,405,16,2024-09-21,Credit Card,Returned,198.11
2809,617,19,2025-03-31,UPI,Delivered,170.88
2810,92,10,2024-03-05,UPI,Delivered,214.24
2811,918,8,2025-08-23,Debit Card,Delivered,247.3
2812,835,6,2025-10-17,Credit Card,Shipped,62.67
2813,487,14,2024-08-06,UPI,Delivered,246.01
2814,941,9,2024-02-14,Debit Card,Delivered,59.82
2815,799,1,2024-12-06,Credit Card,Delivered,240.79
2816,508,5,2024-11-05,Debit Card,Delivered,60.45
2817,666,2,2024-11-21,Credit Card,Delivered,97.46
2818,427,13,2025-08-03,UPI,Delivered,195.47
2819,791,17,2024-03-07,Credit Card,Shipped,164.85
2820,772,18,2025-08-09,UPI,Delivered,240.85
2821,888,13,2024-01-03,Cash,Processing,70.55
2822,82,15,2024-10-05,Debit Card,Delivered,218.04
2823,807,8,2024-04-17,Debit Card,Delivered,233.01
2824,386,9,2025-10-03,Net Banking,Delivered,179.27
2825,825,8,2025-09-24,Net Banking,Delivered,169.89
2826,320,17,2025-03-26,Cash,Delivered,184.62
2827,336,11,2024-04-02,Net Banking,Delivered,105.85
2828,51,4,2025-11-06,UPI,Delivered,191.7
2829,185,2,2025-11-26,Cash,Returned,91.74
2830,911,2,2025-01-25,Debit Card,Delivered,139.64
2831,700,2,2025-03-08,Credit Card,Processing,152.94
2832,827,13,2025-07-22,Credit Card,Delivered,92.2
2833,664,5,2025-12-27,UPI,Delivered,94.58
2834,614,2,2025-01-16,Cash,Delivered,50.32
2835,672,19,2025-08-31,Debit Card,Processing,102.73
2836,257,6,2025-08-17,UPI,Delivered,119.03
2837,699,9,2025-01-19,Net Banking,Delivered,130.58
2838,52,11,2025-02-24,Cash,Delivered,43.01
2839,323,14,2024-11-14,Debit Card,Delivered,133.05
2840,914,1,2025-07-04,Net Banking,Delivered,240.13
2841,988,8,2024-11-22,Credit Card,Shipped,209.11
2842,436,5,2024-01-30,Credit Card,Processing,117.6
2843,897,13,2025-02-18,Credit Card,Processing,78.71
2844,345,10,2025-03-04,UPI,Delivered,172.85
2845,623,12,2025-09-10,Credit Card,Cancelled,41.92
2846,436,6,2025-11-22,Credit Card,Delivered,71.95
2847,987,15,2024-07-04,Cash,Returned,140.46
2848,486,10,2025-11-03,Cash,Delivered,106.36
2849,400,1,2024-03-09,UPI,Delivered,99.0
2850,95,12,2024-04-12,Net Banking,Processing,92.75
2851,655,13,2025-06-13,UPI,Delivered,229.93
2852,16,4,2025-07-03,Cash,Delivered,246.22
2853,729,16,2025-05-07,Net Banking,Delivered,223.67
2854,592,20,2024-06-26,Debit Card,Delivered,204.97
2855,954,9,2024-01-14,Cash,Delivered,190.84
2856,874,6,2024-09-26,Cash,Delivered,193.39
2857,55,7,2024-06-17,Net Banking,Delivered,194.44
2858,351,8,2025-05-05,Cash,Delivered,163.64
2859,888,18,2025-01-30,UPI,Delivered,113.57
2860,173,12,2025-10-12,Debit Card,Cancelled,76.71
2861,127,18,2024-05-10,Credit Card,Delivered,224.52
2862,817,9,2025-01-05,UPI,Delivered,238.36
2863,313,12,2024-09-17,Debit Card,Delivered,111.09
2864,891,7,2024-05-29,UPI,Delivered,238.34
2865,958,15,2024-06-06,Debit Card,Shipped,169.1
2866,699,20,2025-05-18,UPI,Delivered,229.25
2867,783,7,2025-02-11,Credit Card,Delivered,175.46
2868,761,6,2025-11-25,Cash,Delivered,80.24
2869,552,13,2025-07-22,Credit Card,Processing,228.53
2870,732,1,2024-12-28,Net Banking,Delivered,217.83
2871,803,13,2025-09-13,Credit Card,Processing,93.54
2872,200,2,2025-10-12,Cash,Delivered,206.49
2873,333,18,2024-08-23,Net Banking,Processing,96.02
2874,339,8,2024-08-22,Debit Card,Delivered,220.15
2875,807,4,2025-12-17,Net Banking,Delivered,223.24
2876,486,17,2025-03-27,Debit Card,Delivered,54.06
2877,354,6,2025-03-11,Debit Card,Delivered,232.53
2878,268,9,2025-01-03,Cash,Delivered,151.66
2879,901,12,2025-07-01,UPI,Delivered,170.1
2880,722,18,2025-04-06,UPI,Delivered,184.11
2881,329,8,2025-11-16,Net Banking,Delivered,152.69
2882,525,9,2025-05-29,Net Banking,Shipped,208.82
2883,594,14,2025-08-04,Net Banking,Delivered,203.05
2884,614,2,2025-12-08,Debit Card,Returned,106.05
2885,720,5,2025-08-15,Cash,Delivered,216.35
2886,141,9,2025-11-28,Cash,Delivered,210.15
2887,554,13,2025-09-04,Debit Card,Delivered,67.76
2888,852,18,2024-07-27,Credit Card,Delivered,74.17
2889,244,19,2024-08-29,UPI,Delivered,63.67
2890,676,18,2025-10-23,Cash,Delivered,233.19
2891,967,19,2024-06-09,Credit Card,Returned,148.59
2892,947,2,2025-06-11,Net Banking,Delivered,84.54
2893,125,2,2024-05-29,UPI,Delivered,88.3
2894,17,3,2024-01-03,Net Banking,Delivered,131.13
2895,47,1,2024-04-27,Net Banking,Processing,165.34
2896,942,16,2025-07-25,Cash,Delivered,155.03
2897,194,12,2024-10-29,Cash,Shipped,100.64
2898,920,18,2024-08-28,Debit Card,Cancelled,176.47
2899,967,3,2025-10-18,Net Banking,Delivered,49.95
2900,283,14,2025-05-09,Net Banking,Delivered,80.95
2901,419,19,2024-11-12,Debit Card,Processing,205.92
2902,4,7,2024-02-05,UPI,Delivered,197.84
2903,4,12,2024-07-05,Debit Card,Cancelled,240.02
2904,389,15,2025-08-25,UPI,Delivered,229.62
2905,447,14,2024-02-17,Cash,Delivered,59.33
2906,927,13,2024-01-14,Debit Card,Delivered,58.17
2907,721,8,2024-04-02,Debit Card,Delivered,133.87
2908,103,13,2024-11-27,Net Banking,Processing,232.42
2909,791,20,2024-10-02,Cash,Delivered,169.19
2910,792,18,2025-01-11,Credit Card,Delivered,155.13
2911,568,5,2024-10-28,Cash,Delivered,159.17
2912,415,6,2025-09-28,Cash,Delivered,204.83
2913,240,18,2025-06-24,Cash,Delivered,149.21
2914,580,4,2025-10-12,Cash,Delivered,183.25
2915,497,20,2025-10-18,UPI,Delivered,117.91
2916,440,6,2025-08-28,Debit Card,Delivered,56.28
2917,919,13,2025-04-10,UPI,Delivered,89.72
2918,966,3,2024-01-23,Credit Card,Delivered,187.32
2919,466,17,2025-01-02,Net Banking,Delivered,223.26
2920,16,10,2025-01-24,UPI,Delivered,41.23
2921,378,5,2025-08-08,UPI,Shipped,115.85
2922,322,4,2025-06-06,Cash,Delivered,101.07
2923,688,5,2024-04-02,Cash,Delivered,166.45
2924,99,18,2024-03-17,Net Banking,Delivered,59.3
2925,607,13,2025-12-30,Credit Card,Delivered,77.18
2926,618,16,2024-05-24,Debit Card,Delivered,55.63
2927,831,9,2024-02-24,Debit Card,Delivered,67.7
2928,355,10,2025-07-20,Debit Card,Delivered,215.35
2929,446,17,2024-11-22,Credit Card,Delivered,161.38
2930,865,12,2024-05-09,Cash,Processing,189.16
2931,961,2,2024-01-19,UPI,Delivered,86.11
2932,921,11,2025-12-22,Cash,Delivered,51.1
2933,217,5,2024-06-24,Debit Card,Processing,138.7
2934,516,6,2024-06-30,Net Banking,Delivered,226.36
2935,6,2,2024-10-13,UPI,Delivered,176.91
2936,188,6,2025-06-13,Debit Card,Shipped,90.48
2937,430,3,2024-05-19,Cash,Cancelled,153.87
2938,7,16,2025-01-17,UPI,Delivered,113.8
2939,657,2,2025-07-29,UPI,Delivered,118.08
2940,626,6,2024-01-02,Cash,Processing,62.93
2941,89,11,2025-11-03,Credit Card,Delivered,196.98
2942,762,12,2024-02-14,Credit Card,Cancelled,221.06
2943,55,19,2025-03-27,Credit Card,Delivered,46.89
2944,830,14,2024-03-13,Net Banking,Delivered,43.09
2945,263,3,2025-05-10,Net Banking,Delivered,105.57
2946,336,10,2025-12-29,Credit Card,Processing,69.58
2947,535,15,2025-08-04,Cash,Delivered,160.35
2948,353,5,2025-02-26,Net Banking,Delivered,240.88
2949,424,3,2024-04-28,Net Banking,Shipped,148.08
2950,486,7,2024-05-24,Debit Card,Processing,57.35
2951,37,9,2024-03-13,Debit Card,Delivered,113.88
2952,680,20,2025-07-28,Cash,Delivered,78.47
2953,914,10,2025-04-24,Credit Card,Returned,204.57
2954,449,9,2025-01-03,Net Banking,Shipped,213.01
2955,893,5,2024-12-11,Cash,Delivered,125.18
2956,559,14,2024-10-06,UPI,Shipped,134.04
2957,562,8,2025-08-25,Debit Card,Processing,235.5
2958,200,18,2025-05-30,Debit Card,Returned,106.76
2959,392,10,2024-08-21,Cash,Cancelled,153.44
2960,343,2,2024-12-04,Cash,Processing,234.67
2961,52,13,2025-12-22,Debit Card,Delivered,110.47
2962,373,13,2024-03-22,Credit Card,Delivered,78.38
2963,609,2,2024-01-10,Net Banking,Cancelled,229.49
2964,110,2,2024-11-28,Cash,Delivered,104.99
2965,683,20,2024-01-29,UPI,Processing,60.94
2966,103,15,2024-03-26,Net Banking,Cancelled,59.9
2967,20,5,2025-12-04,Debit Card,Processing,187.87
2968,699,13,2025-03-31,UPI,Delivered,77.2
2969,25,13,2025-10-11,Net Banking,Delivered,89.1
2970,716,3,2024-10-01,Credit Card,Returned,227.52
2971,139,6,2025-11-13,Cash,Cancelled,204.84
2972,366,2,2025-08-02,UPI,Delivered,127.71
2973,942,2,2025-12-17,UPI,Delivered,110.82
2974,929,12,2024-07-06,Net Banking,Delivered,173.08
2975,348,2,2025-09-24,Cash,Delivered,240.73
2976,103,15,2025-05-19,Credit Card,Processing,137.38
2977,51,12,2025-07-17,Net Banking,Delivered,175.22
2978,683,3,2024-08-24,UPI,Delivered,122.46
2979,637,7,2025-11-24,Debit Card,Shipped,42.56
2980,919,19,2025-12-07,UPI,Delivered,113.12
2981,900,7,2024-02-02,Cash,Delivered,168.43
2982,66,3,2024-10-18,Net Banking,Delivered,168.82
2983,979,8,2024-04-06,Debit Card,Processing,169.49
2984,983,18,2024-06-27,Debit Card,Delivered,197.51
2985,703,19,2025-01-17,Debit Card,Delivered,115.88
2986,35,2,2024-03-13,Cash,Returned,159.57
2987,14,1,2025-08-14,Cash,Delivered,238.01
2988,61,3,2025-07-14,Net Banking,Delivered,132.24
2989,46,8,2024-09-26,Cash,Delivered,185.82
2990,734,7,2024-05-08,Credit Card,Delivered,100.68
2991,716,12,2025-08-17,Credit Card,Delivered,122.45
2992,387,6,2025-04-14,Debit Card,Delivered,85.77
2993,357,1,2025-10-10,UPI,Delivered,246.93
2994,262,5,2024-11-16,Cash,Delivered,62.21
2995,261,6,2025-07-04,Net Banking,Delivered,79.22
2996,720,5,2025-08-09,Credit Card,Shipped,104.62
2997,72,1,2024-04-07,UPI,Delivered,175.06
2998,860,2,2025-03-07,Debit Card,Delivered,173.81
2999,570,14,2025-07-07,Net Banking,Delivered,42.93
3000,91,13,2024-04-29,Cash,Delivered,206.86
3001,950,1,2025-09-23,Debit Card,Processing,110.25
3002,343,19,2025-04-12,Net Banking,Shipped,154.04
3003,878,19,2024-11-27,Credit Card,Delivered,164.62
3004,790,14,2025-08-30,Debit Card,Delivered,49.75
3005,430,6,2024-09-03,UPI,Processing,69.71
3006,363,17,2025-01-13,Credit Card,Delivered,137.01
3007,912,1,2025-04-19,Net Banking,Delivered,230.54
3008,94,12,2024-04-27,Credit Card,Delivered,197.91
3009,186,7,2024-01-07,Cash,Shipped,75.33
3010,815,20,2025-10-24,Credit Card,Delivered,230.45
3011,805,4,2025-06-21,Net Banking,Delivered,142.65
3012,703,12,2024-01-05,Net Banking,Delivered,62.35
3013,516,14,2024-04-24,Credit Card,Delivered,109.79
3014,84,19,2025-07-17,Debit Card,Delivered,137.39
3015,172,4,2025-04-26,Cash,Delivered,49.34
3016,769,11,2024-02-21,Credit Card,Delivered,200.77
3017,619,7,2025-12-17,UPI,Delivered,118.84
3018,521,19,2024-06-07,Cash,Processing,208.78
3019,340,10,2024-10-09,UPI,Delivered,249.04
3020,173,16,2024-05-21,Credit Card,Delivered,77.3
3021,630,10,2024-08-06,Net Banking,Delivered,234.59
3022,139,5,2024-08-22,UPI,Delivered,98.26
3023,286,7,2025-05-13,Credit Card,Cancelled,220.65
3024,68,14,2024-04-22,Debit Card,Delivered,189.21
3025,11,5,2025-12-18,UPI,Delivered,173.15
3026,284,5,2024-02-21,Credit Card,Processing,67.42
3027,510,12,2025-03-25,Credit Card,Delivered,61.68
3028,736,7,2025-01-16,UPI,Processing,199.45
3029,96,14,2025-05-30,Debit Card,Processing,125.5
3030,202,1,2025-02-09,UPI,Delivered,206.54
3031,958,15,2024-08-24,Cash,Delivered,123.56
3032,99,20,2025-08-21,Net Banking,Delivered,201.26
3033,24,6,2025-12-01,Net Banking,Delivered,183.35
3034,761,3,2025-12-03,Cash,Delivered,221.69
3035,882,6,2024-02-11,Net Banking,Shipped,151.49
3036,967,1,2024-05-02,Debit Card,Delivered,242.73
3037,841,9,2025-07-08,UPI,Delivered,122.3
3038,582,3,2024-06-03,Credit Card,Cancelled,128.16
3039,514,2,2024-01-15,Debit Card,Delivered,225.81
3040,862,13,2025-03-03,Cash,Returned,224.17
3041,393,8,2024-02-11,Cash,Cancelled,57.66
3042,824,13,2025-06-08,Debit Card,Delivered,103.67
3043,798,9,2024-10-20,Debit Card,Delivered,132.6
3044,401,7,2025-03-17,Debit Card,Delivered,79.6
3045,582,14,2024-08-18,Debit Card,Delivered,175.92
3046,172,15,2025-01-20,Credit Card,Delivered,75.48
3047,445,4,2024-05-17,UPI,Delivered,70.84
3048,805,14,2024-08-09,Credit Card,Cancelled,195.16
3049,569,11,2025-11-01,Debit Card,Delivered,61.3
3050,871,17,2025-06-11,UPI,Delivered,143.53
3051,974,20,2025-08-31,UPI,Shipped,235.36
3052,655,8,2024-05-31,Debit Card,Cancelled,189.36
3053,616,19,2025-11-04,Cash,Delivered,82.21
3054,825,8,2024-12-12,Credit Card,Shipped,242.11
3055,970,15,2024-10-15,Credit Card,Processing,180.01
3056,545,8,2025-01-08,Credit Card,Delivered,239.34
3057,829,8,2024-02-05,UPI,Delivered,215.24
3058,542,16,2025-11-15,Cash,Delivered,245.83
3059,379,15,2024-09-30,Cash,Cancelled,158.38
3060,512,11,2024-10-02,Cash,Delivered,189.54
3061,740,11,2024-10-01,Credit Card,Delivered,90.39
3062,578,16,2025-01-14,Debit Card,Delivered,235.55
3063,796,17,2025-08-31,Cash,Returned,53.35
3064,928,9,2024-08-01,Credit Card,Delivered,112.08
3065,23,18,2025-01-13,UPI,Delivered,234.31
3066,940,10,2025-09-25,Net Banking,Delivered,111.76
3067,611,5,2025-02-12,Debit Card,Shipped,117.96
3068,407,10,2025-01-25,Cash,Delivered,219.22
3069,14,15,2024-09-02,Debit Card,Delivered,117.27
3070,122,9,2025-08-25,Credit Card,Delivered,235.96
3071,54,9,2024-10-19,Net Banking,Delivered,92.04
3072,964,14,2024-06-10,UPI,Delivered,106.51
3073,219,2,2024-11-12,Cash,Delivered,86.2
3074,232,4,2025-04-13,UPI,Delivered,175.58
3075,508,17,2024-05-04,Debit Card,Cancelled,69.84
3076,82,12,2024-05-03,Net Banking,Delivered,232.39
3077,288,11,2025-07-24,Credit Card,Delivered,211.29
3078,287,6,2025-11-04,Cash,Processing,146.15
3079,266,9,2025-04-16,Cash,Delivered,144.42
3080,989,6,2025-10-20,UPI,Delivered,126.29
3081,897,5,2024-12-15,Credit Card,Cancelled,137.19
3082,592,14,2024-05-15,Cash,Delivered,125.41
3083,480,1,2024-07-18,UPI,Delivered,53.01
3084,948,12,2024-02-17,Credit Card,Processing,235.81
3085,26,12,2024-03-05,Debit Card,Delivered,178.24
3086,38,1,2024-02-16,Credit Card,Delivered,183.31
3087,68,10,2024-05-11,Credit Card,Delivered,179.14
3088,123,14,2024-07-18,UPI,Delivered,87.61
3089,709,4,2025-08-10,Credit Card,Shipped,151.11
3090,711,3,2025-10-04,Cash,Returned,230.77
3091,125,7,2024-07-22,Cash,Delivered,113.72
3092,531,13,2024-06-06,Credit Card,Cancelled,45.63
3093,191,19,2025-10-22,Cash,Shipped,112.23
3094,990,20,2025-01-17,Debit Card,Processing,220.56
3095,219,8,2025-11-30,Credit Card,Delivered,174.39
3096,233,20,2025-03-29,Credit Card,Processing,166.71
3097,2,10,2024-06-27,Debit Card,Processing,185.15
3098,801,12,2024-08-15,Credit Card,Delivered,128.88
3099,520,12,2024-03-30,UPI,Delivered,59.24
3100,565,15,2024-02-20,UPI,Delivered,121.71
3101,807,4,2025-05-24,Net Banking,Processing,214.25
3102,391,2,2024-07-23,UPI,Delivered,66.18
3103,103,12,2025-02-09,Net Banking,Delivered,242.18
3104,574,6,2025-11-25,UPI,Returned,143.53
3105,446,9,2025-10-07,Net Banking,Processing,203.66
3106,206,11,2025-05-04,Cash,Shipped,67.52
3107,994,7,2024-08-02,Credit Card,Delivered,73.89
3108,521,1,2025-12-30,UPI,Shipped,101.33
3109,355,18,2024-06-06,Net Banking,Delivered,211.29
3110,647,6,2025-12-02,Credit Card,Shipped,114.29
3111,387,6,2024-02-28,Net Banking,Returned,110.88
3112,672,2,2025-01-15,Cash,Delivered,228.39
3113,886,8,2025-05-05,UPI,Processing,64.1
3114,279,13,2024-02-26,Cash,Delivered,213.81
3115,498,11,2024-01-07,Credit Card,Processing,239.45
3116,669,18,2024-05-04,Debit Card,Delivered,226.58
3117,226,13,2024-03-14,Credit Card,Delivered,52.04
3118,680,13,2024-10-20,Credit Card,Delivered,191.22
3119,375,13,2025-11-03,UPI,Delivered,98.14
3120,47,12,2025-05-02,Debit Card,Delivered,55.27
3121,960,3,2024-06-27,Debit Card,Delivered,245.24
3122,74,3,2024-10-01,Net Banking,Shipped,181.38
3123,439,9,2024-12-03,UPI,Delivered,180.81
3124,739,13,2025-08-13,Net Banking,Returned,164.1
3125,561,16,2025-04-06,Debit Card,Processing,52.64
3126,831,5,2024-01-01,UPI,Delivered,131.27
3127,683,1,2024-06-11,UPI,Delivered,176.93
3128,140,3,2024-04-08,Credit Card,Delivered,237.57
3129,250,14,2025-08-08,Net Banking,Delivered,151.72
3130,465,13,2025-10-24,UPI,Delivered,149.88
3131,76,6,2024-08-08,Cash,Delivered,141.61
3132,818,20,2024-03-22,Credit Card,Delivered,176.93
3133,783,1,2025-11-22,Cash,Returned,186.05
3134,548,20,2025-06-27,Cash,Delivered,128.27
3135,861,7,2024-08-30,Net Banking,Cancelled,186.64
3136,208,4,2024-11-12,Net Banking,Delivered,201.69
3137,317,7,2024-12-02,UPI,Returned,181.14
3138,653,11,2025-08-15,Credit Card,Delivered,70.39
3139,124,19,2024-06-11,UPI,Delivered,44.94
3140,498,13,2024-12-23,Debit Card,Returned,158.24
3141,819,10,2025-04-12,Cash,Delivered,50.49
3142,431,18,2024-05-23,Cash,Delivered,104.93
3143,781,14,2025-11-12,Cash,Delivered,160.2
3144,461,10,2025-08-30,UPI,Delivered,82.27
3145,437,2,2024-12-21,Debit Card,Processing,46.94
3146,251,12,2025-02-20,Debit Card,Delivered,138.75
3147,603,13,2024-02-08,Debit Card,Delivered,169.46
3148,452,3,2025-04-20,UPI,Processing,158.74
3149,141,19,2025-01-01,Cash,Delivered,83.24
3150,380,19,2025-12-12,Cash,Shipped,77.64
3151,113,6,2024-12-24,Net Banking,Delivered,126.84
3152,437,10,2024-07-30,Credit Card,Returned,219.2
3153,297,17,2025-09-20,Net Banking,Processing,216.5
3154,627,13,2024-12-09,Debit Card,Cancelled,126.93
3155,254,10,2025-03-21,Debit Card,Shipped,223.68
3156,764,8,2024-10-26,Debit Card,Shipped,204.97
3157,627,4,2024-11-08,Cash,Delivered,166.73
3158,772,20,2024-09-07,Credit Card,Processing,238.4
3159,283,19,2024-09-21,Cash,Delivered,160.73
3160,899,14,2024-10-03,Debit Card,Delivered,199.4
3161,717,18,2025-11-04,Credit Card,Delivered,50.03
3162,513,14,2024-12-02,Credit Card,Delivered,140.18
3163,590,18,2024-08-11,Net Banking,Delivered,236.09
3164,256,6,2024-04-12,UPI,Returned,249.52
3165,457,5,2025-08-07,UPI,Delivered,64.18
3166,780,2,2025-05-05,Cash,Delivered,228.84
3167,357,7,2025-06-15,Debit Card,Delivered,204.72
3168,345,16,2025-01-14,Net Banking,Delivered,203.33
3169,251,1,2024-02-08,UPI,Delivered,159.0
3170,391,3,2024-11-07,Credit Card,Shipped,86.92
3171,843,1,2024-02-25,Credit Card,Processing,223.67
3172,140,4,2024-04-19,Credit Card,Shipped,136.91
3173,886,12,2025-02-06,Net Banking,Shipped,122.24
3174,597,11,2024-12-04,Cash,Returned,156.63
3175,995,3,2025-03-16,Net Banking,Delivered,238.32
3176,723,12,2024-09-24,Net Banking,Delivered,94.47
3177,407,13,2024-12-01,Credit Card,Delivered,86.79
3178,564,12,2025-07-09,UPI,Processing,102.29
3179,196,14,2024-07-06,Credit Card,Cancelled,195.58
3180,879,8,2024-02-04,Credit Card,Delivered,101.48
3181,417,7,2024-09-28,UPI,Delivered,88.72
3182,732,19,2025-04-06,Cash,Delivered,185.56
3183,406,18,2025-11-04,UPI,Delivered,206.21
3184,322,5,2025-10-28,Net Banking,Processing,120.1
3185,983,2,2025-08-19,Credit Card,Processing,177.3
3186,679,16,2025-10-24,Cash,Processing,53.53
3187,193,2,2024-09-26,Debit Card,Delivered,106.89
3188,234,18,2024-06-07,Debit Card,Cancelled,74.31
3189,625,9,2025-07-26,Cash,Delivered,78.05
3190,748,6,2024-12-10,Credit Card,Delivered,149.27
3191,639,8,2024-06-05,UPI,Delivered,68.23
3192,588,4,2025-02-14,Credit Card,Delivered,42.09
3193,225,7,2024-01-23,Debit Card,Delivered,132.6
3194,126,14,2025-12-09,Cash,Delivered,211.31
3195,877,14,2025-03-24,Credit Card,Shipped,168.03
3196,769,11,2024-12-21,Credit Card,Processing,51.9
3197,658,12,2024-10-11,Credit Card,Delivered,237.73
3198,933,8,2024-06-26,Net Banking,Delivered,94.25
3199,175,8,2025-05-14,UPI,Delivered,190.52
3200,48,5,2024-05-14,Net Banking,Delivered,54.3
3201,829,1,2025-08-18,UPI,Delivered,74.24
3202,678,5,2024-06-16,Debit Card,Delivered,118.39
3203,834,14,2025-03-25,Debit Card,Delivered,154.76
3204,852,16,2024-04-14,Cash,Delivered,94.69
3205,638,20,2024-04-18,Credit Card,Cancelled,50.51
3206,656,18,2025-01-03,Credit Card,Delivered,233.3
3207,808,16,2024-06-06,Credit Card,Delivered,223.16
3208,185,5,2024-03-06,Debit Card,Delivered,208.56
3209,801,11,2025-08-21,Cash,Delivered,152.09
3210,261,17,2025-12-30,Credit Card,Cancelled,141.95
3211,193,15,2025-10-04,Net Banking,Shipped,56.02
3212,103,5,2024-07-09,UPI,Delivered,49.9
3213,469,17,2025-06-27,UPI,Delivered,112.8
3214,567,14,2025-12-05,Net Banking,Delivered,232.43
3215,466,2,2024-03-16,Cash,Delivered,47.57
3216,955,8,2025-10-06,Net Banking,Delivered,61.75
3217,633,9,2025-09-26,Debit Card,Delivered,106.85
3218,506,4,2024-04-22,Credit Card,Delivered,230.12
3219,767,9,2025-02-01,Credit Card,Delivered,135.42
3220,22,12,2024-06-16,Debit Card,Delivered,63.73
3221,386,11,2024-06-29,Debit Card,Delivered,175.67
3222,931,7,2024-07-15,UPI,Delivered,211.46
3223,1000,10,2024-07-26,Debit Card,Delivered,224.21
3224,313,17,2024-01-19,Net Banking,Delivered,165.84
3225,13,9,2024-12-04,Cash,Delivered,74.9
3226,629,13,2025-01-18,Net Banking,Delivered,54.99
3227,195,15,2024-11-16,Cash,Delivered,187.42
3228,407,14,2024-07-05,Credit Card,Delivered,224.31
3229,425,8,2024-11-20,Debit Card,Delivered,233.47
3230,327,6,2025-04-30,Credit Card,Cancelled,159.12
3231,429,3,2024-01-18,Cash,Delivered,57.58
3232,138,1,2025-09-11,Debit Card,Delivered,234.76
3233,607,10,2024-06-03,UPI,Delivered,234.05
3234,224,2,2025-02-24,Credit Card,Delivered,106.32
3235,718,19,2025-11-11,Cash,Delivered,91.32
3236,738,5,2025-11-15,Cash,Delivered,170.71
3237,681,6,2024-10-30,UPI,Delivered,55.96
3238,266,20,2025-11-10,Net Banking,Delivered,180.45
3239,100,7,2024-12-13,Credit Card,Shipped,86.84
3240,779,2,2025-07-05,UPI,Delivered,152.23
3241,722,6,2024-08-17,UPI,Processing,57.58
3242,97,6,2024-06-04,UPI,Delivered,102.18
3243,934,4,2025-11-09,Debit Card,Delivered,222.64
3244,428,18,2025-07-10,Cash,Returned,102.57
3245,107,19,2024-01-09,UPI,Delivered,95.05
3246,60,13,2025-07-04,Debit Card,Returned,197.52
3247,1,2,2025-11-20,Cash,Delivered,234.89
3248,453,17,2025-05-24,Cash,Delivered,105.87
3249,795,13,2024-12-01,Cash,Delivered,222.75
3250,794,4,2024-11-14,Net Banking,Delivered,67.15
3251,675,6,2024-10-30,UPI,Delivered,190.12
3252,829,5,2025-03-22,Credit Card,Delivered,78.43
3253,707,3,2024-11-08,UPI,Delivered,168.46
3254,223,4,2025-06-28,Debit Card,Shipped,236.91
3255,792,4,2025-08-04,UPI,Delivered,169.15
3256,846,14,2024-06-06,Net Banking,Delivered,245.12
3257,590,17,2024-10-11,UPI,Delivered,147.87
3258,114,18,2024-07-22,UPI,Delivered,223.79
3259,420,1,2025-03-08,Credit Card,Shipped,53.1
3260,959,7,2024-12-22,Credit Card,Delivered,80.61
3261,194,4,2025-02-09,UPI,Delivered,49.75
3262,277,8,2024-07-02,Net Banking,Processing,155.46
3263,958,12,2024-01-02,Net Banking,Delivered,234.23
3264,176,19,2025-09-22,Net Banking,Delivered,134.73
3265,715,14,2025-06-30,Credit Card,Processing,198.82
3266,879,8,2024-09-06,Credit Card,Processing,248.52
3267,904,17,2024-07-30,Net Banking,Processing,181.37
3268,220,16,2024-07-27,Cash,Cancelled,57.49
3269,651,4,2024-12-10,Net Banking,Cancelled,197.51
3270,182,13,2025-02-16,Cash,Delivered,131.15
3271,989,4,2024-11-08,UPI,Returned,79.87
3272,518,6,2025-11-10,Credit Card,Cancelled,190.55
3273,102,18,2024-06-05,Net Banking,Shipped,87.0
3274,473,20,2024-07-10,UPI,Delivered,108.33
3275,21,13,2025-12-18,Cash,Delivered,59.94
3276,433,12,2024-02-14,Net Banking,Delivered,173.31
3277,536,4,2025-07-05,Debit Card,Delivered,55.76
3278,479,20,2024-05-10,Cash,Returned,64.52
3279,712,4,2025-05-30,Debit Card,Returned,127.99
3280,659,8,2025-06-30,Net Banking,Delivered,113.49
3281,183,1,2025-05-24,Credit Card,Shipped,119.14
3282,977,13,2025-12-13,Net Banking,Delivered,75.87
3283,589,4,2024-12-28,Credit Card,Delivered,82.87
3284,520,19,2025-09-23,Net Banking,Processing,74.13
3285,229,20,2024-11-29,Debit Card,Delivered,171.94
3286,783,15,2024-01-10,Debit Card,Processing,161.66
3287,24,15,2025-09-14,Debit Card,Delivered,69.97
3288,422,14,2025-09-24,Net Banking,Returned,103.95
3289,588,20,2025-03-24,Cash,Delivered,158.11
3290,801,20,2025-07-20,Cash,Delivered,182.74
3291,573,12,2024-09-18,Net Banking,Processing,99.69
3292,78,17,2024-10-09,Credit Card,Processing,208.42
3293,116,14,2024-11-05,Cash,Delivered,216.17
3294,967,11,2025-06-15,Credit Card,Delivered,162.12
3295,110,13,2025-06-30,Debit Card,Shipped,152.08
3296,297,11,2024-09-28,UPI,Shipped,75.0
3297,528,13,2025-10-17,UPI,Delivered,75.89
3298,168,13,2024-02-02,Credit Card,Returned,48.21
3299,297,18,2025-02-13,Net Banking,Cancelled,43.8
3300,184,9,2025-07-11,Net Banking,Processing,115.3
3301,789,8,2024-04-16,UPI,Delivered,153.32
3302,195,2,2025-07-22,Debit Card,Delivered,180.02
3303,565,8,2025-07-07,Net Banking,Delivered,139.48
3304,567,12,2024-04-18,Cash,Returned,89.68
3305,948,15,2024-06-01,Debit Card,Cancelled,49.92
3306,48,12,2024-08-05,Cash,Shipped,124.69
3307,910,20,2025-08-29,Debit Card,Delivered,43.63
3308,397,10,2025-01-01,UPI,Delivered,201.12
3309,846,15,2024-07-15,Net Banking,Delivered,228.41
3310,443,15,2024-10-28,Net Banking,Delivered,199.85
3311,670,4,2024-01-20,Net Banking,Delivered,127.03
3312,823,2,2025-10-20,UPI,Delivered,197.53
3313,382,4,2025-03-13,UPI,Delivered,232.98
3314,973,9,2024-11-06,Credit Card,Delivered,237.01
3315,496,9,2025-02-06,Debit Card,Returned,157.31
3316,839,12,2025-02-14,Credit Card,Delivered,48.11
3317,807,5,2024-05-25,UPI,Delivered,112.28
3318,447,16,2025-09-03,Credit Card,Delivered,129.35
3319,189,6,2024-07-01,UPI,Delivered,109.67
3320,955,10,2024-08-08,Cash,Shipped,94.31
3321,492,13,2024-11-10,Debit Card,Delivered,183.79
3322,382,20,2024-11-29,Credit Card,Delivered,108.51
3323,869,8,2024-04-08,Net Banking,Delivered,41.28
3324,993,5,2024-03-24,Debit Card,Delivered,113.02
3325,171,20,2024-04-14,UPI,Delivered,92.32
3326,675,6,2024-05-10,UPI,Cancelled,54.28
3327,243,5,2025-04-28,Cash,Delivered,129.38
3328,549,18,2024-10-04,Credit Card,Delivered,156.69
3329,692,11,2025-12-30,Net Banking,Delivered,78.0
3330,313,6,2025-11-15,Debit Card,Delivered,220.44
3331,416,4,2024-04-13,Net Banking,Delivered,117.33
3332,460,3,2024-03-27,UPI,Delivered,50.97
3333,49,12,2025-10-14,Debit Card,Delivered,94.25
3334,315,9,2025-04-10,Cash,Delivered,116.89
3335,366,5,2024-08-07,Debit Card,Delivered,151.07
3336,115,15,2024-10-29,UPI,Delivered,103.06
3337,471,7,2025-08-07,Debit Card,Delivered,229.27
3338,38,11,2024-07-27,Credit Card,Delivered,152.21
3339,200,4,2024-08-15,Net Banking,Delivered,57.46
3340,705,7,2024-03-11,Credit Card,Processing,149.44
3341,187,14,2025-09-07,UPI,Delivered,146.27
3342,832,18,2024-06-28,UPI,Delivered,76.56
3343,487,7,2025-07-10,UPI,Delivered,156.52
3344,324,3,2024-07-07,Debit Card,Delivered,133.49
3345,419,11,2024-11-09,Credit Card,Cancelled,193.08
3346,832,17,2025-05-09,UPI,Delivered,158.55
3347,365,14,2024-04-19,Cash,Delivered,98.64
3348,509,3,2025-01-25,Cash,Delivered,119.57
3349,607,13,2024-06-15,Net Banking,Cancelled,247.26
3350,215,13,2024-08-17,Credit Card,Delivered,160.87
3351,645,14,2025-01-20,Debit Card,Returned,111.71
3352,602,19,2025-09-16,Net Banking,Shipped,184.79
3353,50,18,2024-04-24,Net Banking,Delivered,140.74
3354,18,18,2025-08-14,Credit Card,Processing,183.59
3355,168,4,2024-12-14,UPI,Delivered,126.02
3356,298,10,2025-06-18,Credit Card,Delivered,121.87
3357,796,17,2025-06-10,Debit Card,Delivered,237.22
3358,630,15,2025-11-17,Net Banking,Delivered,75.85
3359,844,16,2025-01-14,Debit Card,Delivered,159.91
3360,130,17,2025-06-16,UPI,Processing,50.78
3361,74,15,2024-05-26,Net Banking,Delivered,153.15
3362,919,3,2025-11-07,Credit Card,Delivered,153.49
3363,624,15,2025-10-16,UPI,Delivered,234.51
3364,542,10,2025-08-17,Debit Card,Cancelled,210.29
3365,814,7,2024-09-29,Cash,Delivered,223.51
3366,401,17,2025-06-19,UPI,Delivered,192.49
3367,31,7,2025-10-15,Net Banking,Delivered,197.92
3368,117,3,2025-07-03,Net Banking,Delivered,247.08
3369,855,18,2025-05-18,UPI,Delivered,232.45
3370,12,1,2025-08-13,Net Banking,Delivered,221.96
3371,646,6,2025-08-09,UPI,Delivered,161.19
3372,324,5,2025-01-14,Net Banking,Processing,234.17
3373,213,8,2025-08-22,Debit Card,Delivered,214.1
3374,763,17,2024-11-16,Net Banking,Shipped,198.45
3375,985,1,2025-04-20,Debit Card,Delivered,181.4
3376,765,4,2024-01-21,UPI,Delivered,205.33
3377,11,8,2024-03-22,Net Banking,Delivered,160.44
3378,315,5,2025-04-30,Debit Card,Delivered,91.1
3379,44,19,2025-03-12,UPI,Delivered,108.9
3380,817,4,2025-07-01,Net Banking,Shipped,48.97
3381,63,5,2024-12-01,Debit Card,Delivered,136.82
3382,72,11,2025-02-14,Net Banking,Delivered,119.61
3383,144,15,2025-02-15,UPI,Delivered,113.22
3384,411,19,2025-09-05,Credit Card,Delivered,90.82
3385,62,1,2025-09-25,Debit Card,Delivered,244.84
3386,93,12,2025-03-16,Debit Card,Delivered,91.73
3387,343,13,2025-10-28,Cash,Delivered,142.34
3388,366,12,2024-07-09,UPI,Delivered,100.94
3389,980,20,2025-02-06,UPI,Delivered,216.05
3390,483,16,2024-09-02,Credit Card,Delivered,219.6
3391,609,14,2025-07-11,Cash,Delivered,112.05
3392,303,6,2024-09-12,Net Banking,Delivered,209.52
3393,71,14,2024-09-19,UPI,Delivered,62.02
3394,473,11,2025-12-14,Credit Card,Delivered,223.16
3395,942,10,2025-10-12,Cash,Processing,49.0
3396,987,4,2025-01-17,UPI,Delivered,157.65
3397,139,16,2024-01-02,Credit Card,Delivered,69.97
3398,214,14,2025-03-05,Credit Card,Cancelled,146.91
3399,270,9,2024-04-14,Debit Card,Delivered,151.06
3400,236,19,2025-08-15,Debit Card,Shipped,234.58
3401,422,19,2025-08-12,UPI,Delivered,124.45
3402,775,20,2025-12-12,UPI,Delivered,76.36
3403,782,9,2025-07-03,Net Banking,Delivered,200.7
3404,773,12,2024-11-23,UPI,Processing,89.8
3405,551,15,2024-12-02,Credit Card,Processing,65.89
3406,910,7,2024-09-29,UPI,Delivered,129.21
3407,983,18,2025-07-20,UPI,Shipped,199.09
3408,795,2,2024-10-04,Credit Card,Delivered,83.74
3409,779,17,2025-05-30,UPI,Delivered,83.16
3410,454,12,2025-04-26,Net Banking,Delivered,89.15
3411,291,16,2025-02-18,Cash,Delivered,92.72
3412,735,1,2024-08-26,Net Banking,Delivered,231.76
3413,198,17,2024-12-23,Cash,Returned,79.12
3414,406,5,2024-05-10,Debit Card,Delivered,75.04
3415,947,9,2024-02-10,UPI,Delivered,75.78
3416,916,3,2024-08-26,Net Banking,Delivered,177.0
3417,473,5,2025-04-06,UPI,Delivered,98.69
3418,58,16,2024-01-21,Net Banking,Processing,97.14
3419,221,6,2025-08-01,Debit Card,Delivered,203.96
3420,659,3,2025-07-18,UPI,Delivered,190.06
3421,102,5,2024-11-12,Credit Card,Shipped,154.24
3422,29,19,2025-04-21,Net Banking,Delivered,196.33
3423,887,19,2024-09-18,Cash,Delivered,77.27
3424,508,10,2024-03-21,Credit Card,Delivered,42.94
3425,662,7,2025-12-11,Credit Card,Delivered,62.66
3426,53,2,2025-09-28,Credit Card,Delivered,150.43
3427,705,13,2024-04-11,Credit Card,Delivered,42.52
3428,409,15,2025-07-13,Credit Card,Delivered,235.29
3429,33,20,2024-02-05,Debit Card,Shipped,89.65
3430,739,5,2025-02-28,UPI,Delivered,81.28
3431,598,1,2025-07-10,UPI,Delivered,139.92
3432,31,2,2024-11-16,UPI,Delivered,68.68
3433,989,1,2025-07-30,UPI,Shipped,85.4
3434,92,7,2025-04-17,UPI,Delivered,76.05
3435,112,7,2024-04-05,Net Banking,Processing,158.94
3436,484,3,2025-06-05,Cash,Delivered,78.98
3437,824,9,2024-01-26,Debit Card,Processing,189.09
3438,762,14,2024-10-13,UPI,Returned,63.3
3439,561,3,2024-06-20,Cash,Processing,135.51
3440,251,14,2024-11-09,UPI,Returned,70.39
3441,778,10,2024-08-18,Debit Card,Processing,235.44
3442,189,12,2024-05-14,Credit Card,Delivered,123.44
3443,351,6,2024-05-27,Credit Card,Cancelled,96.67
3444,146,1,2024-03-25,Net Banking,Delivered,195.8
3445,817,16,2025-04-01,Credit Card,Delivered,44.75
3446,188,14,2025-11-21,Debit Card,Delivered,87.18
3447,482,14,2024-05-13,UPI,Delivered,166.56
3448,738,18,2024-11-03,UPI,Returned,182.2
3449,971,12,2024-10-03,Debit Card,Delivered,113.66
3450,38,5,2025-01-26,UPI,Delivered,180.16
3451,979,18,2024-11-23,Net Banking,Cancelled,59.09
3452,554,13,2025-03-16,Debit Card,Shipped,208.49
3453,262,16,2025-02-27,Net Banking,Delivered,224.55
3454,691,14,2025-06-10,Credit Card,Delivered,119.67
3455,930,1,2024-03-01,Net Banking,Delivered,105.51
3456,25,17,2024-09-22,Credit Card,Delivered,178.04
3457,579,4,2024-03-31,Net Banking,Delivered,101.23
3458,134,3,2025-08-03,Cash,Delivered,50.57
3459,755,17,2025-08-07,Credit Card,Delivered,242.01
3460,131,7,2025-10-02,Debit Card,Returned,98.51
3461,523,14,2024-10-02,Debit Card,Delivered,239.62
3462,162,4,2025-05-31,Credit Card,Delivered,150.83
3463,281,14,2024-11-22,Credit Card,Delivered,219.69
3464,68,6,2024-06-21,Credit Card,Shipped,143.25
3465,888,1,2024-05-31,Debit Card,Cancelled,40.31
3466,780,7,2024-08-01,UPI,Delivered,43.82
3467,386,8,2025-06-15,Debit Card,Shipped,248.75
3468,246,19,2025-04-09,UPI,Delivered,40.71
3469,586,19,2025-06-17,UPI,Delivered,65.01
3470,24,19,2024-01-03,UPI,Delivered,198.12
3471,156,8,2025-10-04,Credit Card,Delivered,82.32
3472,760,19,2025-04-12,Net Banking,Cancelled,161.21
3473,758,20,2025-04-15,UPI,Delivered,153.77
3474,308,18,2024-12-10,UPI,Cancelled,221.99
3475,436,16,2025-07-14,Debit Card,Delivered,48.53
3476,944,20,2024-01-24,Net Banking,Delivered,183.7
3477,445,4,2024-09-12,UPI,Shipped,91.31
3478,85,4,2025-04-01,Net Banking,Processing,106.85
3479,619,18,2025-11-09,Debit Card,Delivered,109.24
3480,778,19,2024-05-24,Debit Card,Delivered,43.82
3481,267,1,2025-10-13,UPI,Delivered,108.03
3482,285,14,2024-09-01,Cash,Delivered,107.55
3483,622,20,2025-08-11,Debit Card,Delivered,227.02
3484,884,13,2024-10-06,Cash,Delivered,190.38
3485,60,18,2024-04-07,Credit Card,Delivered,175.23
3486,830,5,2024-01-17,Net Banking,Cancelled,184.63
3487,943,5,2024-06-04,Credit Card,Delivered,165.26
3488,992,1,2024-10-22,Credit Card,Returned,122.13
3489,544,12,2024-02-04,Net Banking,Processing,144.34
3490,333,5,2025-12-06,Cash,Delivered,231.68
3491,995,7,2025-10-14,Cash,Delivered,239.72
3492,353,15,2024-08-15,UPI,Delivered,58.31
3493,97,18,2025-09-26,Credit Card,Delivered,109.72
3494,119,14,2025-07-16,UPI,Delivered,205.12
3495,355,19,2024-12-01,UPI,Delivered,221.92
3496,118,2,2025-02-11,UPI,Delivered,76.31
3497,271,14,2024-02-26,Cash,Delivered,57.9
3498,249,17,2025-07-29,Credit Card,Delivered,46.22
3499,206,5,2024-06-28,Net Banking,Shipped,234.3
3500,71,12,2025-03-13,UPI,Delivered,177.52
3501,970,18,2024-09-27,Debit Card,Delivered,194.44
3502,770,11,2025-03-21,Credit Card,Returned,202.1
3503,320,13,2024-09-21,UPI,Returned,104.15
3504,916,5,2024-06-30,Cash,Delivered,85.94
3505,308,13,2025-10-11,UPI,Delivered,58.5
3506,8,12,2024-08-30,Cash,Shipped,207.7
3507,988,10,2024-07-28,Cash,Processing,94.49
3508,572,14,2024-12-24,UPI,Delivered,126.06
3509,168,11,2024-06-22,UPI,Shipped,66.51
3510,685,6,2025-04-14,Cash,Delivered,40.8
3511,868,14,2025-02-05,Cash,Cancelled,235.7
3512,976,5,2025-02-13,Credit Card,Delivered,56.08
3513,901,15,2025-09-28,Cash,Processing,132.82
3514,810,20,2024-10-03,Debit Card,Delivered,214.27
3515,164,19,2025-11-09,UPI,Delivered,115.94
3516,423,4,2024-02-07,Net Banking,Delivered,158.78
3517,997,5,2024-11-04,Credit Card,Delivered,221.46
3518,315,2,2024-08-02,Debit Card,Shipped,224.53
3519,561,5,2025-01-22,UPI,Delivered,110.62
3520,444,9,2025-10-14,Net Banking,Shipped,114.82
3521,263,19,2024-12-31,Credit Card,Delivered,123.93
3522,284,10,2025-12-08,UPI,Shipped,61.23
3523,628,16,2025-12-28,Credit Card,Delivered,56.86
3524,475,8,2024-05-30,UPI,Processing,130.1
3525,231,11,2024-11-10,Net Banking,Shipped,145.09
3526,826,6,2025-05-29,UPI,Delivered,98.22
3527,550,1,2025-03-05,Cash,Delivered,221.9
3528,356,4,2024-01-19,UPI,Returned,78.17
3529,835,12,2024-06-13,Debit Card,Delivered,197.45
3530,822,6,2024-03-25,Credit Card,Processing,64.88
3531,53,10,2025-02-15,Net Banking,Shipped,150.86
3532,844,8,2024-01-05,Cash,Delivered,189.84
3533,894,17,2025-10-19,Cash,Delivered,52.28
3534,64,7,2024-06-16,UPI,Delivered,155.66
3535,638,20,2025-08-29,UPI,Delivered,209.59
3536,961,1,2024-02-03,Credit Card,Delivered,236.73
3537,247,4,2024-04-29,Cash,Shipped,163.84
3538,781,18,2025-04-22,Cash,Delivered,197.34
3539,776,13,2025-10-07,Credit Card,Shipped,237.38
3540,733,20,2025-12-01,UPI,Shipped,94.26
3541,664,10,2025-08-18,Cash,Processing,109.02
3542,944,1,2025-01-08,UPI,Delivered,241.22
3543,229,11,2024-12-14,Net Banking,Delivered,65.07
3544,945,6,2025-04-28,Net Banking,Delivered,222.12
3545,536,1,2025-03-30,Cash,Delivered,138.28
3546,733,8,2024-02-27,Cash,Delivered,127.26
3547,29,18,2025-03-12,Net Banking,Delivered,169.27
3548,133,7,2024-06-07,Net Banking,Processing,163.5
3549,258,16,2025-01-28,Cash,Shipped,152.45
3550,347,8,2025-05-11,UPI,Delivered,128.04
3551,922,1,2024-04-18,Credit Card,Shipped,154.88
3552,741,18,2025-11-20,Debit Card,Shipped,137.76
3553,33,1,2025-05-27,Credit Card,Delivered,180.52
3554,199,5,2024-10-27,Credit Card,Processing,242.44
3555,994,4,2024-06-15,Cash,Delivered,205.76
3556,617,13,2025-01-28,Net Banking,Delivered,135.74
3557,683,16,2025-02-11,UPI,Delivered,132.92
3558,366,3,2025-11-30,Cash,Delivered,64.86
3559,871,12,2025-08-14,Credit Card,Delivered,51.53
3560,859,14,2024-04-28,Debit Card,Processing,121.56
3561,492,1,2024-01-05,Credit Card,Delivered,49.75
3562,536,9,2025-10-26,Credit Card,Delivered,84.5
3563,116,20,2025-12-12,Net Banking,Processing,161.36
3564,555,10,2024-10-22,Net Banking,Delivered,44.95
3565,935,4,2024-11-04,Cash,Delivered,209.99
3566,324,8,2024-01-16,UPI,Delivered,117.34
3567,387,16,2024-03-13,Debit Card,Shipped,190.0
3568,716,10,2025-02-01,Cash,Shipped,91.46
3569,889,20,2025-11-14,Debit Card,Delivered,155.49
3570,4,11,2024-04-05,UPI,Processing,224.9
3571,934,16,2024-10-09,Cash,Delivered,248.66
3572,518,19,2025-05-17,Cash,Processing,65.68
3573,253,18,2025-04-28,Debit Card,Delivered,200.63
3574,141,18,2024-04-23,UPI,Cancelled,230.6
3575,827,4,2024-12-03,Credit Card,Delivered,118.14
3576,510,17,2025-07-30,UPI,Delivered,94.52
3577,875,2,2025-01-20,Net Banking,Delivered,87.69
3578,20,5,2025-01-27,Debit Card,Shipped,131.38
3579,791,9,2025-01-13,Cash,Shipped,138.4
3580,367,3,2024-02-07,Cash,Delivered,136.75
3581,847,17,2024-03-03,Cash,Delivered,120.7
3582,773,16,2024-09-26,Net Banking,Returned,198.05
3583,681,2,2025-05-07,Credit Card,Delivered,106.79
3584,543,1,2024-08-21,Credit Card,Processing,102.27
3585,861,10,2024-03-15,Net Banking,Processing,188.19
3586,186,13,2025-11-18,UPI,Delivered,76.28
3587,790,13,2024-09-22,Net Banking,Delivered,70.98
3588,191,18,2025-04-06,Net Banking,Processing,249.38
3589,427,14,2025-04-04,Debit Card,Delivered,133.52
3590,700,7,2025-01-21,Credit Card,Delivered,54.2
3591,212,11,2025-12-24,Credit Card,Shipped,243.05
3592,488,14,2025-02-14,Credit Card,Delivered,66.33
3593,442,17,2025-06-25,Cash,Delivered,125.35
3594,711,1,2025-11-18,Debit Card,Delivered,236.59
3595,606,8,2025-02-06,Credit Card,Delivered,110.27
3596,797,8,2025-01-14,Debit Card,Delivered,205.52
3597,538,20,2025-12-04,Credit Card,Delivered,161.32
3598,980,11,2024-03-26,Net Banking,Processing,130.1
3599,796,1,2024-09-20,Debit Card,Delivered,177.81
3600,422,15,2024-11-25,UPI,Shipped,145.04
3601,512,11,2025-04-19,Debit Card,Delivered,131.63
3602,601,1,2024-03-19,Credit Card,Processing,150.66
3603,866,6,2024-05-30,Cash,Delivered,124.51
3604,467,7,2024-05-13,Credit Card,Delivered,76.97
3605,151,16,2025-10-20,UPI,Delivered,55.75
3606,851,12,2025-04-20,Cash,Delivered,65.35
3607,110,14,2025-05-18,Credit Card,Delivered,101.85
3608,905,18,2025-09-23,Debit Card,Delivered,96.32
3609,414,19,2025-07-19,Net Banking,Delivered,118.71
3610,856,14,2024-04-16,Net Banking,Delivered,162.75
3611,192,1,2024-07-02,Credit Card,Shipped,248.93
3612,814,18,2025-08-05,UPI,Delivered,245.65
3613,189,13,2024-09-29,Debit Card,Delivered,56.26
3614,560,1,2025-03-08,UPI,Delivered,225.54
3615,944,7,2024-01-20,UPI,Delivered,80.74
3616,910,11,2024-02-10,UPI,Cancelled,101.15
3617,214,6,2024-07-22,Cash,Processing,78.54
3618,386,19,2024-10-13,Credit Card,Processing,221.24
3619,164,19,2025-03-27,Debit Card,Shipped,130.98
3620,938,18,2024-09-04,UPI,Delivered,241.16
3621,760,13,2024-02-03,Debit Card,Delivered,72.82
3622,631,20,2024-12-24,Net Banking,Delivered,186.76
3623,756,20,2024-08-12,Credit Card,Delivered,187.15
3624,185,18,2025-05-20,UPI,Delivered,160.24
3625,228,12,2025-01-31,UPI,Delivered,202.2
3626,61,5,2025-03-15,Cash,Shipped,135.04
3627,340,6,2025-10-23,Cash,Processing,156.12
3628,365,7,2024-11-07,Net Banking,Delivered,170.92
3629,601,12,2025-10-03,UPI,Delivered,40.12
3630,446,10,2025-07-13,UPI,Delivered,143.98
3631,772,14,2025-01-07,UPI,Delivered,154.58
3632,733,4,2025-11-12,Net Banking,Returned,217.33
3633,48,6,2025-09-01,Credit Card,Shipped,229.86
3634,904,8,2024-11-02,Net Banking,Delivered,94.4
3635,936,2,2025-08-09,Net Banking,Delivered,228.74
3636,981,7,2024-12-22,Credit Card,Delivered,41.38
3637,251,12,2024-06-20,UPI,Delivered,210.01
3638,825,11,2025-10-29,Debit Card,Processing,52.47
3639,906,8,2025-09-25,Debit Card,Delivered,207.21
3640,920,2,2025-11-30,Credit Card,Processing,161.99
3641,828,18,2025-07-21,Debit Card,Delivered,83.71
3642,774,8,2024-07-17,Credit Card,Processing,101.85
3643,404,6,2024-09-09,Net Banking,Delivered,41.52
3644,28,12,2025-07-04,Net Banking,Shipped,153.06
3645,237,4,2025-10-22,Credit Card,Processing,205.62
3646,93,6,2024-10-03,Net Banking,Delivered,203.82
3647,403,11,2025-09-04,Net Banking,Delivered,68.12
3648,121,5,2024-02-27,Credit Card,Returned,124.31
3649,493,15,2024-03-18,Debit Card,Delivered,98.35
3650,929,1,2024-03-08,Cash,Delivered,202.72
3651,657,3,2024-10-01,Net Banking,Delivered,134.11
3652,816,4,2025-09-29,Net Banking,Delivered,123.06
3653,720,8,2024-03-18,UPI,Delivered,88.75
3654,132,14,2025-02-14,Debit Card,Delivered,71.74
3655,645,13,2025-06-04,Debit Card,Delivered,228.43
3656,719,1,2024-05-25,Net Banking,Delivered,134.2
3657,28,1,2024-08-22,Net Banking,Delivered,178.57
3658,925,9,2025-06-29,Debit Card,Processing,96.8
3659,171,4,2024-07-14,UPI,Delivered,88.36
3660,364,1,2024-12-05,Debit Card,Delivered,84.08
3661,103,19,2024-05-22,UPI,Delivered,179.9
3662,530,15,2024-02-20,Cash,Cancelled,136.81
3663,268,15,2024-05-23,Net Banking,Returned,118.62
3664,881,5,2024-09-14,Credit Card,Returned,145.36
3665,726,9,2024-08-29,Debit Card,Shipped,153.34
3666,605,6,2024-04-22,UPI,Delivered,153.97
3667,43,14,2025-05-19,Cash,Delivered,214.2
3668,985,7,2024-07-22,Credit Card,Shipped,163.67
3669,441,12,2025-07-25,UPI,Delivered,169.68
3670,170,11,2024-02-28,Cash,Shipped,179.76
3671,282,2,2025-03-19,Net Banking,Delivered,145.73
3672,753,17,2025-01-02,Net Banking,Delivered,195.15
3673,997,11,2024-06-24,Cash,Shipped,140.34
3674,808,6,2025-02-18,UPI,Shipped,95.89
3675,129,19,2025-05-08,Credit Card,Delivered,234.04
3676,896,11,2025-10-14,Debit Card,Delivered,162.98
3677,569,6,2024-06-21,Credit Card,Delivered,113.58
3678,547,6,2024-04-18,Debit Card,Shipped,179.37
3679,416,6,2025-10-12,Debit Card,Delivered,156.02
3680,604,9,2024-07-12,Credit Card,Delivered,59.03
3681,812,6,2024-06-22,Credit Card,Cancelled,58.31
3682,588,6,2025-08-06,Net Banking,Delivered,42.82
3683,671,14,2025-12-20,Cash,Delivered,185.66
3684,138,14,2024-02-10,Cash,Delivered,232.9
3685,848,2,2024-12-16,Net Banking,Delivered,80.78
3686,489,10,2024-03-09,UPI,Delivered,88.64
3687,52,3,2024-03-17,Net Banking,Delivered,117.85
3688,552,20,2024-07-24,Credit Card,Delivered,102.55
3689,96,3,2025-04-19,Net Banking,Delivered,218.96
3690,48,14,2025-12-12,UPI,Cancelled,70.15
3691,675,2,2025-05-12,Debit Card,Delivered,124.05
3692,767,14,2025-12-02,UPI,Delivered,131.54
3693,401,10,2024-05-12,Credit Card,Shipped,189.78
3694,11,1,2024-12-28,Net Banking,Delivered,137.24
3695,278,14,2024-07-23,UPI,Delivered,129.38
3696,878,8,2024-05-30,UPI,Delivered,222.14
3697,806,14,2024-07-21,UPI,Delivered,236.74
3698,266,10,2025-09-24,UPI,Returned,102.93
3699,733,4,2024-07-23,Cash,Delivered,228.98
3700,120,7,2024-10-21,Cash,Delivered,138.67
3701,536,12,2025-02-01,Cash,Returned,227.8
3702,433,7,2024-02-02,Debit Card,Delivered,77.81
3703,839,9,2024-02-16,Cash,Processing,139.41
3704,103,17,2024-12-14,Net Banking,Delivered,249.58
3705,635,20,2025-05-21,Net Banking,Delivered,102.95
3706,43,6,2024-07-06,Debit Card,Delivered,133.51
3707,791,9,2024-09-30,UPI,Shipped,75.33
3708,354,14,2024-10-02,Debit Card,Shipped,145.21
3709,587,9,2025-02-02,Cash,Delivered,249.46
3710,368,10,2024-06-18,Net Banking,Delivered,87.33
3711,429,18,2024-05-20,Net Banking,Delivered,184.53
3712,203,17,2024-06-26,Cash,Shipped,95.91
3713,13,1,2025-10-30,Net Banking,Delivered,145.18
3714,641,11,2024-12-11,Cash,Shipped,96.26
3715,401,9,2024-04-03,Credit Card,Delivered,163.89
3716,856,2,2024-01-17,Net Banking,Shipped,140.16
3717,269,14,2024-03-20,UPI,Delivered,217.75
3718,421,4,2025-10-12,Debit Card,Delivered,146.09
3719,269,9,2025-06-19,Credit Card,Delivered,123.2
3720,85,18,2025-01-19,Cash,Processing,242.23
3721,900,14,2024-12-25,Debit Card,Processing,218.31
3722,696,13,2024-05-14,Credit Card,Delivered,234.17
3723,377,10,2024-03-09,UPI,Delivered,211.46
3724,585,2,2025-09-15,UPI,Delivered,139.83
3725,171,19,2025-12-13,UPI,Delivered,148.57
3726,42,15,2024-12-08,Net Banking,Delivered,100.91
3727,373,14,2024-08-29,Cash,Delivered,228.88
3728,723,8,2024-08-21,Cash,Delivered,129.21
3729,252,7,2025-06-05,UPI,Delivered,175.37
3730,217,1,2025-11-12,Cash,Delivered,206.21
3731,562,5,2024-05-03,Credit Card,Shipped,128.33
3732,934,19,2025-05-01,Debit Card,Shipped,169.0
3733,463,17,2025-06-08,Net Banking,Delivered,85.79
3734,693,20,2024-12-03,UPI,Delivered,197.8
3735,425,7,2025-08-09,Debit Card,Delivered,75.52
3736,711,20,2025-06-11,Net Banking,Shipped,247.36
3737,760,11,2024-01-25,Debit Card,Processing,217.21
3738,310,19,2025-10-14,Credit Card,Delivered,64.77
3739,61,9,2025-04-11,Net Banking,Delivered,187.03
3740,559,13,2024-03-20,Cash,Delivered,122.06
3741,860,2,2024-07-10,UPI,Delivered,74.2
3742,918,1,2025-11-23,Cash,Delivered,210.01
3743,182,17,2025-08-18,Net Banking,Delivered,248.99
3744,953,6,2025-07-03,Cash,Delivered,72.32
3745,331,7,2025-12-20,Credit Card,Delivered,136.08
3746,547,14,2024-01-07,Debit Card,Delivered,76.04
3747,299,6,2025-08-24,UPI,Delivered,186.05
3748,704,8,2025-07-02,UPI,Delivered,89.86
3749,310,20,2024-11-30,UPI,Delivered,115.35
3750,626,14,2025-08-02,Cash,Delivered,119.88
3751,66,20,2024-07-02,Debit Card,Processing,132.23
3752,377,9,2024-01-03,Net Banking,Delivered,241.3
3753,238,18,2024-10-05,Net Banking,Shipped,98.37
3754,832,2,2024-09-08,Credit Card,Shipped,185.68
3755,478,18,2024-03-18,UPI,Delivered,145.42
3756,396,13,2024-01-06,Debit Card,Delivered,182.34
3757,905,17,2024-12-17,Net Banking,Processing,199.31
3758,106,13,2024-02-23,Debit Card,Processing,161.99
3759,146,17,2025-11-04,UPI,Delivered,81.94
3760,794,2,2025-04-04,UPI,Delivered,236.75
3761,423,10,2024-06-08,UPI,Delivered,50.06
3762,526,18,2024-02-01,UPI,Delivered,228.63
3763,466,6,2024-03-08,Cash,Delivered,74.78
3764,564,6,2025-02-28,Debit Card,Processing,216.91
3765,771,1,2024-11-30,UPI,Delivered,148.43
3766,594,11,2025-11-06,Net Banking,Delivered,175.84
3767,283,3,2025-10-08,UPI,Delivered,40.46
3768,702,4,2025-08-29,Net Banking,Processing,120.82
3769,176,16,2024-04-22,Cash,Delivered,43.27
3770,544,5,2024-02-03,UPI,Delivered,65.21
3771,651,6,2024-02-28,Cash,Delivered,229.28
3772,288,9,2024-09-27,Credit Card,Delivered,164.92
3773,667,6,2025-10-07,Debit Card,Delivered,149.6
3774,922,1,2025-05-11,UPI,Delivered,194.51
3775,830,5,2024-10-29,Debit Card,Delivered,224.15
3776,418,20,2024-08-08,UPI,Delivered,237.15
3777,980,8,2024-06-08,Cash,Delivered,41.88
3778,932,9,2025-07-18,Net Banking,Delivered,212.81
3779,61,8,2025-12-22,Net Banking,Delivered,199.82
3780,136,10,2024-01-01,Credit Card,Delivered,67.92
3781,316,2,2025-12-07,Debit Card,Delivered,186.66
3782,262,17,2025-03-11,UPI,Delivered,211.18
3783,798,9,2025-01-11,UPI,Returned,223.48
3784,279,17,2025-12-19,Net Banking,Delivered,113.98
3785,463,16,2025-08-06,Credit Card,Delivered,98.05
3786,410,14,2025-12-30,Credit Card,Returned,241.75
3787,439,2,2024-08-24,Cash,Delivered,137.35
3788,994,17,2025-10-01,Cash,Delivered,55.47
3789,596,10,2025-01-16,Net Banking,Processing,243.24
3790,927,6,2025-11-13,Credit Card,Shipped,239.78
3791,620,17,2024-07-09,Cash,Delivered,241.86
3792,635,5,2025-07-31,UPI,Delivered,123.61
3793,972,19,2025-04-09,Net Banking,Delivered,79.72
3794,387,20,2024-12-19,Net Banking,Cancelled,239.08
3795,841,5,2025-11-04,Net Banking,Cancelled,166.67
3796,254,7,2025-07-15,Debit Card,Shipped,194.31
3797,570,17,2025-02-13,Cash,Shipped,134.7
3798,382,14,2024-07-10,UPI,Delivered,91.88
3799,177,2,2025-06-21,Net Banking,Cancelled,209.57
3800,833,8,2025-09-14,UPI,Delivered,166.66
3801,1000,20,2024-07-13,UPI,Delivered,66.47
3802,31,1,2024-01-11,UPI,Delivered,50.43
3803,716,15,2025-11-05,Cash,Delivered,169.56
3804,980,10,2024-03-09,Credit Card,Processing,222.85
3805,73,7,2025-07-31,Debit Card,Delivered,82.87
3806,508,11,2025-08-11,Credit Card,Cancelled,217.16
3807,136,2,2025-04-26,Net Banking,Delivered,131.3
3808,853,13,2024-12-01,Debit Card,Delivered,205.04
3809,139,10,2025-12-15,UPI,Delivered,243.62
3810,155,2,2025-10-26,Net Banking,Delivered,110.74
3811,32,19,2024-08-25,Cash,Returned,129.9
3812,638,9,2024-04-14,Net Banking,Cancelled,124.14
3813,963,18,2025-08-05,UPI,Delivered,220.03
3814,547,5,2025-02-15,UPI,Delivered,178.37
3815,644,1,2024-09-08,Cash,Delivered,125.9
3816,441,19,2025-06-22,Debit Card,Returned,72.12
3817,938,10,2025-10-29,UPI,Delivered,207.03
3818,503,9,2024-11-10,UPI,Shipped,106.78
3819,673,7,2024-03-15,Cash,Delivered,106.31
3820,100,1,2025-02-18,UPI,Delivered,144.13
3821,174,3,2025-10-19,Cash,Returned,113.42
3822,430,3,2024-08-19,Net Banking,Shipped,77.66
3823,151,11,2024-02-16,Net Banking,Shipped,162.6
3824,605,7,2024-03-13,Net Banking,Delivered,84.09
3825,195,10,2024-02-11,Credit Card,Processing,218.87
3826,282,15,2024-11-13,Debit Card,Delivered,40.02
3827,506,14,2024-10-04,UPI,Delivered,241.34
3828,887,5,2025-03-01,Credit Card,Delivered,53.79
3829,709,16,2024-01-06,Cash,Delivered,203.25
3830,74,16,2025-09-14,UPI,Returned,184.49
3831,92,16,2024-12-31,Credit Card,Returned,74.96
3832,608,12,2025-07-05,UPI,Delivered,120.54
3833,38,20,2024-09-18,UPI,Delivered,114.34
3834,353,12,2024-01-02,Net Banking,Shipped,193.07
3835,329,15,2024-04-07,Debit Card,Delivered,208.16
3836,686,12,2025-02-05,Credit Card,Delivered,64.56
3837,49,16,2025-02-11,Cash,Delivered,99.86
3838,252,1,2025-08-24,Debit Card,Delivered,105.47
3839,283,1,2025-07-06,Credit Card,Delivered,205.58
3840,154,6,2025-07-13,UPI,Processing,45.07
3841,603,13,2024-08-02,Cash,Shipped,201.11
3842,245,17,2024-02-10,Debit Card,Cancelled,154.24
3843,701,9,2025-02-12,UPI,Delivered,152.18
3844,156,13,2024-01-13,Debit Card,Delivered,186.54
3845,995,13,2024-04-02,Debit Card,Delivered,188.95
3846,888,7,2024-07-30,Credit Card,Delivered,127.68
3847,57,7,2024-07-23,Net Banking,Returned,103.0
3848,516,17,2024-01-22,UPI,Shipped,216.49
3849,44,17,2025-05-14,Net Banking,Delivered,248.4
3850,611,6,2024-02-13,UPI,Returned,190.28
3851,717,20,2025-09-05,UPI,Delivered,191.81
3852,645,10,2025-12-10,Credit Card,Delivered,81.94
3853,831,13,2024-05-28,Cash,Delivered,110.41
3854,567,11,2024-10-09,Net Banking,Delivered,74.23
3855,247,6,2025-02-12,UPI,Delivered,177.8
3856,303,15,2024-02-03,Credit Card,Delivered,105.84
3857,927,16,2025-09-07,UPI,Delivered,239.91
3858,729,9,2025-01-07,Debit Card,Delivered,186.63
3859,885,18,2024-02-28,Credit Card,Cancelled,228.03
3860,455,3,2024-03-22,Debit Card,Delivered,55.42
3861,587,11,2025-09-24,Credit Card,Delivered,128.46
3862,824,13,2025-05-12,Cash,Delivered,125.56
3863,335,19,2024-09-11,Cash,Cancelled,116.29
3864,142,13,2024-01-14,UPI,Shipped,103.25
3865,383,16,2024-05-12,Net Banking,Cancelled,41.25
3866,530,13,2025-02-01,UPI,Delivered,210.65
3867,243,2,2025-02-06,Cash,Delivered,131.13
3868,380,2,2024-01-09,Credit Card,Shipped,226.29
3869,663,14,2024-03-30,Debit Card,Processing,171.01
3870,124,1,2025-08-24,Credit Card,Delivered,164.4
3871,61,8,2024-06-17,UPI,Delivered,68.4
3872,269,11,2025-09-14,Credit Card,Delivered,201.15
3873,776,12,2025-04-16,Net Banking,Delivered,165.47
3874,879,4,2024-08-24,Net Banking,Delivered,79.2
3875,43,2,2025-02-05,Net Banking,Shipped,130.38
3876,884,15,2024-05-16,Debit Card,Cancelled,238.98
3877,678,11,2024-10-29,Debit Card,Processing,246.11
3878,975,5,2025-08-27,UPI,Delivered,196.9
3879,289,10,2025-09-11,Debit Card,Delivered,59.02
3880,17,18,2025-07-24,UPI,Shipped,165.0
3881,645,12,2024-12-22,Net Banking,Delivered,226.13
3882,781,11,2024-10-16,Cash,Returned,72.95
3883,612,12,2024-06-20,Credit Card,Delivered,169.47
3884,323,14,2024-02-23,Cash,Delivered,243.6
3885,106,14,2025-02-22,Credit Card,Delivered,128.84
3886,11,10,2025-04-03,Cash,Processing,72.4
3887,924,13,2025-03-07,UPI,Delivered,114.2
3888,375,17,2024-03-05,Debit Card,Delivered,118.64
3889,698,1,2024-07-22,UPI,Delivered,182.67
3890,974,3,2025-10-12,Cash,Delivered,59.72
3891,56,12,2025-03-09,Net Banking,Delivered,52.99
3892,184,9,2024-05-12,Debit Card,Delivered,91.51
3893,315,15,2024-11-30,Net Banking,Delivered,189.03
3894,750,12,2024-09-27,Credit Card,Delivered,210.45
3895,962,15,2025-12-12,Net Banking,Delivered,191.76
3896,587,3,2024-05-06,Net Banking,Delivered,151.62
3897,988,10,2025-03-21,Cash,Delivered,130.23
3898,907,4,2025-02-01,Net Banking,Delivered,225.03
3899,622,16,2025-12-31,Debit Card,Delivered,157.51
3900,561,1,2025-02-09,Debit Card,Delivered,50.33
3901,994,8,2024-07-09,Cash,Processing,208.27
3902,556,9,2024-03-31,Credit Card,Processing,209.2
3903,578,6,2024-04-12,Credit Card,Delivered,115.57
3904,248,7,2025-05-15,Credit Card,Processing,70.17
3905,619,16,2025-12-24,Credit Card,Shipped,67.98
3906,882,13,2025-08-02,Debit Card,Delivered,79.07
3907,944,5,2025-07-28,Debit Card,Delivered,74.41
3908,958,15,2025-02-08,Cash,Delivered,164.69
3909,265,6,2024-07-10,Cash,Delivered,89.72
3910,164,8,2025-12-27,Net Banking,Processing,176.86
3911,140,8,2024-02-17,Credit Card,Delivered,59.72
3912,1,3,2025-12-06,Cash,Delivered,87.87
3913,529,9,2024-06-28,Debit Card,Delivered,241.92
3914,676,3,2025-05-21,Net Banking,Delivered,71.36
3915,10,16,2025-09-14,Debit Card,Processing,221.02
3916,863,9,2024-12-02,Debit Card,Delivered,121.69
3917,332,14,2025-03-29,Net Banking,Delivered,170.69
3918,565,8,2024-07-25,UPI,Delivered,190.49
3919,808,10,2025-02-06,Credit Card,Delivered,72.49
3920,641,5,2025-03-18,Credit Card,Delivered,138.16
3921,209,3,2024-08-11,Cash,Processing,146.31
3922,978,13,2024-02-04,Cash,Cancelled,193.32
3923,948,15,2024-01-29,UPI,Delivered,115.92
3924,388,2,2024-08-31,Debit Card,Delivered,75.59
3925,816,10,2025-05-30,Credit Card,Delivered,57.81
3926,656,16,2024-02-08,Debit Card,Shipped,67.78
3927,277,1,2025-05-22,Cash,Delivered,199.31
3928,172,14,2025-06-02,Cash,Delivered,117.96
3929,863,14,2024-01-03,Credit Card,Delivered,48.4
3930,415,7,2025-12-24,Net Banking,Delivered,114.93
3931,905,9,2025-02-17,Cash,Shipped,99.37
3932,274,11,2025-04-03,Net Banking,Delivered,163.1
3933,536,7,2024-04-16,Net Banking,Delivered,159.85
3934,767,19,2025-05-11,Net Banking,Shipped,216.84
3935,809,3,2025-09-04,Debit Card,Delivered,188.27
3936,36,19,2025-03-13,Net Banking,Processing,210.91
3937,888,10,2024-01-15,Net Banking,Shipped,178.99
3938,844,14,2024-05-26,Cash,Delivered,66.79
3939,999,19,2024-08-15,Debit Card,Processing,61.3
3940,161,18,2024-04-13,Net Banking,Shipped,224.91
3941,77,4,2025-10-28,Debit Card,Delivered,158.1
3942,234,9,2024-12-13,UPI,Delivered,55.38
3943,462,14,2025-12-02,Credit Card,Delivered,80.55
3944,996,17,2025-08-28,Debit Card,Cancelled,103.04
3945,166,11,2025-10-14,Cash,Shipped,196.77
3946,504,3,2025-12-13,Net Banking,Shipped,150.53
3947,210,15,2024-05-11,Net Banking,Delivered,176.28
3948,338,18,2024-02-29,Debit Card,Delivered,149.65
3949,715,3,2025-01-28,Credit Card,Delivered,93.64
3950,379,13,2025-10-19,Debit Card,Delivered,245.7
3951,550,9,2025-09-05,Cash,Delivered,182.68
3952,439,15,2025-06-11,Net Banking,Delivered,202.76
3953,198,18,2025-01-31,Credit Card,Returned,219.83
3954,158,7,2025-03-31,Cash,Processing,50.65
3955,61,19,2025-07-10,Credit Card,Delivered,120.68
3956,8,4,2024-05-15,Cash,Delivered,229.18
3957,701,17,2025-04-05,Cash,Returned,109.41
3958,950,17,2025-11-12,Cash,Delivered,197.84
3959,910,16,2025-01-02,Debit Card,Delivered,242.87
3960,482,14,2024-09-17,Debit Card,Delivered,50.98
3961,458,11,2025-06-20,Net Banking,Shipped,127.13
3962,877,5,2025-06-27,Debit Card,Delivered,115.06
3963,392,12,2025-02-28,Debit Card,Delivered,72.32
3964,883,10,2024-09-19,Debit Card,Delivered,147.58
3965,484,10,2025-09-18,UPI,Delivered,218.09
3966,207,17,2024-07-25,Cash,Cancelled,249.6
3967,525,8,2024-01-18,Debit Card,Processing,222.13
3968,464,1,2024-03-06,Credit Card,Delivered,49.57
3969,306,9,2025-09-29,Credit Card,Cancelled,147.67
3970,63,6,2025-02-25,UPI,Shipped,109.88
3971,554,20,2024-02-19,Net Banking,Delivered,246.46
3972,765,3,2024-10-11,Credit Card,Delivered,161.46
3973,789,14,2025-08-20,UPI,Processing,139.88
3974,889,19,2025-05-11,Cash,Delivered,97.27
3975,569,9,2024-06-05,UPI,Delivered,121.74
3976,540,1,2024-10-03,Debit Card,Delivered,48.87
3977,363,13,2024-07-28,Cash,Delivered,146.98
3978,587,11,2024-01-15,Cash,Delivered,240.2
3979,258,1,2025-08-09,Debit Card,Delivered,171.87
3980,47,5,2025-07-15,Cash,Delivered,190.62
3981,277,5,2024-09-13,UPI,Processing,243.58
3982,934,17,2024-12-28,Net Banking,Returned,69.38
3983,288,20,2025-06-17,UPI,Delivered,217.32
3984,42,8,2024-06-06,UPI,Delivered,132.4
3985,483,10,2025-04-15,Net Banking,Delivered,116.14
3986,979,4,2025-01-09,Debit Card,Delivered,228.86
3987,931,17,2024-09-30,Credit Card,Delivered,145.18
3988,860,20,2024-05-12,Debit Card,Shipped,149.2
3989,714,17,2025-02-09,Debit Card,Delivered,128.26
3990,663,8,2024-09-07,Credit Card,Returned,130.17
3991,370,18,2025-10-20,Cash,Shipped,198.92
3992,471,14,2024-06-18,Cash,Delivered,148.43
3993,870,15,2024-04-11,Credit Card,Delivered,120.63
3994,864,19,2024-07-05,Credit Card,Delivered,174.87
3995,89,12,2025-11-28,UPI,Returned,151.22
3996,480,18,2024-04-02,Net Banking,Delivered,203.58
3997,844,12,2025-01-25,Debit Card,Delivered,127.01
3998,608,1,2025-07-15,Cash,Cancelled,89.47
3999,743,5,2025-04-16,Credit Card,Delivered,65.0
4000,515,19,2025-10-01,UPI,Returned,225.62
4001,483,19,2024-08-21,UPI,Delivered,210.64
4002,324,9,2025-03-14,Net Banking,Delivered,134.08
4003,910,18,2025-11-18,Debit Card,Processing,246.73
4004,331,9,2025-08-17,UPI,Delivered,133.49
4005,322,11,2025-05-23,Credit Card,Delivered,56.25
4006,554,20,2025-07-11,UPI,Processing,197.28
4007,527,3,2025-04-18,Debit Card,Delivered,107.29
4008,60,18,2025-09-08,Net Banking,Delivered,147.08
4009,781,13,2025-09-15,Credit Card,Delivered,155.48
4010,270,18,2025-06-01,Net Banking,Delivered,83.13
4011,882,5,2024-01-24,UPI,Delivered,123.7
4012,244,19,2024-06-03,Cash,Delivered,77.89
4013,806,20,2025-10-08,UPI,Delivered,110.09
4014,561,18,2024-03-31,UPI,Delivered,159.09
4015,536,13,2025-07-06,UPI,Delivered,68.1
4016,665,16,2024-01-28,UPI,Cancelled,121.49
4017,38,4,2025-09-02,UPI,Delivered,67.71
4018,799,5,2025-05-07,Net Banking,Delivered,121.4
4019,915,8,2025-09-13,Credit Card,Delivered,188.35
4020,953,14,2025-11-09,Debit Card,Delivered,135.37
4021,249,11,2024-02-17,UPI,Delivered,108.86
4022,629,14,2025-06-07,Net Banking,Shipped,221.66
4023,347,12,2024-07-14,Cash,Delivered,142.24
4024,758,4,2024-08-29,Credit Card,Processing,178.22
4025,103,11,2024-08-11,Debit Card,Delivered,48.97
4026,451,2,2024-11-21,Debit Card,Delivered,59.66
4027,633,20,2025-05-04,Credit Card,Delivered,189.29
4028,270,2,2024-10-13,Debit Card,Delivered,146.91
4029,108,3,2024-08-02,Debit Card,Delivered,226.43
4030,668,4,2024-02-22,Credit Card,Cancelled,245.33
4031,872,2,2024-11-26,Credit Card,Delivered,248.0
4032,333,13,2024-04-26,Net Banking,Delivered,196.17
4033,655,15,2025-08-19,Cash,Delivered,152.92
4034,238,10,2024-05-25,Debit Card,Delivered,147.6
4035,422,16,2024-09-26,Net Banking,Processing,45.2
4036,840,14,2024-08-25,Cash,Returned,211.02
4037,443,7,2024-03-08,Credit Card,Delivered,140.75
4038,519,7,2025-05-25,UPI,Delivered,238.43
4039,464,6,2025-01-09,Net Banking,Cancelled,180.57
4040,450,8,2025-11-09,UPI,Delivered,241.96
4041,728,2,2024-08-01,Credit Card,Delivered,58.63
4042,378,10,2025-07-26,Credit Card,Returned,87.62
4043,308,3,2024-06-28,Cash,Processing,194.64
4044,564,12,2024-03-11,Debit Card,Delivered,162.45
4045,25,15,2025-02-02,Credit Card,Delivered,206.89
4046,727,9,2025-04-27,Cash,Delivered,65.69
4047,587,12,2025-10-09,Net Banking,Delivered,57.29
4048,499,9,2025-10-04,Net Banking,Delivered,53.36
4049,345,1,2024-01-04,Credit Card,Processing,56.15
4050,97,13,2025-11-11,Net Banking,Delivered,175.56
4051,913,4,2024-10-20,Credit Card,Shipped,102.97
4052,684,16,2024-10-07,Cash,Delivered,52.3
4053,262,18,2025-08-27,Credit Card,Delivered,210.28
4054,27,5,2024-10-21,Net Banking,Processing,220.48
4055,415,10,2025-07-02,Credit Card,Returned,201.84
4056,832,5,2024-01-30,Cash,Returned,173.23
4057,589,19,2024-01-31,Cash,Shipped,79.3
4058,913,7,2025-07-25,Cash,Delivered,136.53
4059,765,13,2025-09-06,Cash,Delivered,240.03
4060,143,11,2024-01-02,Cash,Cancelled,98.36
4061,138,5,2024-02-02,Credit Card,Delivered,245.56
4062,629,19,2024-10-02,Net Banking,Delivered,228.93
4063,743,15,2024-08-01,Cash,Delivered,227.13
4064,367,20,2025-05-14,UPI,Delivered,221.49
4065,74,11,2025-09-21,Credit Card,Delivered,97.98
4066,124,9,2025-02-17,Debit Card,Delivered,74.48
4067,796,12,2024-09-08,UPI,Delivered,218.81
4068,445,10,2025-01-04,Credit Card,Processing,119.15
4069,113,18,2024-02-23,Cash,Delivered,197.84
4070,224,3,2025-01-23,Net Banking,Delivered,197.59
4071,391,20,2025-10-20,Debit Card,Delivered,199.17
4072,188,16,2025-10-16,Cash,Delivered,224.97
4073,306,20,2024-04-04,UPI,Delivered,234.73
4074,332,1,2025-07-14,Credit Card,Shipped,110.25
4075,747,7,2024-03-06,Debit Card,Shipped,234.33
4076,897,18,2024-09-18,Cash,Delivered,77.92
4077,235,19,2025-07-02,UPI,Delivered,198.56
4078,68,9,2024-08-27,Debit Card,Delivered,193.56
4079,86,12,2025-12-13,Cash,Delivered,214.19
4080,367,3,2024-06-01,UPI,Delivered,204.15
4081,539,17,2025-04-13,Cash,Delivered,106.53
4082,138,1,2024-03-06,Debit Card,Delivered,107.67
4083,452,16,2024-09-06,Cash,Delivered,147.9
4084,716,17,2024-02-23,Debit Card,Delivered,52.55
4085,549,16,2025-12-14,Credit Card,Delivered,83.29
4086,333,3,2024-03-27,UPI,Delivered,130.96
4087,423,6,2025-07-01,UPI,Cancelled,43.1
4088,80,18,2025-07-15,Cash,Delivered,169.18
4089,647,17,2025-02-19,Debit Card,Delivered,67.06
4090,860,2,2025-04-10,Cash,Delivered,176.86
4091,147,14,2024-01-03,Net Banking,Delivered,91.32
4092,382,9,2024-03-14,Credit Card,Shipped,81.2
4093,35,2,2025-02-17,Credit Card,Delivered,78.85
4094,443,11,2025-05-29,Debit Card,Cancelled,43.96
4095,938,5,2024-11-30,Credit Card,Delivered,60.07
4096,808,5,2024-10-23,UPI,Delivered,140.88
4097,323,3,2024-04-15,Debit Card,Delivered,163.65
4098,20,4,2024-05-25,Cash,Delivered,92.47
4099,145,5,2025-06-15,Credit Card,Processing,98.35
4100,328,8,2024-02-02,Net Banking,Delivered,179.62
4101,382,13,2024-02-18,Credit Card,Delivered,60.08
4102,757,20,2025-11-10,UPI,Processing,63.91
4103,263,18,2024-07-31,Debit Card,Delivered,160.93
4104,234,6,2024-07-16,Debit Card,Delivered,119.55
4105,816,7,2024-04-29,Credit Card,Delivered,165.52
4106,853,14,2024-12-09,Debit Card,Delivered,85.48
4107,513,13,2024-07-09,Debit Card,Shipped,102.57
4108,439,1,2025-03-29,Credit Card,Delivered,147.52
4109,198,9,2025-03-15,Credit Card,Shipped,193.23
4110,974,12,2025-08-20,Credit Card,Delivered,135.3
4111,485,8,2025-11-17,Debit Card,Delivered,155.53
4112,370,6,2025-10-02,Net Banking,Delivered,88.73
4113,855,3,2025-02-18,Debit Card,Delivered,249.43
4114,380,11,2025-02-17,Net Banking,Processing,96.18
4115,984,6,2025-02-03,Debit Card,Shipped,223.19
4116,63,20,2025-06-07,Cash,Delivered,62.1
4117,802,12,2025-04-29,Credit Card,Delivered,218.29
4118,380,6,2025-12-15,Debit Card,Processing,203.27
4119,946,13,2024-10-04,Cash,Shipped,180.05
4120,214,18,2024-12-12,Net Banking,Delivered,186.94
4121,131,19,2025-02-21,Net Banking,Processing,197.07
4122,297,7,2024-06-06,Cash,Delivered,164.4
4123,106,11,2024-10-31,Cash,Delivered,174.6
4124,715,14,2025-10-22,Credit Card,Shipped,154.88
4125,332,9,2024-08-17,Credit Card,Cancelled,100.19
4126,337,17,2025-07-15,Cash,Delivered,161.33
4127,804,4,2025-02-26,Cash,Shipped,70.89
4128,482,19,2025-08-02,Credit Card,Delivered,197.93
4129,807,3,2025-07-13,Cash,Delivered,220.69
4130,970,17,2025-11-20,UPI,Delivered,228.36
4131,672,7,2025-06-11,Cash,Delivered,91.42
4132,826,7,2025-05-24,Cash,Delivered,52.38
4133,171,1,2025-12-08,UPI,Delivered,168.84
4134,982,18,2025-05-08,UPI,Delivered,69.39
4135,588,7,2024-10-08,UPI,Delivered,65.72
4136,408,7,2024-10-19,Net Banking,Shipped,204.43
4137,407,6,2025-03-28,Debit Card,Delivered,216.05
4138,852,6,2025-08-15,Cash,Processing,102.27
4139,211,7,2025-02-19,Net Banking,Delivered,69.13
4140,882,19,2025-08-22,Debit Card,Delivered,123.04
4141,269,17,2025-08-09,UPI,Returned,63.07
4142,424,13,2025-10-19,Debit Card,Delivered,58.57
4143,463,1,2025-02-23,Cash,Delivered,155.65
4144,337,8,2024-08-11,Net Banking,Delivered,62.02
4145,111,6,2025-02-02,Debit Card,Shipped,159.96
4146,411,8,2024-04-26,Net Banking,Delivered,193.59
4147,780,3,2024-02-04,Credit Card,Delivered,97.16
4148,221,16,2024-10-05,Cash,Processing,177.93
4149,980,9,2024-07-29,Net Banking,Shipped,99.1
4150,559,9,2025-07-30,UPI,Shipped,240.55
4151,506,20,2025-03-20,Credit Card,Delivered,248.73
4152,94,4,2025-07-11,Cash,Delivered,99.41
4153,728,19,2025-11-01,UPI,Shipped,49.99
4154,672,6,2024-11-15,UPI,Delivered,157.98
4155,874,14,2025-03-03,UPI,Delivered,154.3
4156,766,3,2024-02-03,Net Banking,Delivered,91.75
4157,125,7,2024-05-27,Debit Card,Delivered,195.97
4158,310,18,2024-12-03,Debit Card,Processing,249.25
4159,327,7,2024-08-02,UPI,Delivered,186.03
4160,688,4,2025-08-02,Cash,Processing,234.91
4161,211,18,2024-04-12,Cash,Delivered,108.02
4162,102,3,2025-05-07,Cash,Delivered,224.15
4163,101,19,2025-12-23,Debit Card,Cancelled,211.55
4164,311,15,2024-05-18,UPI,Delivered,235.9
4165,823,3,2025-07-22,Debit Card,Delivered,67.83
4166,471,10,2025-06-30,Debit Card,Delivered,141.76
4167,77,20,2025-12-14,Credit Card,Returned,140.05
4168,378,16,2025-06-06,Cash,Delivered,130.03
4169,74,8,2025-09-11,Net Banking,Shipped,56.74
4170,512,10,2025-10-14,Net Banking,Returned,178.1
4171,126,19,2025-01-23,Debit Card,Delivered,174.7
4172,357,10,2024-05-01,UPI,Delivered,89.87
4173,224,11,2024-12-09,UPI,Delivered,179.33
4174,190,13,2025-11-08,UPI,Delivered,93.19
4175,346,6,2024-12-18,Debit Card,Delivered,177.76
4176,915,3,2024-11-15,UPI,Delivered,116.29
4177,738,3,2025-05-13,Cash,Delivered,165.41
4178,283,17,2025-09-20,Net Banking,Cancelled,115.37
4179,620,10,2025-02-03,Net Banking,Delivered,239.42
4180,60,1,2024-08-14,Debit Card,Delivered,247.99
4181,749,11,2025-12-18,Cash,Delivered,237.21
4182,214,12,2025-02-15,Debit Card,Shipped,102.21
4183,873,6,2024-05-29,Cash,Delivered,58.15
4184,400,13,2024-06-08,Credit Card,Shipped,115.94
4185,27,9,2025-01-10,Cash,Processing,140.05
4186,44,3,2025-11-10,Debit Card,Processing,177.32
4187,114,8,2024-10-08,UPI,Returned,119.4
4188,979,14,2025-10-25,Credit Card,Delivered,205.37
4189,456,4,2025-06-08,UPI,Delivered,174.02
4190,419,18,2025-02-25,Net Banking,Delivered,97.11
4191,498,5,2024-04-12,Net Banking,Delivered,139.06
4192,197,17,2024-06-21,UPI,Delivered,222.74
4193,166,5,2025-11-06,Credit Card,Delivered,71.1
4194,570,5,2024-06-28,Debit Card,Delivered,98.32
4195,888,5,2024-11-30,Net Banking,Delivered,249.98
4196,610,10,2025-08-28,UPI,Delivered,59.38
4197,275,15,2025-07-21,Net Banking,Processing,87.92
4198,722,4,2024-04-14,Credit Card,Delivered,46.24
4199,199,11,2024-11-17,Cash,Cancelled,74.59
4200,544,19,2025-10-20,Credit Card,Cancelled,41.61
4201,297,4,2025-03-23,Debit Card,Returned,156.87
4202,614,15,2024-02-11,Net Banking,Delivered,66.8
4203,18,3,2025-07-07,UPI,Processing,61.49
4204,932,11,2024-10-21,Credit Card,Delivered,168.79
4205,806,17,2024-05-09,UPI,Cancelled,95.15
4206,570,14,2025-04-25,Cash,Delivered,225.6
4207,564,2,2024-05-11,Credit Card,Delivered,147.09
4208,949,20,2025-07-22,Credit Card,Delivered,86.62
4209,510,18,2024-12-18,UPI,Delivered,87.74
4210,600,4,2025-07-25,Credit Card,Delivered,213.02
4211,743,15,2025-09-27,Debit Card,Cancelled,229.81
4212,611,19,2025-02-16,UPI,Delivered,109.71
4213,981,12,2024-11-26,Cash,Shipped,164.39
4214,715,1,2024-11-09,Net Banking,Shipped,79.18
4215,855,14,2024-01-01,Net Banking,Returned,158.95
4216,707,10,2024-02-20,Debit Card,Processing,149.16
4217,440,1,2025-07-10,Cash,Delivered,50.18
4218,431,15,2024-12-05,Credit Card,Delivered,198.79
4219,455,2,2025-01-15,UPI,Delivered,70.22
4220,96,8,2025-02-28,Cash,Delivered,54.51
4221,921,18,2025-08-24,UPI,Delivered,86.19
4222,525,9,2024-01-21,Credit Card,Delivered,123.68
4223,165,20,2025-09-20,Cash,Delivered,103.27
4224,881,6,2025-05-25,Debit Card,Processing,210.43
4225,289,6,2025-06-28,Credit Card,Shipped,229.2
4226,218,10,2024-06-27,Net Banking,Delivered,46.7
4227,466,5,2024-03-22,Debit Card,Delivered,109.51
4228,965,13,2024-09-09,Net Banking,Delivered,152.26
4229,470,10,2024-11-18,Net Banking,Cancelled,120.68
4230,577,13,2025-05-25,UPI,Delivered,74.55
4231,63,8,2025-04-08,Credit Card,Delivered,70.32
4232,692,20,2024-12-12,Debit Card,Delivered,235.49
4233,330,18,2024-03-25,Credit Card,Delivered,87.54
4234,21,5,2024-10-13,Net Banking,Delivered,78.6
4235,633,20,2025-12-07,UPI,Delivered,60.83
4236,975,6,2024-10-29,Net Banking,Delivered,67.51
4237,90,14,2024-11-05,Cash,Delivered,201.51
4238,368,8,2024-05-02,Net Banking,Delivered,125.29
4239,215,16,2025-09-10,UPI,Delivered,247.1
4240,770,2,2024-12-29,Credit Card,Delivered,88.43
4241,513,2,2024-06-09,Debit Card,Delivered,236.9
4242,8,6,2025-01-01,Credit Card,Delivered,60.0
4243,50,4,2025-08-22,Net Banking,Delivered,91.14
4244,634,8,2025-01-17,Cash,Delivered,57.8
4245,3,2,2024-03-04,UPI,Delivered,162.17
4246,441,4,2024-12-15,Cash,Delivered,216.75
4247,733,9,2025-01-20,Cash,Delivered,195.39
4248,994,20,2024-12-28,Debit Card,Delivered,134.39
4249,832,5,2025-09-28,Credit Card,Delivered,206.72
4250,745,7,2024-12-18,Credit Card,Shipped,57.4
4251,667,15,2025-01-29,Cash,Cancelled,152.24
4252,292,11,2024-03-18,Cash,Delivered,194.12
4253,455,1,2024-09-07,UPI,Delivered,238.45
4254,201,20,2024-12-27,UPI,Cancelled,180.72
4255,439,14,2025-05-25,Cash,Delivered,112.37
4256,483,14,2025-11-05,UPI,Delivered,204.59
4257,568,3,2024-06-12,Debit Card,Delivered,51.54
4258,76,20,2025-11-09,UPI,Delivered,91.64
4259,117,13,2025-11-22,Cash,Delivered,182.75
4260,25,13,2025-03-28,Cash,Delivered,82.94
4261,139,5,2024-09-08,Credit Card,Delivered,65.85
4262,600,5,2024-12-30,UPI,Processing,119.5
4263,530,10,2025-10-13,Net Banking,Delivered,86.34
4264,86,3,2025-05-24,Debit Card,Processing,167.32
4265,23,2,2024-07-16,UPI,Cancelled,91.42
4266,792,8,2024-12-10,Net Banking,Shipped,158.57
4267,153,8,2025-12-14,UPI,Delivered,94.53
4268,614,17,2024-12-18,Cash,Delivered,83.83
4269,774,18,2025-05-05,Debit Card,Delivered,178.41
4270,821,16,2024-07-25,Cash,Delivered,55.03
4271,918,7,2024-12-15,Net Banking,Delivered,59.79
4272,684,1,2024-10-08,Cash,Processing,74.37
4273,403,10,2025-03-14,Credit Card,Delivered,221.82
4274,893,12,2024-08-13,UPI,Processing,142.45
4275,324,12,2024-10-13,Credit Card,Returned,231.01
4276,973,12,2025-05-15,Cash,Delivered,197.79
4277,481,14,2025-09-20,Debit Card,Delivered,147.37
4278,437,6,2025-08-25,Credit Card,Delivered,208.46
4279,726,12,2024-10-21,UPI,Delivered,125.43
4280,323,1,2024-05-21,Cash,Delivered,243.85
4281,335,13,2025-03-04,Net Banking,Cancelled,220.34
4282,839,2,2024-05-26,Cash,Shipped,197.65
4283,729,16,2025-03-03,Credit Card,Delivered,88.6
4284,720,1,2024-11-23,Net Banking,Delivered,203.3
4285,702,9,2024-09-20,Credit Card,Delivered,160.86
4286,448,12,2024-11-04,UPI,Delivered,205.36
4287,915,16,2024-10-26,Cash,Delivered,219.98
4288,685,1,2025-12-17,Debit Card,Cancelled,244.22
4289,475,5,2025-08-03,Debit Card,Delivered,149.15
4290,672,2,2025-12-15,Cash,Delivered,88.34
4291,543,5,2025-09-17,UPI,Delivered,156.66
4292,793,8,2024-05-27,Credit Card,Delivered,193.54
4293,711,2,2024-06-08,Net Banking,Delivered,96.64
4294,735,13,2024-03-06,Cash,Delivered,193.27
4295,405,7,2024-01-13,Cash,Delivered,180.89
4296,437,7,2025-06-16,UPI,Delivered,247.57
4297,28,2,2024-06-04,Net Banking,Delivered,232.8
4298,398,9,2024-05-09,Net Banking,Delivered,248.5
4299,434,15,2024-08-05,Net Banking,Delivered,238.87
4300,171,18,2025-06-05,Net Banking,Delivered,191.99
4301,88,7,2025-10-15,Cash,Delivered,110.47
4302,260,20,2025-11-24,Debit Card,Processing,224.11
4303,137,1,2025-09-05,Net Banking,Returned,232.62
4304,582,2,2024-10-13,UPI,Processing,70.57
4305,379,3,2025-09-28,Net Banking,Cancelled,118.58
4306,993,1,2025-10-30,UPI,Delivered,109.68
4307,113,16,2025-02-04,Debit Card,Shipped,151.43
4308,917,2,2025-12-08,Net Banking,Processing,85.51
4309,752,17,2025-06-20,Net Banking,Delivered,192.93
4310,293,9,2024-02-06,UPI,Delivered,52.9
4311,66,12,2024-09-04,Cash,Delivered,146.88
4312,704,7,2024-03-18,Debit Card,Delivered,173.2
4313,282,17,2024-04-15,Credit Card,Delivered,136.2
4314,518,2,2024-12-26,Credit Card,Delivered,174.22
4315,945,13,2024-04-15,Net Banking,Cancelled,120.1
4316,113,16,2025-04-03,Cash,Delivered,47.58
4317,39,5,2025-09-14,Cash,Shipped,177.98
4318,919,20,2025-02-18,Net Banking,Delivered,175.63
4319,496,4,2024-07-28,Cash,Delivered,116.82
4320,435,17,2025-02-02,Cash,Delivered,159.44
4321,847,13,2025-04-26,Cash,Delivered,194.53
4322,207,7,2025-06-17,Credit Card,Delivered,140.06
4323,737,11,2024-02-12,UPI,Delivered,245.6
4324,384,7,2024-07-31,Debit Card,Delivered,153.21
4325,357,14,2025-08-25,Debit Card,Delivered,71.49
4326,253,12,2025-01-13,Credit Card,Returned,161.49
4327,789,17,2025-08-30,Credit Card,Delivered,121.46
4328,146,4,2025-11-06,Cash,Cancelled,187.08
4329,573,2,2024-12-09,UPI,Delivered,153.28
4330,952,14,2024-10-01,Cash,Delivered,167.0
4331,5,7,2024-08-01,UPI,Delivered,148.24
4332,162,15,2024-07-28,Credit Card,Delivered,120.69
4333,574,8,2025-08-29,Debit Card,Delivered,173.97
4334,63,6,2025-12-28,Debit Card,Delivered,148.75
4335,437,4,2024-11-03,Credit Card,Delivered,154.32
4336,964,1,2024-07-14,Net Banking,Cancelled,234.01
4337,908,1,2024-05-08,Cash,Shipped,86.99
4338,973,16,2024-06-19,Cash,Delivered,233.17
4339,124,17,2024-04-28,Debit Card,Delivered,66.94
4340,669,17,2025-05-07,Cash,Delivered,203.85
4341,9,15,2024-03-03,UPI,Delivered,50.09
4342,734,9,2024-05-24,Credit Card,Delivered,181.78
4343,222,2,2025-05-15,Debit Card,Shipped,141.52
4344,679,15,2025-12-09,Cash,Delivered,170.0
4345,925,14,2025-12-29,UPI,Delivered,162.34
4346,111,13,2025-05-01,Debit Card,Shipped,131.25
4347,413,15,2025-02-12,Cash,Delivered,167.52
4348,387,17,2025-11-28,Credit Card,Delivered,203.59
4349,18,20,2024-01-17,Debit Card,Delivered,236.6
4350,968,5,2024-10-15,Cash,Delivered,116.55
4351,640,7,2025-04-14,Credit Card,Delivered,58.53
4352,779,9,2024-03-18,Credit Card,Returned,187.72
4353,22,12,2025-04-14,Debit Card,Delivered,91.08
4354,781,4,2024-02-21,Debit Card,Delivered,174.51
4355,85,11,2024-04-27,UPI,Shipped,60.2
4356,407,5,2024-03-11,Cash,Delivered,145.82
4357,411,12,2024-05-17,Net Banking,Delivered,83.88
4358,865,15,2024-09-24,Debit Card,Delivered,221.34
4359,226,11,2024-07-27,Debit Card,Delivered,189.88
4360,504,3,2025-01-01,Net Banking,Delivered,99.57
4361,484,19,2025-02-16,UPI,Processing,120.72
4362,518,14,2025-12-28,Cash,Processing,182.54
4363,832,5,2024-09-02,UPI,Processing,59.24
4364,710,5,2025-05-21,Cash,Delivered,70.71
4365,146,10,2025-06-14,Cash,Delivered,95.41
4366,924,6,2025-08-29,Cash,Delivered,100.92
4367,831,2,2024-02-10,Credit Card,Delivered,122.14
4368,89,10,2024-02-20,Cash,Shipped,107.12
4369,25,18,2025-08-26,Debit Card,Delivered,213.02
4370,899,4,2025-05-22,Cash,Returned,82.61
4371,901,7,2024-02-28,Credit Card,Delivered,128.37
4372,932,7,2025-11-02,Cash,Delivered,200.15
4373,832,1,2024-07-24,UPI,Cancelled,51.94
4374,604,2,2024-02-08,Net Banking,Processing,163.62
4375,567,15,2024-03-08,Net Banking,Delivered,40.75
4376,875,18,2024-11-13,UPI,Delivered,175.18
4377,344,9,2024-08-24,UPI,Delivered,224.96
4378,775,6,2025-09-06,Net Banking,Delivered,170.54
4379,51,9,2024-08-23,Credit Card,Delivered,127.6
4380,249,14,2024-03-31,Cash,Delivered,232.4
4381,525,3,2024-01-26,Credit Card,Returned,181.62
4382,533,3,2025-03-15,Debit Card,Processing,221.7
4383,311,15,2025-08-08,Debit Card,Shipped,217.83
4384,934,8,2024-12-21,UPI,Returned,221.26
4385,38,12,2024-03-31,Net Banking,Cancelled,181.61
4386,9,20,2024-09-07,Cash,Delivered,82.59
4387,634,17,2025-04-03,Debit Card,Returned,59.88
4388,128,10,2025-08-21,Credit Card,Delivered,167.34
4389,418,12,2025-04-30,UPI,Shipped,61.81
4390,438,16,2025-05-12,UPI,Delivered,140.53
4391,674,17,2024-05-08,Net Banking,Processing,85.52
4392,443,18,2024-08-29,Net Banking,Cancelled,180.02
4393,90,13,2024-01-26,Credit Card,Delivered,124.32
4394,163,6,2025-08-29,Cash,Delivered,133.21
4395,528,1,2025-12-08,Net Banking,Delivered,80.89
4396,407,3,2025-10-21,Cash,Returned,108.22
4397,564,20,2024-07-10,Net Banking,Returned,40.14
4398,595,19,2024-10-25,Credit Card,Processing,158.78
4399,139,11,2024-04-18,Debit Card,Delivered,140.86
4400,445,11,2024-06-04,Net Banking,Processing,119.84
4401,563,7,2024-01-26,Net Banking,Delivered,195.83
4402,325,1,2024-01-26,UPI,Cancelled,237.65
4403,128,15,2024-10-24,UPI,Processing,203.95
4404,495,18,2024-12-03,Net Banking,Delivered,54.69
4405,605,12,2024-05-22,Cash,Delivered,59.49
4406,452,3,2025-06-29,UPI,Processing,104.76
4407,41,2,2025-03-14,Debit Card,Shipped,40.92
4408,189,9,2025-09-09,Debit Card,Delivered,174.11
4409,971,15,2025-06-19,Net Banking,Processing,143.17
4410,475,2,2025-10-16,Credit Card,Delivered,202.53
4411,201,1,2025-08-26,UPI,Delivered,224.21
4412,649,1,2024-12-14,UPI,Delivered,122.2
4413,37,16,2025-10-02,Debit Card,Delivered,198.39
4414,412,20,2024-01-24,Debit Card,Delivered,78.04
4415,872,7,2024-08-20,Cash,Delivered,212.38
4416,575,1,2025-10-11,Cash,Delivered,48.79
4417,655,7,2025-05-25,UPI,Cancelled,210.6
4418,927,13,2024-06-25,Cash,Delivered,187.37
4419,463,12,2025-08-10,Credit Card,Delivered,206.45
4420,296,1,2025-10-12,Debit Card,Delivered,204.2
4421,827,9,2024-04-04,Debit Card,Delivered,179.3
4422,377,14,2025-09-03,Cash,Delivered,191.28
4423,925,16,2025-07-09,Credit Card,Delivered,103.83
4424,225,9,2025-01-16,Debit Card,Shipped,98.94
4425,440,18,2025-11-02,Net Banking,Delivered,127.95
4426,204,9,2025-06-10,Net Banking,Delivered,102.3
4427,678,12,2024-08-22,Net Banking,Cancelled,172.3
4428,853,16,2025-03-02,Credit Card,Delivered,122.24
4429,531,11,2024-11-02,Credit Card,Delivered,220.74
4430,485,12,2025-04-16,Net Banking,Delivered,234.11
4431,298,8,2025-09-15,Credit Card,Shipped,176.59
4432,575,7,2025-09-16,Debit Card,Delivered,222.97
4433,612,11,2025-03-16,Net Banking,Delivered,44.99
4434,327,2,2024-11-08,Debit Card,Returned,46.7
4435,545,9,2024-06-28,Cash,Delivered,193.89
4436,53,15,2024-01-09,Credit Card,Delivered,232.73
4437,777,7,2025-09-09,Net Banking,Delivered,138.16
4438,937,16,2024-08-20,Credit Card,Processing,163.96
4439,651,12,2024-10-03,UPI,Delivered,234.33
4440,432,5,2024-03-05,Debit Card,Delivered,113.74
4441,40,5,2024-12-28,UPI,Delivered,112.13
4442,190,18,2025-11-04,UPI,Delivered,112.12
4443,143,15,2024-03-07,Net Banking,Delivered,183.59
4444,701,8,2025-11-19,Credit Card,Shipped,170.29
4445,193,3,2024-12-04,UPI,Delivered,90.19
4446,590,1,2024-12-27,Debit Card,Returned,75.04
4447,190,15,2025-01-01,Debit Card,Delivered,131.17
4448,390,6,2025-11-22,Debit Card,Delivered,50.73
4449,508,8,2025-01-07,Net Banking,Delivered,190.13
4450,357,10,2024-12-24,Debit Card,Returned,94.5
4451,42,20,2025-03-17,UPI,Delivered,108.08
4452,489,10,2024-03-21,Debit Card,Processing,105.66
4453,226,15,2025-12-01,UPI,Cancelled,127.75
4454,191,18,2025-04-30,UPI,Delivered,81.96
4455,257,13,2025-03-28,UPI,Returned,69.48
4456,684,11,2024-03-29,Cash,Delivered,128.87
4457,780,14,2024-06-19,Debit Card,Processing,76.5
4458,30,17,2025-03-10,Debit Card,Delivered,147.34
4459,453,13,2025-11-01,Credit Card,Delivered,170.5
4460,435,19,2024-03-01,Credit Card,Delivered,214.77
4461,21,8,2024-09-03,Net Banking,Delivered,239.46
4462,763,16,2025-03-22,UPI,Delivered,46.82
4463,739,20,2024-12-03,Net Banking,Delivered,232.71
4464,937,14,2024-05-08,Cash,Delivered,208.8
4465,976,7,2024-06-26,Debit Card,Shipped,213.83
4466,942,18,2025-06-27,Net Banking,Returned,104.8
4467,871,3,2024-12-18,Debit Card,Delivered,52.01
4468,623,8,2025-01-13,Cash,Delivered,49.7
4469,149,18,2025-11-26,Credit Card,Shipped,89.88
4470,262,5,2024-09-09,Cash,Delivered,117.93
4471,478,6,2025-01-22,Net Banking,Delivered,63.14
4472,300,19,2024-12-05,UPI,Shipped,172.03
4473,917,3,2024-07-17,Net Banking,Processing,82.66
4474,255,14,2024-11-02,Net Banking,Delivered,232.22
4475,908,2,2024-03-27,Credit Card,Delivered,162.9
4476,122,4,2025-05-10,Debit Card,Delivered,70.89
4477,118,15,2025-08-21,Net Banking,Delivered,229.68
4478,829,3,2024-12-13,Cash,Delivered,73.96
4479,863,14,2024-04-24,Credit Card,Delivered,57.51
4480,749,17,2024-02-24,Cash,Delivered,169.9
4481,101,19,2024-06-09,Net Banking,Delivered,159.11
4482,806,11,2024-03-18,Cash,Delivered,136.71
4483,117,1,2025-05-10,Debit Card,Delivered,147.91
4484,500,1,2025-04-07,Cash,Delivered,112.71
4485,759,20,2025-09-01,UPI,Delivered,81.26
4486,281,11,2024-09-17,UPI,Delivered,247.52
4487,135,13,2024-01-07,Net Banking,Delivered,143.82
4488,36,7,2025-09-19,Debit Card,Delivered,224.9
4489,609,11,2024-06-23,Net Banking,Delivered,199.86
4490,244,2,2024-02-18,Debit Card,Delivered,203.98
4491,280,14,2024-07-29,Cash,Delivered,102.5
4492,550,5,2024-03-11,Credit Card,Shipped,153.76
4493,46,3,2024-04-08,Credit Card,Processing,179.66
4494,177,3,2025-04-02,UPI,Processing,105.85
4495,251,9,2024-09-06,Cash,Delivered,154.55
4496,153,1,2024-06-12,UPI,Delivered,178.08
4497,371,8,2024-06-22,Credit Card,Delivered,155.54
4498,702,3,2024-07-20,Cash,Delivered,191.97
4499,421,8,2025-10-14,Cash,Processing,89.89
4500,693,3,2025-08-01,Cash,Returned,195.04
4501,13,15,2025-09-06,Net Banking,Delivered,104.31
4502,439,16,2025-05-12,Credit Card,Delivered,44.86
4503,83,9,2024-05-12,UPI,Shipped,242.97
4504,468,4,2024-01-10,Cash,Delivered,157.73
4505,814,18,2024-01-29,Net Banking,Delivered,77.86
4506,7,17,2025-04-14,Debit Card,Delivered,63.13
4507,772,3,2025-08-21,Net Banking,Delivered,174.94
4508,266,12,2025-01-05,Cash,Delivered,69.77
4509,353,11,2025-02-08,Cash,Processing,166.01
4510,439,16,2025-04-09,UPI,Delivered,133.69
4511,831,4,2025-12-01,Net Banking,Delivered,197.52
4512,247,19,2025-03-11,Debit Card,Delivered,68.24
4513,784,13,2025-02-15,Cash,Delivered,237.39
4514,373,16,2025-01-16,Credit Card,Delivered,81.08
4515,490,10,2025-06-21,UPI,Delivered,69.36
4516,672,10,2025-12-04,Cash,Returned,103.4
4517,908,13,2025-02-04,Credit Card,Delivered,83.01
4518,1,10,2024-08-11,UPI,Delivered,135.99
4519,701,10,2024-04-09,Credit Card,Delivered,61.48
4520,303,17,2024-07-09,Credit Card,Delivered,123.32
4521,755,14,2025-06-28,Credit Card,Processing,127.29
4522,28,9,2025-05-05,Cash,Delivered,153.12
4523,397,19,2025-08-01,Net Banking,Cancelled,234.66
4524,387,18,2024-08-09,Net Banking,Shipped,88.58
4525,285,18,2024-01-29,Credit Card,Delivered,166.7
4526,234,13,2025-10-18,Credit Card,Delivered,56.54
4527,591,6,2024-12-18,Credit Card,Shipped,188.46
4528,117,6,2025-08-31,Cash,Cancelled,120.49
4529,229,9,2025-09-04,UPI,Delivered,95.49
4530,761,5,2025-01-21,Net Banking,Delivered,154.08
4531,132,17,2024-06-23,Credit Card,Delivered,66.06
4532,21,3,2024-07-16,Net Banking,Delivered,186.27
4533,668,2,2025-02-14,Cash,Delivered,134.12
4534,747,17,2025-09-19,Debit Card,Processing,140.18
4535,596,20,2024-10-18,Cash,Delivered,51.94
4536,953,5,2024-06-14,UPI,Delivered,63.18
4537,875,14,2025-07-13,Debit Card,Returned,114.75
4538,567,20,2024-04-07,Net Banking,Delivered,248.93
4539,444,3,2024-01-10,Cash,Delivered,208.17
4540,321,14,2025-12-24,Credit Card,Delivered,125.67
4541,173,20,2024-04-06,Cash,Returned,116.97
4542,460,6,2024-12-26,Cash,Delivered,165.3
4543,421,7,2025-09-15,Cash,Cancelled,146.49
4544,588,7,2024-03-31,Net Banking,Processing,189.21
4545,595,19,2025-10-25,UPI,Delivered,245.39
4546,715,2,2024-06-19,UPI,Shipped,175.03
4547,512,3,2024-01-14,Cash,Returned,113.09
4548,713,6,2025-11-30,UPI,Delivered,208.52
4549,200,14,2025-12-08,UPI,Processing,90.84
4550,629,17,2025-04-26,Debit Card,Delivered,47.69
4551,318,20,2024-02-16,UPI,Delivered,181.24
4552,366,10,2025-09-07,Debit Card,Delivered,109.91
4553,350,14,2024-08-18,Credit Card,Delivered,232.58
4554,777,4,2025-07-15,Credit Card,Delivered,98.47
4555,619,5,2024-08-11,Credit Card,Cancelled,203.21
4556,109,15,2024-12-16,Debit Card,Delivered,166.04
4557,331,18,2024-07-07,UPI,Delivered,217.04
4558,853,16,2024-09-17,Cash,Processing,229.97
4559,839,6,2024-04-18,Credit Card,Delivered,47.84
4560,556,13,2025-12-13,Credit Card,Delivered,94.84
4561,101,7,2024-09-21,Net Banking,Delivered,89.09
4562,399,7,2024-11-17,UPI,Delivered,41.82
4563,613,13,2025-04-26,Net Banking,Delivered,110.91
4564,48,19,2025-09-28,Cash,Delivered,104.23
4565,552,15,2025-08-16,Credit Card,Delivered,232.08
4566,576,20,2024-02-02,Net Banking,Processing,187.55
4567,496,7,2025-04-16,Debit Card,Delivered,199.69
4568,429,13,2024-04-05,Net Banking,Delivered,224.24
4569,987,20,2024-08-08,Cash,Delivered,130.05
4570,490,5,2024-01-30,UPI,Delivered,87.54
4571,999,1,2024-10-27,Credit Card,Delivered,176.6
4572,175,9,2025-10-23,UPI,Delivered,150.29
4573,831,2,2024-08-23,Cash,Delivered,91.58
4574,445,11,2024-08-28,Debit Card,Cancelled,59.77
4575,103,10,2025-07-11,Debit Card,Delivered,102.27
4576,894,9,2025-07-20,Credit Card,Delivered,180.31
4577,710,9,2024-06-10,Credit Card,Processing,198.33
4578,715,20,2024-01-08,Debit Card,Delivered,113.72
4579,121,17,2024-04-03,Cash,Delivered,245.77
4580,281,1,2025-03-02,Net Banking,Processing,99.85
4581,507,12,2024-11-12,Credit Card,Delivered,170.21
4582,919,7,2024-03-07,Cash,Delivered,105.32
4583,138,10,2025-10-13,Debit Card,Returned,183.72
4584,58,17,2025-09-30,Credit Card,Delivered,55.98
4585,28,7,2024-03-13,Debit Card,Delivered,169.47
4586,768,19,2024-07-04,Net Banking,Returned,47.4
4587,248,16,2024-06-27,Cash,Shipped,130.88
4588,960,14,2025-11-10,Net Banking,Delivered,75.26
4589,240,8,2024-12-21,Net Banking,Delivered,159.42
4590,855,3,2024-04-05,Net Banking,Shipped,80.29
4591,17,20,2025-11-24,Credit Card,Shipped,104.16
4592,670,5,2024-10-14,Debit Card,Delivered,129.17
4593,525,7,2024-06-30,Debit Card,Delivered,82.33
4594,691,17,2024-11-03,Net Banking,Delivered,239.98
4595,214,16,2024-09-20,Debit Card,Delivered,240.98
4596,391,14,2025-06-23,Net Banking,Delivered,47.83
4597,795,12,2025-03-21,Debit Card,Delivered,92.31
4598,181,13,2025-07-29,Net Banking,Cancelled,156.44
4599,22,15,2024-12-17,Debit Card,Delivered,212.45
4600,592,12,2024-01-23,Credit Card,Returned,219.04
4601,926,17,2025-10-10,Net Banking,Returned,167.84
4602,864,1,2025-05-06,Credit Card,Delivered,209.4
4603,895,14,2025-09-11,Debit Card,Delivered,107.77
4604,860,16,2024-04-08,Cash,Delivered,94.31
4605,822,18,2024-05-07,Net Banking,Delivered,47.9
4606,818,19,2025-08-29,Debit Card,Delivered,155.6
4607,218,9,2025-04-11,Debit Card,Shipped,168.21
4608,683,13,2025-02-15,Net Banking,Returned,130.24
4609,552,20,2025-08-26,Net Banking,Delivered,43.44
4610,110,15,2025-12-18,UPI,Processing,221.97
4611,599,2,2025-03-19,UPI,Processing,170.46
4612,83,1,2024-03-25,Credit Card,Shipped,94.75
4613,106,11,2025-04-03,Cash,Delivered,115.28
4614,746,11,2025-03-18,UPI,Delivered,56.08
4615,433,1,2025-06-01,UPI,Delivered,179.06
4616,577,6,2024-09-24,Credit Card,Delivered,83.57
4617,626,14,2025-01-11,Net Banking,Delivered,43.92
4618,332,1,2024-10-11,Debit Card,Shipped,125.79
4619,591,8,2025-12-25,Cash,Delivered,49.57
4620,768,9,2025-12-30,Credit Card,Shipped,131.27
4621,852,18,2025-04-27,Net Banking,Delivered,109.54
4622,128,10,2025-04-01,UPI,Processing,109.39
4623,880,8,2025-11-29,Net Banking,Delivered,188.2
4624,439,6,2025-05-17,Cash,Processing,103.18
4625,645,14,2024-03-14,Credit Card,Delivered,100.38
4626,777,14,2024-09-07,Net Banking,Processing,180.95
4627,331,17,2024-07-19,Debit Card,Delivered,191.22
4628,23,3,2024-03-27,Credit Card,Delivered,161.4
4629,342,3,2025-09-07,Net Banking,Delivered,40.32
4630,659,17,2024-10-28,Debit Card,Delivered,222.33
4631,502,15,2025-12-26,Debit Card,Delivered,199.39
4632,913,7,2024-02-19,Cash,Delivered,70.8
4633,766,14,2024-07-17,Credit Card,Delivered,182.8
4634,644,20,2024-08-04,Debit Card,Delivered,203.99
4635,766,8,2025-01-21,Credit Card,Delivered,55.11
4636,201,8,2024-06-03,Debit Card,Delivered,128.55
4637,732,2,2025-05-03,Cash,Processing,216.02
4638,309,9,2025-04-02,Debit Card,Delivered,226.09
4639,692,14,2024-06-26,Credit Card,Delivered,238.07
4640,552,11,2025-03-31,UPI,Delivered,229.36
4641,937,20,2025-07-21,Cash,Processing,95.64
4642,990,12,2025-05-22,Net Banking,Delivered,100.24
4643,964,10,2024-09-02,Net Banking,Shipped,69.05
4644,869,7,2024-12-28,Cash,Shipped,205.31
4645,986,8,2024-01-29,Cash,Delivered,128.18
4646,289,1,2025-05-01,Debit Card,Processing,44.73
4647,432,15,2025-05-06,Debit Card,Delivered,165.32
4648,205,10,2024-12-25,UPI,Delivered,198.42
4649,668,7,2024-07-31,UPI,Delivered,52.22
4650,659,2,2024-02-03,Net Banking,Processing,195.08
4651,382,13,2025-02-22,Debit Card,Shipped,71.5
4652,740,9,2024-10-24,Debit Card,Delivered,246.47
4653,671,14,2024-12-07,Debit Card,Delivered,240.3
4654,886,5,2024-07-24,Cash,Delivered,46.7
4655,938,1,2025-11-30,UPI,Delivered,46.07
4656,755,3,2025-08-07,UPI,Delivered,91.56
4657,599,12,2024-11-11,Cash,Delivered,166.0
4658,514,19,2025-09-04,Net Banking,Shipped,215.05
4659,89,18,2024-03-23,UPI,Delivered,106.84
4660,767,15,2024-08-08,Debit Card,Delivered,56.07
4661,482,15,2024-11-09,Cash,Cancelled,147.25
4662,419,17,2025-10-25,Cash,Delivered,98.94
4663,751,19,2025-04-17,Cash,Delivered,176.69
4664,561,5,2025-01-27,Net Banking,Delivered,118.3
4665,378,13,2024-05-16,Debit Card,Returned,163.1
4666,540,20,2024-01-18,UPI,Delivered,74.45
4667,709,8,2024-08-26,UPI,Shipped,160.59
4668,509,14,2024-07-09,Debit Card,Processing,106.26
4669,697,8,2025-05-07,Net Banking,Delivered,76.69
4670,69,9,2024-06-08,UPI,Delivered,85.42
4671,545,13,2024-03-31,Cash,Delivered,141.76
4672,889,8,2025-04-06,Credit Card,Delivered,215.98
4673,465,17,2024-09-16,Debit Card,Delivered,135.59
4674,848,5,2024-11-05,UPI,Delivered,167.2
4675,106,1,2024-10-15,Credit Card,Cancelled,87.45
4676,493,8,2025-05-31,Debit Card,Returned,152.83
4677,717,14,2025-11-29,Cash,Delivered,222.08
4678,491,10,2025-05-23,UPI,Delivered,243.57
4679,79,17,2025-01-10,Credit Card,Delivered,114.62
4680,201,9,2025-01-17,Cash,Shipped,152.25
4681,358,7,2024-03-21,Net Banking,Cancelled,202.92
4682,654,6,2025-01-08,UPI,Delivered,166.49
4683,898,20,2024-12-17,Net Banking,Delivered,161.24
4684,723,3,2024-11-06,Credit Card,Returned,156.34
4685,339,12,2025-01-19,Net Banking,Processing,244.33
4686,386,15,2024-04-23,Debit Card,Shipped,77.34
4687,211,4,2025-07-04,Net Banking,Delivered,151.82
4688,94,18,2025-08-08,UPI,Shipped,248.48
4689,67,9,2025-06-29,Cash,Delivered,66.7
4690,837,6,2025-09-13,Debit Card,Cancelled,61.59
4691,898,12,2025-09-14,Net Banking,Delivered,216.65
4692,861,19,2024-02-23,UPI,Delivered,148.15
4693,484,7,2024-06-07,Debit Card,Delivered,58.3
4694,91,7,2025-02-15,Credit Card,Delivered,225.36
4695,372,7,2024-12-30,UPI,Returned,107.35
4696,195,2,2024-02-09,Debit Card,Delivered,134.45
4697,91,4,2025-06-29,UPI,Delivered,226.48
4698,370,20,2025-02-21,Net Banking,Delivered,201.29
4699,468,14,2024-11-23,Cash,Delivered,208.05
4700,908,10,2024-11-29,UPI,Shipped,195.82
4701,612,19,2024-07-07,UPI,Delivered,237.14
4702,274,11,2025-09-04,Credit Card,Delivered,104.43
4703,958,20,2024-03-25,UPI,Delivered,244.06
4704,767,13,2025-12-12,Cash,Delivered,59.59
4705,917,17,2024-03-01,Credit Card,Delivered,92.51
4706,415,18,2024-05-06,Credit Card,Delivered,145.73
4707,156,3,2024-05-08,Cash,Delivered,173.99
4708,666,13,2024-06-23,Net Banking,Delivered,120.11
4709,32,17,2024-05-29,Credit Card,Delivered,144.28
4710,89,1,2025-12-26,UPI,Delivered,88.38
4711,819,12,2025-11-08,Cash,Delivered,67.86
4712,467,2,2025-10-04,Credit Card,Delivered,46.41
4713,677,15,2025-10-22,Debit Card,Delivered,169.29
4714,261,7,2024-05-11,Net Banking,Delivered,65.64
4715,359,3,2025-09-16,Debit Card,Delivered,229.2
4716,340,17,2024-02-15,UPI,Shipped,70.96
4717,971,17,2025-10-08,Cash,Delivered,119.82
4718,566,1,2024-10-21,Credit Card,Shipped,214.67
4719,14,14,2024-09-25,Debit Card,Processing,226.15
4720,462,13,2024-09-26,Net Banking,Returned,48.75
4721,24,9,2025-08-16,UPI,Delivered,244.13
4722,518,11,2025-08-21,Cash,Delivered,184.44
4723,37,4,2024-07-28,Cash,Delivered,216.61
4724,825,5,2025-03-17,Credit Card,Delivered,143.35
4725,949,17,2025-06-04,Cash,Shipped,119.99
4726,714,20,2025-03-11,Net Banking,Processing,55.55
4727,675,2,2025-02-02,Cash,Delivered,225.86
4728,864,19,2024-05-21,UPI,Processing,248.38
4729,570,13,2024-07-17,UPI,Cancelled,141.22
4730,284,15,2025-08-26,UPI,Shipped,169.23
4731,522,1,2024-08-07,Credit Card,Delivered,199.58
4732,878,17,2024-09-19,Net Banking,Shipped,200.71
4733,574,6,2024-09-08,Net Banking,Delivered,55.42
4734,772,4,2025-12-29,Debit Card,Delivered,158.31
4735,981,12,2024-02-18,Credit Card,Delivered,66.91
4736,603,12,2024-09-02,UPI,Returned,125.86
4737,655,2,2024-08-08,Net Banking,Delivered,86.42
4738,748,13,2025-11-04,Cash,Delivered,156.88
4739,778,17,2025-06-06,Cash,Processing,151.03
4740,855,11,2025-02-27,Cash,Delivered,71.34
4741,377,18,2024-06-19,Credit Card,Processing,73.36
4742,735,18,2024-06-17,UPI,Shipped,63.26
4743,158,8,2024-08-11,Debit Card,Delivered,131.73
4744,527,11,2025-06-06,Cash,Delivered,102.59
4745,497,14,2025-03-08,Cash,Delivered,168.27
4746,286,11,2025-02-12,Net Banking,Delivered,244.45
4747,589,11,2024-10-14,Net Banking,Delivered,70.78
4748,366,7,2024-08-24,UPI,Cancelled,107.7
4749,701,11,2024-12-18,Net Banking,Delivered,233.99
4750,638,16,2025-12-17,Debit Card,Delivered,136.04
4751,90,3,2024-10-10,Debit Card,Returned,121.01
4752,439,15,2024-06-09,Debit Card,Shipped,216.2
4753,121,20,2025-10-29,Net Banking,Delivered,94.01
4754,275,20,2024-08-17,Cash,Delivered,106.84
4755,798,14,2025-01-01,Debit Card,Processing,168.39
4756,543,20,2025-03-27,Cash,Delivered,191.75
4757,580,7,2024-02-21,Debit Card,Shipped,211.82
4758,856,4,2024-03-03,Cash,Shipped,215.8
4759,777,11,2024-03-28,Net Banking,Delivered,174.25
4760,945,9,2024-06-25,Credit Card,Delivered,98.96
4761,811,7,2025-07-08,Debit Card,Shipped,166.04
4762,391,14,2025-05-06,Net Banking,Delivered,171.97
4763,447,2,2024-09-17,UPI,Processing,223.59
4764,282,1,2024-02-04,Credit Card,Delivered,103.0
4765,74,11,2024-01-06,Credit Card,Delivered,90.82
4766,409,13,2025-06-23,Cash,Delivered,112.64
4767,280,14,2024-09-24,UPI,Delivered,163.01
4768,42,20,2025-02-06,Cash,Delivered,96.14
4769,649,5,2025-02-16,Cash,Delivered,172.12
4770,405,10,2024-07-30,Net Banking,Delivered,62.49
4771,157,17,2025-12-08,Debit Card,Delivered,195.17
4772,158,17,2025-11-30,Debit Card,Shipped,75.85
4773,901,12,2024-03-28,Debit Card,Shipped,218.46
4774,859,7,2025-10-26,Net Banking,Delivered,44.12
4775,465,11,2025-05-24,Debit Card,Delivered,58.76
4776,396,6,2024-06-11,Cash,Delivered,237.9
4777,408,16,2025-01-14,Net Banking,Delivered,197.16
4778,457,18,2024-01-03,Net Banking,Shipped,44.7
4779,851,11,2025-05-07,UPI,Delivered,227.68
4780,584,4,2025-12-14,Net Banking,Delivered,135.78
4781,380,3,2025-01-18,Credit Card,Delivered,184.48
4782,99,10,2024-11-02,Net Banking,Shipped,111.2
4783,103,14,2025-11-19,Debit Card,Delivered,77.35
4784,779,8,2025-11-20,Net Banking,Shipped,110.63
4785,488,9,2025-08-07,Cash,Delivered,113.61
4786,597,2,2024-11-22,Cash,Delivered,108.49
4787,270,7,2025-09-19,Debit Card,Delivered,200.83
4788,483,16,2025-07-03,UPI,Delivered,126.21
4789,179,5,2025-07-31,UPI,Processing,95.78
4790,880,2,2025-09-19,Cash,Delivered,239.39
4791,306,4,2024-09-03,Debit Card,Delivered,164.69
4792,128,2,2025-04-22,UPI,Delivered,239.45
4793,259,15,2025-10-20,Cash,Processing,200.96
4794,985,9,2025-09-21,Credit Card,Delivered,211.92
4795,269,18,2025-11-06,Cash,Delivered,114.0
4796,480,17,2025-01-09,Debit Card,Delivered,61.81
4797,277,16,2024-12-16,Debit Card,Delivered,152.13
4798,384,15,2025-10-26,Credit Card,Delivered,105.96
4799,882,5,2024-08-31,Net Banking,Delivered,118.3
4800,19,19,2025-07-19,Debit Card,Delivered,165.54
4801,371,17,2025-05-14,UPI,Delivered,124.51
4802,807,17,2024-06-08,Debit Card,Delivered,64.69
4803,421,6,2024-07-17,Credit Card,Delivered,194.57
4804,310,15,2025-10-15,UPI,Delivered,137.65
4805,411,19,2024-09-14,Cash,Delivered,60.16
4806,686,19,2025-05-19,Cash,Shipped,209.39
4807,252,10,2025-12-11,UPI,Delivered,189.87
4808,349,2,2025-08-08,Net Banking,Shipped,144.86
4809,382,13,2024-10-17,UPI,Delivered,45.33
4810,845,13,2025-09-15,UPI,Delivered,136.62
4811,695,1,2025-09-22,UPI,Shipped,132.05
4812,963,13,2024-02-06,Cash,Delivered,175.7
4813,35,16,2025-08-11,Net Banking,Delivered,165.45
4814,321,11,2025-06-25,UPI,Delivered,187.76
4815,768,12,2024-04-22,Net Banking,Processing,89.63
4816,790,19,2025-07-16,Cash,Delivered,182.14
4817,203,14,2024-12-27,Cash,Returned,117.28
4818,815,12,2025-11-20,Net Banking,Delivered,49.55
4819,466,5,2024-02-29,Credit Card,Delivered,85.02
4820,991,7,2024-03-28,Credit Card,Processing,212.26
4821,627,1,2024-07-17,UPI,Delivered,49.9
4822,933,10,2025-04-24,Credit Card,Delivered,105.05
4823,233,14,2025-09-21,Cash,Processing,233.81
4824,492,19,2024-11-17,Cash,Delivered,212.24
4825,974,9,2024-03-05,Net Banking,Returned,81.16
4826,12,2,2025-11-14,Cash,Delivered,87.95
4827,793,14,2025-01-07,Debit Card,Delivered,72.21
4828,526,6,2024-01-26,Debit Card,Delivered,248.25
4829,243,16,2025-03-01,Net Banking,Cancelled,188.58
4830,145,17,2024-03-10,Net Banking,Delivered,237.18
4831,91,5,2024-04-16,Credit Card,Returned,207.32
4832,78,9,2024-06-19,Credit Card,Delivered,73.4
4833,85,4,2025-01-21,Net Banking,Delivered,174.8
4834,826,5,2025-08-04,Debit Card,Processing,221.68
4835,777,11,2025-02-07,Cash,Returned,172.13
4836,387,12,2024-10-06,Credit Card,Delivered,184.15
4837,287,10,2024-11-20,UPI,Delivered,60.49
4838,546,11,2025-12-05,UPI,Delivered,233.49
4839,524,1,2024-07-11,Debit Card,Delivered,83.28
4840,659,18,2025-10-25,UPI,Delivered,85.44
4841,526,10,2025-03-15,UPI,Delivered,228.54
4842,962,3,2025-05-23,Debit Card,Delivered,68.26
4843,969,3,2024-01-29,Debit Card,Delivered,91.2
4844,332,9,2024-09-05,UPI,Processing,63.37
4845,174,18,2025-03-29,Credit Card,Cancelled,42.4
4846,521,16,2024-01-02,Cash,Cancelled,138.43
4847,48,19,2025-05-09,UPI,Returned,178.89
4848,446,4,2025-05-09,Net Banking,Delivered,137.66
4849,759,20,2024-05-27,Debit Card,Delivered,128.42
4850,706,3,2025-05-09,Cash,Delivered,59.7
4851,43,10,2024-05-30,Net Banking,Delivered,148.39
4852,51,10,2025-07-28,UPI,Delivered,210.92
4853,46,8,2024-08-15,Credit Card,Delivered,102.45
4854,815,13,2024-12-02,Debit Card,Delivered,138.13
4855,603,20,2024-04-21,UPI,Delivered,107.81
4856,771,8,2025-12-02,Net Banking,Delivered,121.25
4857,816,19,2024-09-13,UPI,Returned,191.06
4858,661,1,2025-05-13,Credit Card,Delivered,110.62
4859,118,20,2025-11-08,Cash,Delivered,65.91
4860,756,12,2024-03-11,Net Banking,Delivered,79.44
4861,146,19,2025-07-11,Cash,Delivered,42.26
4862,180,4,2024-10-10,Debit Card,Cancelled,54.07
4863,653,13,2024-09-11,Credit Card,Shipped,111.59
4864,412,1,2024-06-24,Credit Card,Delivered,128.92
4865,564,17,2024-01-26,Cash,Delivered,98.03
4866,145,20,2024-01-11,Credit Card,Delivered,248.67
4867,237,17,2025-07-12,Debit Card,Delivered,216.23
4868,85,1,2025-10-16,Cash,Delivered,90.26
4869,872,3,2024-11-30,Cash,Delivered,232.84
4870,588,7,2025-01-21,Debit Card,Delivered,223.98
4871,312,2,2024-03-24,UPI,Delivered,154.05
4872,89,19,2024-07-12,Debit Card,Delivered,239.82
4873,724,16,2025-08-19,Net Banking,Delivered,235.66
4874,828,20,2024-12-13,Cash,Delivered,235.08
4875,878,16,2024-03-24,UPI,Delivered,112.53
4876,463,2,2025-05-27,Net Banking,Delivered,67.21
4877,392,1,2025-12-16,Debit Card,Delivered,122.35
4878,829,8,2025-07-07,Net Banking,Delivered,83.86
4879,395,18,2025-04-03,Debit Card,Delivered,157.04
4880,469,15,2025-02-17,Cash,Processing,41.97
4881,230,10,2024-10-13,Debit Card,Cancelled,177.77
4882,819,15,2025-08-24,Credit Card,Processing,174.2
4883,779,8,2025-04-28,UPI,Delivered,77.18
4884,811,14,2025-08-17,Cash,Delivered,198.54
4885,918,9,2025-05-26,Debit Card,Delivered,40.07
4886,288,18,2025-07-09,UPI,Delivered,187.19
4887,743,7,2025-03-25,UPI,Delivered,248.07
4888,21,11,2025-01-31,Debit Card,Delivered,50.81
4889,799,19,2025-08-31,Debit Card,Processing,190.8
4890,823,16,2024-11-02,Cash,Processing,62.09
4891,496,19,2024-02-22,Cash,Delivered,225.03
4892,297,12,2025-01-05,Cash,Delivered,71.47
4893,810,15,2025-08-01,Credit Card,Delivered,183.46
4894,304,17,2024-08-03,Debit Card,Delivered,247.69
4895,777,7,2024-01-26,Net Banking,Delivered,146.57
4896,390,17,2025-12-02,Debit Card,Shipped,42.4
4897,389,19,2025-03-20,Net Banking,Delivered,221.76
4898,736,14,2025-10-27,UPI,Delivered,67.77
4899,801,18,2025-02-23,Cash,Delivered,201.18
4900,905,15,2025-03-29,Cash,Delivered,118.66
4901,776,7,2024-02-11,Net Banking,Delivered,213.34
4902,386,8,2024-05-27,Cash,Delivered,78.58
4903,72,3,2025-03-30,UPI,Cancelled,199.45
4904,127,5,2025-01-01,Net Banking,Delivered,76.2
4905,813,2,2025-11-07,Cash,Delivered,229.21
4906,295,7,2024-06-20,Credit Card,Delivered,183.73
4907,54,5,2024-09-04,Credit Card,Delivered,235.11
4908,287,13,2024-09-15,UPI,Shipped,211.02
4909,855,13,2024-01-29,Net Banking,Returned,94.3
4910,697,1,2024-08-20,Cash,Delivered,177.42
4911,350,15,2024-07-14,Net Banking,Processing,107.85
4912,614,10,2024-05-23,UPI,Delivered,112.16
4913,733,2,2025-05-08,UPI,Shipped,220.91
4914,260,17,2024-09-28,Net Banking,Delivered,151.66
4915,252,4,2024-12-14,UPI,Returned,172.67
4916,803,1,2025-06-16,Debit Card,Delivered,113.51
4917,927,5,2024-11-14,Net Banking,Processing,108.04
4918,421,10,2025-03-30,Credit Card,Delivered,208.15
4919,571,14,2025-05-06,Net Banking,Delivered,241.72
4920,407,1,2025-07-11,Credit Card,Delivered,191.64
4921,173,4,2024-05-13,Credit Card,Processing,232.58
4922,924,3,2024-02-05,Net Banking,Returned,229.75
4923,411,14,2025-07-27,Credit Card,Returned,202.89
4924,135,18,2025-11-08,Cash,Delivered,203.11
4925,942,17,2024-06-12,Cash,Delivered,207.49
4926,258,6,2024-03-19,Debit Card,Delivered,207.41
4927,591,4,2024-06-26,Cash,Cancelled,161.26
4928,308,4,2024-11-13,Cash,Delivered,80.89
4929,555,18,2024-07-06,Net Banking,Delivered,40.94
4930,81,2,2024-11-27,Credit Card,Delivered,105.57
4931,82,5,2025-12-02,UPI,Delivered,73.43
4932,672,1,2025-12-21,UPI,Shipped,142.71
4933,376,9,2024-10-31,UPI,Delivered,151.26
4934,141,3,2025-09-26,UPI,Processing,96.5
4935,135,15,2025-03-01,Debit Card,Delivered,43.76
4936,365,6,2024-04-10,Cash,Delivered,159.94
4937,283,6,2024-09-15,UPI,Delivered,191.48
4938,493,18,2024-02-26,Debit Card,Delivered,154.0
4939,207,1,2024-07-12,Net Banking,Returned,146.61
4940,146,8,2025-05-20,Net Banking,Delivered,152.33
4941,11,14,2025-10-21,UPI,Shipped,221.53
4942,457,20,2024-12-09,Credit Card,Delivered,124.28
4943,275,18,2024-03-18,Debit Card,Delivered,60.94
4944,472,1,2025-10-11,UPI,Delivered,191.7
4945,443,16,2025-08-02,Net Banking,Returned,244.84
4946,136,1,2025-11-16,Net Banking,Delivered,55.46
4947,48,4,2024-05-13,Net Banking,Delivered,192.0
4948,130,8,2024-12-27,Credit Card,Shipped,243.6
4949,862,1,2025-04-05,Debit Card,Delivered,218.71
4950,600,11,2025-05-03,Net Banking,Delivered,230.99
4951,549,12,2024-12-17,Debit Card,Processing,56.24
4952,822,20,2024-08-04,Cash,Delivered,166.32
4953,926,15,2024-01-20,Debit Card,Processing,136.49
4954,880,4,2025-12-13,Debit Card,Cancelled,102.8
4955,847,8,2025-04-23,Net Banking,Delivered,120.95
4956,616,3,2024-12-20,Net Banking,Cancelled,89.92
4957,183,10,2024-03-12,Net Banking,Returned,243.25
4958,746,15,2025-04-26,Credit Card,Shipped,175.61
4959,809,15,2025-12-26,Cash,Delivered,197.81
4960,196,10,2024-10-31,Credit Card,Delivered,111.95
4961,638,15,2024-11-07,Net Banking,Delivered,166.76
4962,371,16,2025-01-20,UPI,Delivered,125.28
4963,872,10,2025-12-29,Credit Card,Processing,221.98
4964,45,6,2025-10-25,Net Banking,Cancelled,49.84
4965,277,18,2024-08-19,UPI,Delivered,66.33
4966,596,14,2025-04-27,UPI,Delivered,191.41
4967,294,1,2025-08-04,Net Banking,Delivered,186.79
4968,234,16,2025-05-09,Cash,Delivered,224.59
4969,392,5,2025-02-19,Credit Card,Delivered,164.72
4970,227,14,2024-02-03,Net Banking,Delivered,165.04
4971,736,9,2024-03-27,UPI,Cancelled,182.54
4972,478,8,2024-05-31,UPI,Cancelled,63.87
4973,189,6,2025-04-16,Cash,Delivered,53.83
4974,984,11,2025-05-18,Cash,Delivered,205.47
4975,650,3,2024-01-12,Net Banking,Delivered,232.87
4976,223,11,2024-08-16,Net Banking,Delivered,194.76
4977,821,10,2025-04-04,Credit Card,Delivered,153.13
4978,855,11,2024-09-05,Net Banking,Delivered,127.24
4979,493,16,2025-12-11,UPI,Returned,92.33
4980,21,6,2025-09-01,Credit Card,Delivered,231.68
4981,477,8,2024-11-04,Cash,Delivered,48.97
4982,147,20,2024-07-26,Net Banking,Delivered,47.97
4983,57,14,2025-10-13,Debit Card,Processing,125.38
4984,320,10,2025-10-22,Credit Card,Delivered,142.67
4985,333,11,2025-12-23,Debit Card,Delivered,51.02
4986,181,8,2024-10-17,UPI,Delivered,143.47
4987,742,2,2024-05-27,Cash,Delivered,116.37
4988,969,19,2024-10-01,Credit Card,Delivered,104.21
4989,701,19,2024-08-24,Cash,Delivered,98.21
4990,758,19,2024-08-05,Credit Card,Shipped,184.67
4991,526,16,2024-06-27,Net Banking,Delivered,110.22
4992,255,17,2024-07-21,UPI,Processing,91.72
4993,239,9,2025-05-07,Debit Card,Delivered,228.61
4994,214,2,2025-11-26,Credit Card,Returned,128.85
4995,866,6,2024-04-13,Credit Card,Delivered,139.89
4996,23,19,2024-09-16,Net Banking,Delivered,190.06
4997,162,2,2025-04-14,Credit Card,Delivered,49.41
4998,410,2,2024-03-15,Credit Card,Delivered,67.73
4999,839,1,2024-04-08,Cash,Shipped,116.78
5000,333,18,2024-12-31,Cash,Delivered,163.43
5001,650,2,2024-09-30,Debit Card,Delivered,228.03
5002,692,10,2025-12-04,Debit Card,Delivered,54.95
5003,636,6,2025-08-30,Debit Card,Processing,219.73
5004,329,8,2024-05-14,Net Banking,Processing,47.47
5005,790,17,2025-05-12,UPI,Delivered,217.34
5006,926,1,2024-12-19,Debit Card,Shipped,86.87
5007,318,20,2025-12-06,Debit Card,Cancelled,244.56
5008,731,16,2025-09-23,UPI,Delivered,144.41
5009,367,16,2024-11-17,UPI,Processing,122.39
5010,178,17,2024-08-24,Credit Card,Returned,126.01
5011,861,14,2024-01-18,UPI,Shipped,68.17
5012,688,18,2024-03-17,Debit Card,Processing,190.38
5013,324,5,2024-08-31,UPI,Processing,40.16
5014,963,3,2025-03-22,Debit Card,Delivered,72.31
5015,622,18,2024-11-17,Cash,Delivered,115.28
5016,431,20,2025-10-29,Cash,Delivered,56.24
5017,703,7,2024-07-13,Cash,Delivered,235.99
5018,764,19,2024-02-13,UPI,Delivered,56.52
5019,784,14,2024-10-18,UPI,Processing,193.86
5020,153,16,2025-09-06,Net Banking,Delivered,157.03
5021,609,7,2025-07-04,UPI,Delivered,244.5
5022,673,4,2025-02-04,Cash,Cancelled,156.52
5023,418,17,2024-04-26,Cash,Shipped,194.11
5024,541,12,2024-03-31,Cash,Cancelled,49.61
5025,643,2,2024-12-24,Net Banking,Delivered,248.58
5026,550,6,2025-07-24,Cash,Delivered,150.04
5027,491,5,2024-01-13,Cash,Delivered,40.37
5028,568,4,2025-10-15,Debit Card,Delivered,172.78
5029,216,12,2025-04-14,Cash,Delivered,137.88
5030,745,1,2024-08-16,Net Banking,Delivered,201.42
5031,455,17,2025-09-10,Net Banking,Delivered,247.62
5032,106,9,2025-01-15,Debit Card,Returned,167.59
5033,422,15,2024-07-28,UPI,Delivered,140.97
5034,37,14,2025-07-31,Cash,Delivered,191.88
5035,382,3,2025-04-05,Net Banking,Delivered,143.2
5036,87,14,2024-04-13,Debit Card,Delivered,49.54
5037,623,12,2025-11-15,Cash,Delivered,103.77
5038,516,2,2024-04-01,Cash,Delivered,235.72
5039,738,2,2024-01-17,Credit Card,Delivered,215.33
5040,439,11,2024-12-20,Credit Card,Delivered,138.64
5041,494,8,2025-05-03,UPI,Delivered,60.88
5042,705,18,2025-05-22,Cash,Delivered,204.38
5043,111,12,2025-03-01,Debit Card,Delivered,181.39
5044,873,4,2024-01-13,Credit Card,Delivered,52.09
5045,979,10,2025-01-18,Debit Card,Delivered,178.22
5046,303,19,2024-12-16,UPI,Delivered,196.32
5047,682,19,2024-02-07,Net Banking,Cancelled,217.02
5048,867,16,2025-08-04,Cash,Delivered,89.75
5049,490,5,2025-06-06,Debit Card,Delivered,122.26
5050,208,10,2024-01-14,Credit Card,Delivered,202.21
5051,29,1,2024-03-01,Net Banking,Delivered,86.91
5052,630,10,2024-06-10,Net Banking,Cancelled,247.04
5053,709,9,2025-05-18,UPI,Delivered,159.31
5054,423,11,2025-10-21,Debit Card,Delivered,121.37
5055,635,16,2025-06-08,Credit Card,Delivered,149.59
5056,161,5,2025-01-21,Debit Card,Delivered,203.38
5057,414,2,2025-10-09,UPI,Delivered,92.46
5058,230,10,2024-05-12,UPI,Delivered,196.15
5059,874,4,2025-04-07,Credit Card,Delivered,178.45
5060,578,2,2025-06-15,Debit Card,Delivered,148.48
5061,170,17,2025-10-06,UPI,Delivered,126.69
5062,45,18,2025-03-17,UPI,Processing,85.68
5063,500,17,2024-05-10,Net Banking,Delivered,97.84
5064,629,2,2025-10-12,Net Banking,Delivered,207.93
5065,85,11,2025-03-02,Credit Card,Delivered,168.41
5066,830,10,2025-07-18,Debit Card,Delivered,43.11
5067,819,9,2024-06-12,Net Banking,Delivered,152.71
5068,196,3,2025-02-06,Credit Card,Processing,89.29
5069,308,12,2024-03-19,UPI,Delivered,55.47
5070,936,18,2024-04-22,UPI,Delivered,119.85
5071,647,19,2025-01-24,UPI,Cancelled,205.48
5072,781,8,2025-09-10,Net Banking,Delivered,120.48
5073,271,15,2024-01-26,UPI,Processing,159.25
5074,851,4,2024-05-07,Net Banking,Processing,169.28
5075,868,13,2024-11-18,Net Banking,Delivered,103.79
5076,420,18,2025-05-12,Net Banking,Delivered,84.4
5077,993,2,2024-03-05,Credit Card,Delivered,98.99
5078,774,3,2024-07-21,Net Banking,Delivered,238.21
5079,649,4,2025-07-29,Debit Card,Delivered,246.49
5080,715,8,2024-03-28,Credit Card,Delivered,64.33
5081,685,1,2025-08-24,Debit Card,Delivered,48.1
5082,425,1,2025-01-04,Net Banking,Shipped,206.4
5083,465,4,2025-01-30,Debit Card,Delivered,145.7
5084,218,3,2025-06-23,UPI,Delivered,95.16
5085,782,13,2024-12-28,Debit Card,Delivered,66.28
5086,469,11,2024-06-05,Cash,Delivered,206.02
5087,744,9,2025-04-10,UPI,Delivered,220.15
5088,272,9,2025-04-05,Net Banking,Delivered,168.82
5089,461,1,2025-06-21,Net Banking,Cancelled,91.86
5090,726,8,2024-04-19,Cash,Shipped,249.76
5091,92,6,2024-10-22,Cash,Returned,54.87
5092,18,8,2025-01-29,Credit Card,Delivered,209.9
5093,240,3,2024-12-25,Net Banking,Delivered,142.67
5094,248,3,2025-02-10,UPI,Delivered,249.25
5095,416,11,2025-09-09,Debit Card,Delivered,59.87
5096,232,13,2024-11-25,UPI,Delivered,100.61
5097,288,15,2024-03-03,Debit Card,Returned,124.0
5098,308,18,2025-09-05,Cash,Shipped,173.59
5099,606,9,2025-06-15,Net Banking,Delivered,54.56
5100,920,8,2024-01-13,Cash,Processing,45.32
5101,944,15,2024-02-24,Cash,Delivered,55.08
5102,973,8,2025-05-12,Cash,Delivered,230.57
5103,203,7,2025-09-01,UPI,Delivered,61.69
5104,453,4,2024-03-16,Net Banking,Shipped,128.86
5105,38,9,2024-02-23,Net Banking,Delivered,233.6
5106,294,10,2024-10-01,UPI,Cancelled,210.13
5107,870,19,2024-12-08,Cash,Delivered,87.76
5108,682,17,2024-08-26,Debit Card,Delivered,193.39
5109,948,11,2025-12-19,Debit Card,Cancelled,88.05
5110,492,1,2024-04-21,Credit Card,Shipped,115.64
5111,898,2,2024-01-02,Debit Card,Delivered,207.36
5112,185,13,2025-08-20,Cash,Returned,85.03
5113,735,4,2025-01-30,Net Banking,Delivered,214.61
5114,107,15,2024-08-29,Credit Card,Returned,222.5
5115,712,5,2025-03-13,Debit Card,Delivered,190.71
5116,952,7,2024-06-04,Net Banking,Processing,217.62
5117,879,11,2025-01-20,Credit Card,Processing,72.22
5118,675,13,2025-05-05,Net Banking,Delivered,59.42
5119,81,8,2025-12-19,Debit Card,Delivered,206.12
5120,940,20,2025-05-08,Cash,Delivered,47.01
5121,375,12,2024-01-07,Net Banking,Delivered,140.32
5122,845,11,2024-08-22,Cash,Delivered,64.87
5123,398,5,2024-05-04,Debit Card,Delivered,186.47
5124,571,20,2025-08-24,Credit Card,Cancelled,117.91
5125,403,10,2024-09-26,Cash,Delivered,164.43
5126,611,15,2025-12-11,UPI,Delivered,102.15
5127,662,11,2025-10-05,Debit Card,Delivered,217.86
5128,614,8,2024-08-24,Debit Card,Delivered,139.84
5129,742,18,2024-04-11,Cash,Delivered,196.95
5130,371,11,2024-06-03,Credit Card,Delivered,218.97
5131,338,1,2024-02-26,Net Banking,Cancelled,121.78
5132,8,2,2024-02-24,UPI,Shipped,207.22
5133,684,2,2024-04-23,UPI,Processing,129.07
5134,73,19,2025-03-01,Cash,Delivered,94.16
5135,992,20,2024-09-15,Net Banking,Delivered,238.99
5136,2,2,2024-08-24,Net Banking,Delivered,177.58
5137,544,10,2024-07-16,Cash,Processing,171.14
5138,704,18,2025-11-27,Cash,Delivered,81.29
5139,76,2,2024-08-11,Debit Card,Delivered,151.14
5140,693,15,2025-05-20,Credit Card,Delivered,126.67
5141,993,11,2025-01-06,Cash,Delivered,69.09
5142,791,17,2024-03-14,Net Banking,Delivered,69.34
5143,219,3,2025-02-24,Net Banking,Shipped,123.5
5144,125,16,2024-10-21,Cash,Delivered,172.24
5145,849,1,2024-08-16,Credit Card,Delivered,94.98
5146,707,14,2024-04-29,Net Banking,Delivered,146.42
5147,935,20,2024-11-20,Net Banking,Delivered,218.0
5148,281,1,2025-03-20,Credit Card,Delivered,204.13
5149,70,19,2025-11-13,Credit Card,Delivered,245.28
5150,808,18,2024-05-23,Credit Card,Processing,173.36
5151,825,15,2025-02-15,UPI,Delivered,226.49
5152,473,19,2024-09-03,Debit Card,Delivered,171.17
5153,866,6,2024-11-24,Credit Card,Delivered,230.47
5154,780,9,2025-02-28,Debit Card,Delivered,149.25
5155,821,14,2024-09-11,Net Banking,Delivered,63.72
5156,77,10,2024-04-28,Credit Card,Delivered,129.48
5157,620,17,2024-01-25,UPI,Delivered,144.93
5158,862,11,2024-03-28,Debit Card,Shipped,164.7
5159,801,2,2025-11-06,Cash,Delivered,75.05
5160,544,16,2025-05-08,Net Banking,Delivered,233.68
5161,101,5,2025-08-13,UPI,Shipped,95.95
5162,977,8,2025-02-03,Cash,Delivered,126.62
5163,405,1,2025-02-10,Credit Card,Delivered,108.04
5164,75,18,2024-10-31,UPI,Delivered,107.09
5165,635,19,2025-11-04,Net Banking,Returned,138.37
5166,739,15,2024-08-20,Net Banking,Delivered,214.42
5167,874,19,2025-05-15,Debit Card,Shipped,54.16
5168,836,5,2025-10-20,Debit Card,Shipped,96.58
5169,76,3,2024-03-28,Cash,Delivered,247.4
5170,13,7,2025-04-11,Net Banking,Delivered,241.87
5171,981,15,2025-02-06,Cash,Delivered,73.67
5172,299,6,2025-07-22,Credit Card,Delivered,207.26
5173,44,12,2025-07-10,Cash,Returned,46.74
5174,717,5,2025-06-04,Net Banking,Returned,171.94
5175,573,5,2025-10-14,Net Banking,Delivered,241.93
5176,819,4,2024-06-24,UPI,Processing,183.42
5177,538,7,2025-06-18,UPI,Delivered,132.69
5178,362,10,2025-03-13,Net Banking,Delivered,78.62
5179,137,1,2025-04-28,UPI,Delivered,217.44
5180,303,5,2025-07-17,Net Banking,Delivered,214.22
5181,448,6,2024-03-12,Cash,Delivered,130.28
5182,645,13,2024-08-02,Debit Card,Delivered,171.19
5183,362,11,2024-12-01,UPI,Delivered,44.09
5184,907,3,2025-01-07,UPI,Delivered,169.87
5185,551,9,2025-12-06,Credit Card,Delivered,224.19
5186,707,2,2024-07-31,UPI,Delivered,42.25
5187,138,5,2025-04-07,Credit Card,Delivered,72.24
5188,542,8,2025-10-31,UPI,Shipped,79.98
5189,700,5,2024-10-05,Debit Card,Delivered,135.95
5190,589,4,2024-07-28,Cash,Shipped,69.72
5191,31,20,2025-07-27,UPI,Processing,188.99
5192,127,14,2024-08-14,Cash,Delivered,215.59
5193,745,10,2025-04-27,UPI,Delivered,220.21
5194,383,9,2024-09-17,Debit Card,Delivered,43.96
5195,447,13,2024-04-11,Debit Card,Delivered,40.9
5196,560,10,2025-12-03,Debit Card,Shipped,109.57
5197,103,11,2024-01-29,UPI,Delivered,102.86
5198,969,14,2025-08-17,Credit Card,Delivered,163.13
5199,99,4,2024-10-29,Debit Card,Delivered,211.8
5200,625,14,2025-10-31,Net Banking,Delivered,188.07
5201,749,7,2024-04-11,UPI,Delivered,74.11
5202,382,6,2024-12-05,Credit Card,Delivered,67.96
5203,958,2,2025-07-19,Debit Card,Delivered,155.13
5204,664,15,2025-04-11,Debit Card,Delivered,233.46
5205,978,10,2024-02-28,Cash,Returned,76.61
5206,765,7,2024-12-14,Net Banking,Delivered,202.03
5207,119,11,2024-03-30,Credit Card,Processing,107.06
5208,446,6,2025-12-03,Cash,Delivered,154.09
5209,182,13,2025-07-05,UPI,Delivered,246.47
5210,545,19,2024-10-09,UPI,Returned,44.17
5211,822,18,2025-01-02,Net Banking,Delivered,199.44
5212,121,18,2025-04-27,Cash,Delivered,226.66
5213,847,5,2024-11-12,Credit Card,Delivered,227.5
5214,981,11,2025-01-11,Debit Card,Delivered,116.54
5215,47,11,2024-07-04,Debit Card,Delivered,133.02
5216,508,20,2025-03-31,Net Banking,Returned,58.54
5217,193,15,2025-11-27,Net Banking,Shipped,86.93
5218,313,11,2025-12-26,Cash,Delivered,69.99
5219,333,4,2024-09-13,UPI,Returned,40.12
5220,914,12,2025-08-06,Net Banking,Delivered,231.43
5221,818,4,2024-02-09,Debit Card,Delivered,242.49
5222,120,7,2024-07-04,Credit Card,Delivered,149.55
5223,63,1,2025-01-19,Net Banking,Delivered,136.29
5224,767,3,2025-11-28,Credit Card,Delivered,173.48
5225,601,20,2025-06-12,Credit Card,Delivered,247.56
5226,288,13,2025-05-22,UPI,Shipped,197.02
5227,619,16,2025-08-08,Net Banking,Processing,217.58
5228,478,4,2024-05-09,Debit Card,Delivered,236.36
5229,217,17,2024-08-13,Cash,Shipped,225.2
5230,362,5,2025-11-23,Net Banking,Delivered,174.97
5231,882,20,2025-07-28,Net Banking,Delivered,176.91
5232,792,9,2025-07-13,Credit Card,Returned,138.16
5233,249,2,2025-12-14,Net Banking,Delivered,40.86
5234,509,19,2024-08-30,Debit Card,Delivered,245.85
5235,844,10,2025-10-31,Debit Card,Delivered,183.64
5236,676,9,2025-10-19,Debit Card,Delivered,218.5
5237,463,13,2024-02-14,Net Banking,Cancelled,75.77
5238,139,13,2025-03-12,Debit Card,Delivered,88.77
5239,851,12,2025-04-07,Net Banking,Delivered,122.11
5240,256,11,2024-09-22,Net Banking,Delivered,148.23
5241,529,11,2025-09-17,Net Banking,Shipped,137.03
5242,721,19,2025-09-12,Cash,Delivered,219.57
5243,520,8,2025-04-06,Cash,Delivered,179.86
5244,74,13,2025-07-19,Cash,Delivered,249.16
5245,314,2,2024-08-11,Cash,Processing,185.62
5246,454,4,2024-02-28,Cash,Delivered,121.47
5247,653,7,2025-12-03,Debit Card,Delivered,174.8
5248,504,17,2024-01-03,Net Banking,Delivered,162.61
5249,196,7,2024-06-01,Net Banking,Delivered,42.87
5250,419,19,2024-07-12,Net Banking,Delivered,67.28
5251,342,2,2025-07-21,Credit Card,Delivered,200.65
5252,953,13,2024-05-21,Debit Card,Delivered,136.31
5253,712,11,2024-11-17,UPI,Delivered,134.6
5254,609,2,2024-09-25,Credit Card,Delivered,66.87
5255,494,16,2024-10-01,UPI,Delivered,206.36
5256,908,2,2024-12-03,Net Banking,Delivered,114.96
5257,353,15,2025-01-11,UPI,Cancelled,71.25
5258,421,4,2024-02-11,Cash,Delivered,80.86
5259,272,12,2024-11-12,Net Banking,Delivered,138.72
5260,114,6,2025-02-05,UPI,Delivered,92.35
5261,612,3,2025-11-09,Credit Card,Delivered,193.81
5262,863,14,2024-01-15,Debit Card,Delivered,194.34
5263,928,5,2024-04-15,Credit Card,Processing,230.33
5264,665,8,2025-07-08,UPI,Delivered,102.17
5265,571,12,2025-03-05,Credit Card,Delivered,236.73
5266,379,11,2025-01-14,Debit Card,Delivered,50.72
5267,218,11,2025-02-21,Cash,Delivered,144.67
5268,621,10,2025-07-05,Credit Card,Delivered,68.75
5269,879,7,2025-02-23,Net Banking,Shipped,52.96
5270,844,14,2025-11-25,UPI,Delivered,77.37
5271,410,19,2024-09-07,Cash,Shipped,246.44
5272,971,14,2024-05-25,Net Banking,Delivered,238.86
5273,154,2,2024-07-07,Net Banking,Delivered,239.27
5274,24,13,2025-11-23,UPI,Delivered,167.15
5275,659,15,2025-03-18,UPI,Cancelled,54.1
5276,695,4,2024-12-14,Credit Card,Delivered,83.51
5277,259,10,2024-08-01,Net Banking,Delivered,131.65
5278,916,6,2025-05-02,UPI,Delivered,192.9
5279,665,7,2025-07-18,Credit Card,Shipped,211.76
5280,753,3,2025-08-25,Net Banking,Delivered,233.17
5281,625,5,2025-10-26,UPI,Delivered,110.81
5282,492,3,2024-01-26,Credit Card,Delivered,127.76
5283,920,18,2024-02-26,Credit Card,Processing,147.29
5284,475,15,2025-10-30,Debit Card,Delivered,203.67
5285,293,20,2024-11-19,Net Banking,Delivered,194.42
5286,911,15,2025-07-02,Credit Card,Processing,236.04
5287,410,7,2024-03-04,Credit Card,Delivered,178.65
5288,766,1,2025-12-11,UPI,Returned,75.16
5289,567,2,2025-08-13,Debit Card,Delivered,187.77
5290,516,19,2025-01-09,Debit Card,Delivered,225.02
5291,419,1,2025-05-17,Net Banking,Delivered,185.45
5292,663,14,2024-01-20,Debit Card,Delivered,185.9
5293,939,11,2024-09-20,Credit Card,Delivered,85.68
5294,477,9,2025-07-17,Cash,Delivered,230.29
5295,15,15,2024-09-24,UPI,Processing,186.81
5296,427,11,2024-10-06,Cash,Delivered,202.84
5297,445,3,2024-02-24,Credit Card,Cancelled,147.93
5298,465,5,2025-09-13,Net Banking,Delivered,123.77
5299,815,20,2024-03-03,Credit Card,Delivered,247.67
5300,704,3,2025-02-14,Cash,Delivered,131.88
5301,350,7,2024-01-02,Cash,Delivered,148.35
5302,35,11,2025-03-10,Cash,Shipped,123.54
5303,11,7,2025-06-11,UPI,Delivered,242.38
5304,388,10,2025-02-15,Cash,Returned,161.22
5305,652,3,2025-01-11,Credit Card,Delivered,149.98
5306,902,6,2024-05-06,Debit Card,Delivered,183.79
5307,383,9,2024-08-31,UPI,Processing,206.28
5308,591,20,2024-03-27,UPI,Returned,156.84
5309,570,1,2024-09-24,Net Banking,Delivered,235.5
5310,483,1,2024-05-01,Net Banking,Shipped,183.88
5311,894,4,2025-05-12,Debit Card,Delivered,140.7
5312,106,2,2025-10-26,Cash,Processing,52.23
5313,231,14,2024-08-19,Net Banking,Delivered,193.72
5314,389,15,2025-09-03,Credit Card,Delivered,101.67
5315,686,2,2024-03-26,Debit Card,Returned,59.23
5316,948,1,2025-08-07,UPI,Delivered,50.71
5317,509,18,2024-04-18,Debit Card,Delivered,77.09
5318,50,5,2025-01-16,Debit Card,Delivered,158.72
5319,703,8,2024-06-16,Net Banking,Delivered,57.2
5320,177,20,2025-11-21,Cash,Delivered,171.12
5321,485,9,2025-09-09,Cash,Delivered,177.33
5322,656,8,2024-12-07,Net Banking,Delivered,164.95
5323,767,10,2025-04-07,Debit Card,Processing,75.07
5324,393,20,2024-06-03,Debit Card,Delivered,74.81
5325,86,13,2024-10-15,Debit Card,Delivered,203.5
5326,452,10,2024-08-04,UPI,Cancelled,205.25
5327,96,7,2025-01-10,Credit Card,Delivered,204.01
5328,786,8,2025-09-19,Cash,Shipped,207.21
5329,760,19,2025-02-08,Net Banking,Delivered,152.05
5330,923,13,2025-11-23,UPI,Processing,107.25
5331,786,3,2025-05-23,Cash,Delivered,178.03
5332,534,10,2025-01-06,Net Banking,Shipped,148.4
5333,282,9,2024-03-21,Net Banking,Delivered,148.26
5334,979,11,2024-08-04,Net Banking,Delivered,99.48
5335,691,12,2024-02-16,Cash,Delivered,109.45
5336,633,19,2025-08-01,Net Banking,Delivered,78.36
5337,784,8,2025-01-17,Debit Card,Delivered,132.69
5338,112,4,2025-08-28,UPI,Delivered,242.19
5339,531,12,2025-12-18,UPI,Returned,92.56
5340,435,17,2025-11-24,Net Banking,Delivered,249.05
5341,611,8,2024-11-25,Credit Card,Delivered,114.96
5342,422,4,2025-08-13,Net Banking,Delivered,50.99
5343,465,7,2025-11-05,Debit Card,Delivered,218.8
5344,899,2,2024-01-09,Credit Card,Delivered,220.27
5345,159,12,2024-09-28,Net Banking,Returned,144.02
5346,9,11,2024-05-17,Debit Card,Delivered,213.51
5347,530,16,2025-08-11,Net Banking,Processing,190.83
5348,992,3,2024-05-24,Debit Card,Delivered,183.45
5349,747,18,2025-09-15,Debit Card,Delivered,121.19
5350,179,19,2024-10-28,Credit Card,Cancelled,241.27
5351,739,18,2025-05-08,Debit Card,Delivered,247.2
5352,83,9,2024-07-03,Cash,Delivered,78.46
5353,549,2,2024-12-10,Debit Card,Delivered,70.25
5354,434,15,2024-07-04,Cash,Delivered,145.72
5355,634,15,2025-10-26,Net Banking,Returned,150.19
5356,339,10,2025-04-26,Debit Card,Delivered,94.18
5357,777,10,2025-04-07,UPI,Delivered,40.9
5358,949,5,2025-09-17,Net Banking,Returned,246.58
5359,912,1,2025-03-01,Debit Card,Returned,131.34
5360,465,11,2025-12-13,UPI,Returned,162.1
5361,386,8,2024-09-14,Net Banking,Delivered,63.28
5362,862,17,2024-10-12,Debit Card,Shipped,140.49
5363,433,12,2024-09-05,Cash,Delivered,226.29
5364,420,18,2025-01-03,Cash,Delivered,67.79
5365,889,2,2024-09-02,Cash,Delivered,127.97
5366,259,17,2025-09-20,UPI,Processing,243.24
5367,388,2,2024-04-14,Credit Card,Shipped,134.4
5368,248,8,2024-11-02,UPI,Delivered,132.4
5369,181,16,2025-11-22,UPI,Delivered,173.51
5370,292,10,2024-06-14,Cash,Processing,113.95
5371,883,3,2024-07-11,UPI,Delivered,56.06
5372,716,1,2025-07-10,Cash,Delivered,79.06
5373,553,2,2025-05-14,Cash,Delivered,106.98
5374,356,20,2024-11-01,Net Banking,Delivered,124.28
5375,363,14,2024-08-25,Debit Card,Shipped,102.25
5376,953,1,2025-06-19,Credit Card,Delivered,155.7
5377,181,11,2025-06-18,Credit Card,Delivered,75.98
5378,536,18,2025-11-09,Cash,Delivered,48.72
5379,855,20,2024-11-19,Debit Card,Delivered,233.69
5380,539,10,2025-09-12,Credit Card,Delivered,227.02
5381,861,18,2025-12-10,Debit Card,Delivered,47.56
5382,46,8,2024-06-06,UPI,Delivered,216.34
5383,835,20,2024-06-20,Net Banking,Delivered,229.97
5384,812,6,2024-04-03,Credit Card,Shipped,232.77
5385,889,14,2024-07-31,Cash,Delivered,245.83
5386,807,15,2024-05-09,Cash,Delivered,68.6
5387,720,11,2025-07-08,Credit Card,Delivered,151.13
5388,30,8,2025-01-22,Credit Card,Delivered,248.73
5389,460,18,2025-05-09,Credit Card,Processing,131.9
5390,980,1,2024-03-22,Cash,Delivered,152.76
5391,273,12,2024-08-15,Debit Card,Delivered,111.85
5392,178,7,2025-03-11,Credit Card,Processing,218.79
5393,512,2,2025-04-08,UPI,Delivered,84.72
5394,366,19,2025-06-27,Cash,Delivered,237.72
5395,226,5,2025-04-18,Credit Card,Delivered,211.32
5396,945,1,2025-04-03,Debit Card,Shipped,205.62
5397,782,5,2024-02-12,Debit Card,Delivered,100.97
5398,534,20,2025-02-24,Credit Card,Returned,207.11
5399,665,2,2025-04-14,Debit Card,Delivered,127.27
5400,551,3,2025-07-25,Debit Card,Shipped,128.48
5401,410,15,2024-10-19,Credit Card,Delivered,216.7
5402,390,20,2024-12-17,UPI,Delivered,242.72
5403,688,9,2025-06-11,Cash,Delivered,87.94
5404,729,6,2024-07-10,Net Banking,Processing,242.62
5405,291,18,2024-06-15,Net Banking,Delivered,152.28
5406,449,1,2025-12-07,UPI,Delivered,128.88
5407,245,20,2024-06-14,Debit Card,Cancelled,162.36
5408,694,9,2025-08-30,Credit Card,Delivered,46.67
5409,25,18,2025-02-26,Net Banking,Delivered,52.42
5410,967,2,2024-05-11,Credit Card,Processing,91.44
5411,30,4,2025-06-07,Credit Card,Shipped,145.96
5412,888,13,2024-04-03,Credit Card,Delivered,92.03
5413,563,20,2025-03-10,UPI,Delivered,226.4
5414,40,18,2024-03-18,UPI,Cancelled,116.85
5415,212,15,2024-08-11,Debit Card,Processing,81.52
5416,470,1,2025-02-17,Credit Card,Delivered,134.47
5417,524,15,2024-06-18,UPI,Returned,234.46
5418,623,14,2025-01-09,Net Banking,Delivered,186.34
5419,684,10,2025-08-18,Debit Card,Returned,111.53
5420,627,19,2024-12-17,Debit Card,Returned,45.34
5421,332,8,2024-12-16,Cash,Delivered,189.12
5422,454,4,2024-03-25,Debit Card,Delivered,223.82
5423,920,3,2024-10-20,Net Banking,Delivered,112.44
5424,707,11,2024-06-13,Credit Card,Shipped,179.19
5425,147,2,2025-01-10,Cash,Processing,202.46
5426,1000,17,2025-10-22,Credit Card,Shipped,55.6
5427,321,4,2025-10-27,UPI,Delivered,189.05
5428,307,12,2024-04-04,Cash,Delivered,102.13
5429,62,7,2024-06-01,UPI,Shipped,179.61
5430,646,13,2025-04-29,Net Banking,Processing,137.28
5431,526,18,2024-01-27,Credit Card,Delivered,51.9
5432,700,8,2025-01-06,Credit Card,Shipped,59.23
5433,756,10,2024-06-21,Debit Card,Delivered,187.47
5434,206,14,2025-08-19,Credit Card,Delivered,215.45
5435,590,9,2024-01-23,UPI,Delivered,190.48
5436,923,2,2025-07-18,Debit Card,Shipped,178.61
5437,490,19,2024-12-28,Debit Card,Delivered,52.84
5438,290,16,2024-01-28,Net Banking,Cancelled,58.59
5439,243,5,2025-11-02,Debit Card,Delivered,41.71
5440,922,20,2025-07-20,UPI,Returned,204.16
5441,820,10,2024-07-27,Credit Card,Delivered,145.49
5442,485,3,2025-01-10,Credit Card,Delivered,201.1
5443,443,6,2025-09-30,Cash,Delivered,127.36
5444,506,8,2024-07-09,Debit Card,Processing,64.35
5445,155,1,2024-04-29,Credit Card,Delivered,225.4
5446,209,17,2025-12-25,UPI,Returned,48.28
5447,607,10,2024-10-23,Net Banking,Delivered,169.79
5448,52,18,2025-09-08,Net Banking,Delivered,189.39
5449,389,14,2025-08-15,Debit Card,Processing,73.13
5450,845,19,2024-04-29,UPI,Delivered,222.46
5451,526,5,2024-02-06,UPI,Delivered,80.36
5452,988,18,2025-02-05,Credit Card,Delivered,241.41
5453,779,14,2024-08-27,Cash,Delivered,248.26
5454,902,3,2025-12-29,Cash,Delivered,220.23
5455,708,18,2024-08-10,Net Banking,Delivered,64.18
5456,813,16,2025-06-02,Debit Card,Delivered,210.76
5457,115,8,2024-01-31,Credit Card,Shipped,44.81
5458,279,9,2024-09-11,Net Banking,Delivered,45.84
5459,79,9,2025-05-19,Net Banking,Delivered,122.08
5460,847,16,2024-02-29,Cash,Delivered,187.7
5461,725,15,2025-01-01,Credit Card,Delivered,213.36
5462,121,13,2024-08-01,UPI,Processing,179.05
5463,516,3,2025-10-19,UPI,Delivered,219.08
5464,324,15,2024-02-26,UPI,Returned,199.54
5465,627,13,2025-08-10,Credit Card,Delivered,123.78
5466,24,1,2025-04-17,Debit Card,Delivered,99.0
5467,884,13,2025-09-03,Cash,Delivered,91.57
5468,785,8,2024-05-20,Credit Card,Delivered,52.45
5469,111,11,2025-05-19,Net Banking,Processing,204.08
5470,508,3,2025-08-16,Debit Card,Delivered,157.48
5471,256,6,2024-07-21,Credit Card,Delivered,217.32
5472,346,18,2025-02-19,Cash,Delivered,225.15
5473,711,17,2025-07-08,Net Banking,Delivered,223.81
5474,250,15,2024-06-24,Debit Card,Delivered,41.09
5475,505,6,2025-08-14,Credit Card,Delivered,226.76
5476,859,5,2025-07-08,Debit Card,Delivered,110.91
5477,365,11,2024-10-07,UPI,Delivered,201.55
5478,978,14,2025-08-12,UPI,Returned,233.06
5479,883,6,2025-06-15,Credit Card,Delivered,153.96
5480,561,16,2024-07-30,Credit Card,Delivered,158.14
5481,198,5,2025-10-12,Credit Card,Delivered,46.83
5482,242,14,2025-12-12,Debit Card,Delivered,148.97
5483,432,9,2025-02-27,Net Banking,Delivered,140.72
5484,273,4,2025-12-29,Cash,Delivered,201.01
5485,40,13,2024-05-13,Credit Card,Delivered,109.91
5486,589,15,2024-06-21,Cash,Delivered,65.58
5487,526,10,2025-01-01,UPI,Delivered,63.29
5488,260,3,2024-10-02,Debit Card,Delivered,154.25
5489,320,7,2025-12-24,Cash,Processing,55.27
5490,391,4,2025-07-05,UPI,Delivered,232.66
5491,899,13,2024-07-22,UPI,Delivered,167.59
5492,767,1,2025-02-13,Debit Card,Delivered,188.95
5493,389,12,2024-10-03,Debit Card,Delivered,123.63
5494,389,17,2024-09-09,Debit Card,Cancelled,238.05
5495,512,15,2024-08-25,UPI,Returned,209.46
5496,298,9,2024-07-22,Debit Card,Delivered,110.97
5497,363,14,2025-08-03,Cash,Delivered,88.48
5498,872,3,2024-01-08,UPI,Delivered,126.87
5499,156,16,2024-05-20,Credit Card,Returned,243.42
5500,820,19,2025-01-20,Cash,Cancelled,184.27
5501,102,15,2025-12-08,Credit Card,Delivered,151.38
5502,377,2,2025-07-01,Net Banking,Delivered,182.63
5503,22,19,2025-04-06,Credit Card,Delivered,203.99
5504,588,3,2025-09-11,Cash,Delivered,230.45
5505,557,4,2024-02-03,UPI,Delivered,208.74
5506,877,1,2024-09-22,Credit Card,Delivered,150.81
5507,576,9,2024-09-14,Credit Card,Processing,241.85
5508,35,1,2025-04-19,Cash,Delivered,142.27
5509,339,19,2025-08-07,Debit Card,Processing,66.06
5510,609,12,2024-07-04,Debit Card,Delivered,197.26
5511,590,11,2025-03-14,Debit Card,Delivered,57.75
5512,488,12,2025-12-14,Cash,Delivered,111.99
5513,8,1,2025-05-27,UPI,Delivered,235.35
5514,664,15,2024-03-09,Credit Card,Delivered,136.8
5515,802,10,2025-11-09,Debit Card,Delivered,89.19
5516,121,14,2025-11-21,Credit Card,Delivered,212.9
5517,286,17,2025-03-08,Net Banking,Delivered,59.13
5518,873,2,2025-11-30,UPI,Delivered,42.68
5519,990,4,2025-07-23,Credit Card,Delivered,170.82
5520,672,11,2025-10-13,Cash,Delivered,55.73
5521,42,9,2024-09-02,Net Banking,Delivered,99.19
5522,944,10,2025-12-16,Credit Card,Delivered,227.12
5523,321,12,2024-09-08,Credit Card,Shipped,226.27
5524,207,7,2025-07-08,Cash,Delivered,152.32
5525,731,12,2025-04-28,Cash,Delivered,160.49
5526,128,7,2025-07-22,UPI,Cancelled,127.06
5527,388,9,2024-11-29,Cash,Returned,139.19
5528,350,17,2024-03-25,Net Banking,Delivered,193.04
5529,856,17,2024-03-07,Cash,Returned,181.78
5530,810,20,2025-06-18,Debit Card,Delivered,191.52
5531,500,19,2024-01-03,UPI,Delivered,127.47
5532,308,13,2024-03-18,Debit Card,Delivered,189.64
5533,992,4,2024-03-24,Net Banking,Processing,90.63
5534,469,12,2025-08-13,Debit Card,Delivered,201.16
5535,218,17,2025-05-16,Net Banking,Processing,200.73
5536,190,8,2025-12-28,Cash,Returned,180.51
5537,573,16,2024-10-26,Cash,Delivered,138.44
5538,909,4,2025-07-27,Credit Card,Delivered,76.24
5539,161,3,2024-04-07,Net Banking,Processing,155.63
5540,774,6,2024-06-16,Cash,Delivered,244.03
5541,630,14,2024-03-02,Cash,Delivered,44.1
5542,441,12,2025-07-08,Credit Card,Delivered,85.15
5543,663,12,2025-08-07,Cash,Delivered,104.56
5544,543,5,2025-11-15,UPI,Shipped,40.24
5545,194,16,2024-01-15,UPI,Processing,197.35
5546,458,2,2024-01-22,Credit Card,Delivered,203.11
5547,647,17,2025-06-24,Cash,Cancelled,188.06
5548,770,19,2025-03-21,Credit Card,Delivered,144.73
5549,36,19,2025-12-24,Net Banking,Delivered,145.97
5550,159,14,2025-08-31,Cash,Shipped,153.57
5551,957,6,2025-02-23,Net Banking,Delivered,52.45
5552,818,10,2025-05-01,Debit Card,Processing,122.94
5553,137,14,2025-03-28,Cash,Delivered,182.17
5554,792,20,2024-04-01,Net Banking,Delivered,61.62
5555,278,16,2025-08-23,Cash,Delivered,40.73
5556,199,10,2024-02-11,Debit Card,Shipped,198.51
5557,191,14,2024-03-03,Credit Card,Delivered,248.26
5558,60,7,2024-08-19,Credit Card,Processing,121.68
5559,354,6,2024-09-18,Debit Card,Returned,86.76
5560,627,2,2024-01-11,Cash,Shipped,212.2
5561,751,13,2024-02-10,Credit Card,Delivered,130.86
5562,151,5,2024-12-17,Debit Card,Delivered,196.37
5563,126,5,2025-01-11,Debit Card,Shipped,82.02
5564,589,19,2025-10-10,UPI,Delivered,207.7
5565,410,14,2024-08-02,Net Banking,Cancelled,80.77
5566,445,8,2025-05-19,Credit Card,Returned,67.2
5567,967,12,2025-06-29,Cash,Delivered,238.76
5568,237,15,2025-06-16,Credit Card,Processing,214.91
5569,510,6,2024-08-12,Credit Card,Delivered,161.74
5570,37,8,2024-04-14,Credit Card,Shipped,213.16
5571,732,2,2025-12-16,UPI,Delivered,162.65
5572,671,7,2024-05-25,Debit Card,Cancelled,47.15
5573,12,9,2025-04-01,Credit Card,Delivered,226.25
5574,700,4,2024-07-20,Net Banking,Processing,148.07
5575,288,12,2025-06-30,Cash,Delivered,243.34
5576,369,16,2024-05-10,Net Banking,Delivered,42.65
5577,225,15,2025-04-20,UPI,Delivered,208.2
5578,642,12,2025-10-19,UPI,Delivered,128.4
5579,395,18,2025-11-05,UPI,Processing,177.04
5580,303,12,2025-01-30,Debit Card,Delivered,192.86
5581,148,4,2025-12-08,Debit Card,Delivered,186.31
5582,475,20,2024-08-15,Credit Card,Delivered,46.32
5583,731,5,2024-07-30,Cash,Delivered,243.64
5584,439,17,2025-09-08,Net Banking,Delivered,82.88
5585,539,18,2024-05-15,Credit Card,Delivered,160.15
5586,618,15,2024-08-14,Net Banking,Cancelled,138.44
5587,689,17,2025-11-24,Credit Card,Delivered,56.86
5588,24,8,2025-01-16,Credit Card,Delivered,147.06
5589,845,14,2025-08-18,Debit Card,Shipped,203.67
5590,702,1,2025-11-28,Credit Card,Delivered,123.19
5591,898,17,2025-03-20,Cash,Delivered,201.16
5592,662,15,2025-02-16,Credit Card,Returned,143.78
5593,96,10,2025-04-27,Net Banking,Delivered,151.7
5594,146,18,2024-09-09,Net Banking,Delivered,169.28
5595,237,17,2024-01-01,Debit Card,Delivered,70.79
5596,391,6,2025-04-25,Credit Card,Delivered,114.02
5597,248,15,2025-02-14,Debit Card,Delivered,182.1
5598,234,20,2025-02-28,Net Banking,Delivered,110.73
5599,296,1,2025-09-02,Credit Card,Delivered,113.05
5600,425,12,2024-10-19,Cash,Shipped,177.11
5601,77,16,2024-07-22,UPI,Delivered,85.61
5602,154,3,2024-02-24,UPI,Delivered,194.62
5603,963,7,2025-04-23,Cash,Delivered,86.5
5604,360,13,2024-06-20,Cash,Delivered,187.94
5605,175,7,2024-07-09,Debit Card,Cancelled,134.92
5606,219,20,2025-07-31,UPI,Delivered,122.2
5607,595,4,2024-04-08,UPI,Delivered,103.5
5608,442,13,2025-06-15,UPI,Shipped,83.65
5609,424,10,2024-06-06,Debit Card,Cancelled,133.93
5610,908,19,2025-07-25,Credit Card,Delivered,147.96
5611,372,9,2025-09-20,UPI,Delivered,130.46
5612,806,20,2024-02-29,UPI,Delivered,144.09
5613,300,12,2025-02-28,Net Banking,Delivered,99.97
5614,835,8,2025-05-17,Debit Card,Delivered,241.89
5615,262,16,2024-11-03,Credit Card,Delivered,243.39
5616,452,18,2025-07-06,UPI,Shipped,205.14
5617,334,5,2025-12-29,Net Banking,Cancelled,46.3
5618,399,14,2024-12-05,Debit Card,Cancelled,58.45
5619,454,18,2024-07-14,Debit Card,Shipped,132.93
5620,542,18,2025-08-30,Net Banking,Delivered,133.46
5621,835,9,2024-09-08,Debit Card,Delivered,212.08
5622,327,20,2025-06-04,Credit Card,Delivered,122.96
5623,60,5,2024-11-27,Credit Card,Delivered,220.72
5624,606,13,2025-10-22,Debit Card,Delivered,167.73
5625,170,9,2025-10-17,Credit Card,Delivered,223.72
5626,258,17,2025-01-01,Cash,Delivered,77.13
5627,192,4,2024-04-24,Debit Card,Delivered,212.73
5628,463,3,2025-05-31,UPI,Delivered,49.45
5629,889,10,2024-12-04,Cash,Delivered,120.17
5630,927,10,2024-01-01,Net Banking,Processing,84.51
5631,266,15,2025-02-16,Debit Card,Delivered,194.28
5632,126,3,2025-08-19,Cash,Delivered,77.26
5633,46,8,2024-12-12,Net Banking,Processing,125.06
5634,360,18,2024-11-16,Cash,Shipped,189.3
5635,72,19,2025-12-19,UPI,Delivered,214.0
5636,322,17,2024-05-05,Net Banking,Delivered,85.5
5637,866,18,2024-05-14,Cash,Shipped,178.92
5638,103,8,2024-01-02,Net Banking,Delivered,197.33
5639,172,19,2024-01-27,Debit Card,Shipped,141.2
5640,12,4,2025-06-15,UPI,Delivered,219.67
5641,877,15,2024-12-28,UPI,Returned,59.45
5642,573,2,2025-01-18,Cash,Shipped,177.36
5643,613,10,2024-04-02,Net Banking,Delivered,161.46
5644,936,13,2024-07-13,Debit Card,Delivered,114.81
5645,590,4,2024-05-03,Net Banking,Delivered,235.03
5646,546,15,2025-02-25,UPI,Delivered,206.94
5647,79,16,2025-05-19,UPI,Delivered,174.82
5648,971,5,2025-09-16,Net Banking,Processing,188.5
5649,929,12,2025-07-25,UPI,Delivered,231.47
5650,615,14,2024-04-13,UPI,Delivered,164.11
5651,833,5,2024-07-31,UPI,Shipped,98.68
5652,168,5,2024-12-27,UPI,Delivered,237.82
5653,43,2,2024-09-28,Credit Card,Delivered,182.01
5654,508,12,2025-04-27,Net Banking,Delivered,120.92
5655,262,18,2025-04-04,UPI,Delivered,62.31
5656,941,6,2025-12-08,Cash,Shipped,195.54
5657,666,8,2024-02-03,UPI,Returned,164.3
5658,966,3,2025-01-14,Cash,Delivered,181.49
5659,113,4,2024-06-21,Net Banking,Delivered,214.61
5660,556,3,2024-03-05,UPI,Delivered,67.67
5661,728,8,2025-11-15,Net Banking,Processing,234.49
5662,61,6,2024-07-19,Debit Card,Delivered,223.71
5663,788,16,2025-06-04,Net Banking,Shipped,68.49
5664,807,5,2025-03-15,Credit Card,Delivered,99.74
5665,350,20,2025-11-09,Cash,Delivered,184.38
5666,620,4,2025-12-18,UPI,Processing,187.82
5667,111,19,2025-10-10,Cash,Processing,50.16
5668,368,1,2024-10-22,Debit Card,Delivered,53.67
5669,863,7,2024-02-20,Cash,Delivered,65.71
5670,795,4,2024-10-07,Net Banking,Shipped,93.17
5671,860,2,2025-02-20,Net Banking,Shipped,185.28
5672,929,4,2025-05-26,Debit Card,Delivered,202.63
5673,280,14,2024-08-29,Net Banking,Delivered,98.9
5674,31,13,2024-12-26,UPI,Delivered,210.43
5675,849,17,2024-12-06,UPI,Delivered,67.66
5676,269,11,2025-04-12,Cash,Delivered,157.08
5677,634,18,2025-12-01,Debit Card,Delivered,48.53
5678,146,20,2024-09-21,Debit Card,Delivered,70.05
5679,674,1,2025-09-25,Debit Card,Delivered,135.4
5680,454,14,2025-10-28,Credit Card,Delivered,80.01
5681,547,10,2025-10-04,Cash,Delivered,122.01
5682,900,20,2024-03-28,Debit Card,Delivered,60.1
5683,508,5,2024-10-19,Net Banking,Returned,124.18
5684,301,13,2025-04-25,Net Banking,Delivered,230.39
5685,990,13,2024-05-17,Credit Card,Delivered,133.66
5686,87,4,2025-02-01,Cash,Delivered,201.43
5687,409,14,2025-07-07,UPI,Shipped,104.77
5688,131,9,2025-06-18,Cash,Processing,164.84
5689,805,14,2025-10-08,Cash,Delivered,66.24
5690,388,6,2025-01-13,Cash,Shipped,212.52
5691,46,6,2024-10-29,UPI,Processing,212.59
5692,975,5,2025-05-24,Credit Card,Delivered,236.94
5693,152,9,2024-11-26,Credit Card,Returned,111.44
5694,848,13,2024-12-15,UPI,Delivered,107.42
5695,858,20,2025-06-19,Debit Card,Delivered,224.5
5696,185,4,2025-04-08,Debit Card,Returned,51.88
5697,9,12,2024-06-02,Credit Card,Delivered,201.18
5698,737,4,2024-07-11,Net Banking,Delivered,232.89
5699,338,20,2024-01-18,Net Banking,Delivered,179.42
5700,154,5,2024-09-05,UPI,Delivered,57.89
5701,944,19,2024-05-30,Debit Card,Cancelled,226.71
5702,743,4,2024-08-19,Debit Card,Cancelled,174.54
5703,288,1,2024-03-17,Net Banking,Cancelled,141.95
5704,272,7,2024-08-15,Cash,Processing,141.16
5705,155,10,2025-07-11,UPI,Shipped,60.3
5706,438,17,2024-04-27,Credit Card,Delivered,85.57
5707,963,19,2025-09-29,Net Banking,Delivered,62.9
5708,984,2,2024-01-16,Net Banking,Delivered,220.92
5709,997,14,2024-06-15,Debit Card,Returned,149.06
5710,773,14,2025-09-23,Credit Card,Delivered,115.94
5711,463,10,2025-04-29,Debit Card,Processing,127.57
5712,308,17,2025-12-20,Net Banking,Returned,70.18
5713,844,5,2025-05-20,Debit Card,Delivered,197.05
5714,655,11,2024-05-11,Credit Card,Delivered,54.2
5715,994,17,2025-04-22,Net Banking,Shipped,156.24
5716,48,8,2024-12-05,Debit Card,Delivered,88.38
5717,192,17,2025-06-23,Cash,Delivered,247.27
5718,407,16,2025-03-27,Cash,Delivered,119.56
5719,546,5,2024-02-15,Net Banking,Delivered,143.98
5720,724,17,2024-11-24,Cash,Delivered,179.68
5721,641,16,2024-02-26,Debit Card,Delivered,183.64
5722,734,13,2024-08-08,Net Banking,Delivered,79.81
5723,796,5,2025-01-15,Cash,Delivered,177.9
5724,493,10,2024-02-05,UPI,Delivered,240.49
5725,4,4,2024-08-13,UPI,Processing,57.14
5726,365,5,2024-10-20,Net Banking,Shipped,165.48
5727,361,15,2024-11-09,Debit Card,Delivered,83.0
5728,610,20,2024-03-11,Cash,Delivered,65.72
5729,233,8,2025-01-06,Credit Card,Processing,204.95
5730,169,20,2025-04-06,Cash,Processing,138.15
5731,26,2,2024-04-04,Credit Card,Shipped,103.53
5732,309,20,2024-10-28,Net Banking,Delivered,195.17
5733,718,12,2025-07-09,Net Banking,Shipped,171.65
5734,537,17,2025-06-27,UPI,Processing,139.99
5735,55,5,2025-02-17,UPI,Delivered,164.06
5736,622,9,2025-05-26,Credit Card,Delivered,245.3
5737,528,5,2024-08-12,Cash,Cancelled,162.51
5738,976,7,2024-02-16,Credit Card,Delivered,75.15
5739,892,20,2024-08-22,Debit Card,Delivered,48.6
5740,15,10,2025-03-25,Cash,Delivered,64.71
5741,750,17,2024-11-15,Credit Card,Shipped,156.67
5742,471,16,2024-11-13,Cash,Delivered,136.4
5743,413,13,2024-08-14,Cash,Processing,246.22
5744,412,1,2024-12-27,UPI,Delivered,134.35
5745,166,18,2024-05-22,Credit Card,Delivered,243.08
5746,661,18,2025-12-04,Credit Card,Delivered,214.09
5747,880,17,2024-08-05,Cash,Processing,152.81
5748,569,9,2025-05-07,Cash,Delivered,94.9
5749,614,7,2024-08-08,Credit Card,Processing,230.33
5750,660,19,2025-01-03,Cash,Delivered,179.07
5751,922,13,2024-02-07,Cash,Delivered,123.39
5752,557,12,2024-10-06,Credit Card,Delivered,82.5
5753,937,9,2025-10-31,Credit Card,Returned,149.42
5754,593,18,2024-10-10,UPI,Delivered,149.38
5755,881,14,2024-11-12,Debit Card,Delivered,243.04
5756,122,1,2024-07-04,Cash,Shipped,138.21
5757,91,16,2025-11-29,UPI,Delivered,189.17
5758,809,13,2024-08-18,Debit Card,Delivered,151.1
5759,706,14,2024-03-26,Debit Card,Delivered,234.4
5760,826,12,2025-07-19,Net Banking,Cancelled,75.05
5761,253,16,2025-09-29,Net Banking,Shipped,233.49
5762,782,14,2024-08-01,Credit Card,Cancelled,122.71
5763,509,6,2025-08-13,Cash,Delivered,129.81
5764,488,16,2025-05-19,Debit Card,Delivered,115.78
5765,436,3,2025-07-26,Credit Card,Processing,104.81
5766,264,20,2025-05-12,UPI,Delivered,86.21
5767,25,18,2025-07-22,Net Banking,Shipped,77.62
5768,876,5,2025-05-18,Credit Card,Delivered,167.46
5769,831,16,2025-11-26,Cash,Delivered,221.84
5770,97,3,2024-02-03,UPI,Delivered,62.32
5771,539,1,2024-11-11,Debit Card,Delivered,197.37
5772,996,9,2025-02-26,Cash,Delivered,199.21
5773,600,20,2024-09-24,UPI,Delivered,221.44
5774,974,13,2025-06-21,UPI,Processing,120.74
5775,846,15,2024-09-13,Net Banking,Delivered,216.24
5776,618,19,2025-11-05,UPI,Delivered,230.2
5777,544,1,2024-08-17,Cash,Delivered,237.11
5778,473,8,2025-01-25,Cash,Delivered,245.34
5779,692,13,2025-08-21,UPI,Delivered,78.06
5780,470,6,2024-07-17,Cash,Delivered,181.67
5781,373,17,2024-02-28,Cash,Delivered,132.15
5782,918,9,2024-06-11,Debit Card,Delivered,138.48
5783,865,12,2025-11-11,Debit Card,Cancelled,133.23
5784,161,16,2024-07-19,Cash,Delivered,64.28
5785,316,20,2024-12-09,UPI,Processing,137.97
5786,211,6,2025-05-26,Cash,Delivered,242.95
5787,521,11,2025-03-10,Cash,Delivered,184.45
5788,704,18,2025-10-18,Cash,Shipped,47.34
5789,352,20,2025-06-20,Cash,Delivered,112.82
5790,992,16,2025-01-22,Net Banking,Delivered,84.63
5791,938,7,2025-12-14,Cash,Delivered,225.58
5792,173,13,2024-02-22,Credit Card,Delivered,123.08
5793,674,14,2025-05-19,Debit Card,Delivered,209.78
5794,754,11,2024-09-27,Net Banking,Delivered,195.7
5795,634,9,2025-01-29,Net Banking,Delivered,244.21
5796,358,12,2024-03-21,Credit Card,Delivered,133.1
5797,885,11,2024-09-15,UPI,Shipped,67.24
5798,794,12,2024-01-25,Credit Card,Delivered,75.63
5799,6,18,2025-10-24,Debit Card,Delivered,197.09
5800,408,11,2025-09-17,Credit Card,Delivered,94.33
5801,243,15,2024-01-28,Debit Card,Delivered,222.05
5802,792,16,2024-02-03,Net Banking,Delivered,88.21
5803,204,18,2024-08-09,Debit Card,Cancelled,161.87
5804,739,20,2024-07-10,UPI,Delivered,166.18
5805,1000,17,2024-11-06,UPI,Delivered,98.11
5806,487,8,2024-01-30,Cash,Delivered,243.19
5807,90,12,2024-10-08,UPI,Shipped,121.13
5808,831,9,2024-06-29,UPI,Delivered,49.64
5809,418,12,2024-05-24,Net Banking,Delivered,151.92
5810,596,14,2025-10-08,Credit Card,Delivered,101.18
5811,479,9,2025-02-08,Cash,Delivered,246.52
5812,885,14,2025-02-07,UPI,Delivered,218.66
5813,926,16,2024-05-19,Credit Card,Processing,159.78
5814,271,4,2025-04-30,Debit Card,Delivered,204.34
5815,978,19,2025-12-26,Debit Card,Processing,54.66
5816,22,6,2024-03-31,Cash,Delivered,141.42
5817,113,20,2025-06-30,Debit Card,Delivered,102.8
5818,269,19,2025-06-14,Cash,Delivered,173.11
5819,531,7,2024-07-26,Credit Card,Processing,44.56
5820,270,9,2024-03-30,Credit Card,Processing,133.91
5821,381,9,2025-11-02,Cash,Delivered,84.18
5822,24,12,2024-12-15,Credit Card,Delivered,79.0
5823,30,13,2025-04-23,Net Banking,Delivered,130.87
5824,62,16,2025-04-26,UPI,Delivered,232.0
5825,697,4,2025-07-08,Credit Card,Delivered,90.22
5826,945,4,2025-02-12,Credit Card,Delivered,66.75
5827,473,9,2025-05-18,Debit Card,Delivered,163.53
5828,983,4,2024-10-31,Credit Card,Cancelled,92.18
5829,958,17,2025-02-25,Cash,Delivered,232.5
5830,798,1,2025-06-01,Cash,Delivered,199.28
5831,822,13,2025-10-05,Debit Card,Delivered,46.29
5832,274,2,2025-03-13,Cash,Delivered,135.56
5833,780,18,2024-07-28,Debit Card,Delivered,193.46
5834,993,7,2025-06-08,UPI,Delivered,148.68
5835,474,7,2024-12-25,Cash,Cancelled,109.0
5836,707,1,2024-10-18,Debit Card,Processing,170.24
5837,190,17,2025-05-05,UPI,Delivered,79.72
5838,568,17,2025-04-07,Credit Card,Shipped,205.03
5839,252,3,2024-09-19,Cash,Delivered,149.04
5840,515,9,2025-10-01,Debit Card,Returned,226.64
5841,576,19,2025-07-18,Debit Card,Returned,163.4
5842,205,6,2024-01-25,UPI,Delivered,226.37
5843,6,11,2025-03-22,Credit Card,Delivered,171.25
5844,128,12,2024-02-25,Credit Card,Delivered,231.54
5845,921,5,2024-02-08,Net Banking,Cancelled,178.26
5846,391,7,2025-02-15,Credit Card,Delivered,166.08
5847,933,8,2024-06-18,Debit Card,Processing,123.91
5848,993,1,2024-09-28,Credit Card,Delivered,165.42
5849,121,12,2025-08-30,Debit Card,Processing,216.73
5850,700,15,2024-07-03,Credit Card,Cancelled,45.41
5851,888,20,2024-05-29,Debit Card,Delivered,157.27
5852,5,1,2024-11-30,Debit Card,Delivered,56.46
5853,144,2,2025-06-28,Cash,Cancelled,66.53
5854,309,17,2024-02-26,UPI,Shipped,46.83
5855,932,2,2024-08-31,Debit Card,Delivered,100.46
5856,223,17,2025-04-04,Debit Card,Delivered,213.16
5857,458,7,2025-09-06,Net Banking,Processing,237.65
5858,278,11,2024-06-02,Debit Card,Delivered,214.27
5859,879,3,2025-01-18,Net Banking,Delivered,70.52
5860,193,17,2025-11-25,Credit Card,Delivered,97.64
5861,601,12,2024-05-14,UPI,Delivered,78.78
5862,374,15,2025-01-06,Cash,Shipped,204.52
5863,742,3,2025-11-08,Debit Card,Cancelled,164.27
5864,55,17,2024-09-06,UPI,Delivered,192.87
5865,337,10,2025-09-27,Debit Card,Shipped,135.23
5866,692,11,2024-04-15,UPI,Processing,200.06
5867,568,10,2025-06-08,Net Banking,Shipped,225.8
5868,755,1,2024-11-29,Net Banking,Delivered,177.43
5869,417,10,2024-10-22,UPI,Delivered,109.81
5870,956,14,2025-03-30,Net Banking,Cancelled,112.8
5871,616,7,2024-12-26,Debit Card,Processing,146.74
5872,880,2,2024-03-20,Net Banking,Shipped,68.16
5873,458,15,2024-06-05,Debit Card,Delivered,201.2
5874,643,16,2025-04-07,Cash,Delivered,160.63
5875,379,10,2024-07-03,UPI,Delivered,148.01
5876,872,10,2024-05-31,Net Banking,Processing,92.15
5877,482,20,2025-09-02,UPI,Delivered,53.05
5878,896,11,2024-10-18,Debit Card,Delivered,99.68
5879,583,14,2024-11-13,Cash,Processing,233.62
5880,447,14,2024-04-18,Credit Card,Delivered,158.36
5881,675,16,2025-03-07,UPI,Delivered,116.44
5882,352,1,2024-08-14,Credit Card,Shipped,130.49
5883,640,1,2024-09-26,Cash,Delivered,204.27
5884,503,5,2024-06-05,Cash,Delivered,81.44
5885,965,10,2024-03-05,Debit Card,Cancelled,185.62
5886,283,4,2024-07-25,Cash,Cancelled,173.76
5887,58,11,2024-02-20,Debit Card,Returned,110.64
5888,810,10,2024-09-03,Debit Card,Delivered,242.32
5889,946,14,2025-01-07,Credit Card,Returned,129.03
5890,980,7,2025-07-25,Credit Card,Delivered,243.72
5891,496,14,2025-11-04,Cash,Delivered,157.7
5892,365,1,2025-09-19,Debit Card,Returned,196.2
5893,31,17,2024-04-03,Cash,Shipped,50.67
5894,82,16,2024-07-24,UPI,Delivered,109.22
5895,573,11,2025-04-27,Credit Card,Delivered,190.82
5896,598,8,2025-04-12,Credit Card,Delivered,120.58
5897,798,20,2024-02-17,Credit Card,Processing,180.33
5898,37,17,2025-03-06,Net Banking,Returned,225.5
5899,560,12,2025-06-02,UPI,Returned,47.02
5900,810,18,2025-01-15,Credit Card,Delivered,59.5
5901,862,7,2025-01-13,Credit Card,Delivered,125.24
5902,34,20,2024-02-19,Credit Card,Delivered,194.05
5903,223,19,2025-12-25,Cash,Delivered,163.36
5904,932,1,2024-07-08,Credit Card,Delivered,173.62
5905,174,3,2025-06-15,Net Banking,Delivered,84.36
5906,291,15,2024-10-31,Net Banking,Delivered,198.74
5907,443,13,2025-04-08,Credit Card,Shipped,97.32
5908,757,1,2024-05-18,Net Banking,Delivered,147.63
5909,191,10,2024-04-04,Credit Card,Shipped,125.0
5910,493,9,2024-10-26,Credit Card,Shipped,126.74
5911,869,1,2024-10-08,Debit Card,Delivered,157.35
5912,784,6,2025-12-01,Cash,Delivered,131.16
5913,453,20,2024-09-02,Debit Card,Delivered,183.45
5914,486,15,2025-07-16,Debit Card,Delivered,158.96
5915,398,17,2024-11-14,Cash,Delivered,104.25
5916,394,20,2024-09-20,Credit Card,Returned,159.5
5917,343,8,2025-12-21,UPI,Processing,109.36
5918,414,10,2025-03-23,Credit Card,Delivered,98.62
5919,642,13,2024-06-05,Net Banking,Shipped,217.85
5920,825,13,2025-08-01,Debit Card,Shipped,163.72
5921,429,17,2025-02-03,UPI,Returned,65.56
5922,187,5,2025-07-04,Net Banking,Shipped,70.64
5923,791,5,2025-11-11,Debit Card,Delivered,143.04
5924,925,2,2024-07-09,Credit Card,Delivered,88.38
5925,572,9,2025-12-24,UPI,Returned,181.85
5926,209,17,2024-03-06,Cash,Delivered,103.17
5927,987,11,2025-06-17,Cash,Delivered,50.81
5928,807,11,2024-09-28,Debit Card,Delivered,184.16
5929,692,15,2024-11-29,Cash,Delivered,179.88
5930,846,15,2025-01-15,Net Banking,Delivered,182.17
5931,908,12,2024-02-25,Debit Card,Delivered,194.3
5932,653,16,2025-02-09,Cash,Delivered,93.64
5933,271,7,2025-09-08,Cash,Cancelled,74.78
5934,377,14,2024-02-07,UPI,Delivered,131.22
5935,904,9,2024-07-16,Debit Card,Delivered,52.9
5936,90,17,2024-06-03,Cash,Delivered,135.74
5937,887,12,2024-04-12,Credit Card,Delivered,108.42
5938,589,3,2025-10-08,Net Banking,Returned,113.0
5939,23,11,2025-11-04,Cash,Delivered,61.27
5940,325,18,2024-08-17,Debit Card,Delivered,58.39
5941,193,6,2024-09-26,Credit Card,Shipped,145.15
5942,921,14,2025-05-02,Cash,Shipped,83.01
5943,688,19,2025-05-16,UPI,Shipped,67.06
5944,562,4,2024-07-28,UPI,Delivered,233.22
5945,631,3,2025-06-01,Cash,Delivered,116.36
5946,618,3,2024-05-09,Net Banking,Delivered,136.42
5947,798,10,2025-11-01,Net Banking,Processing,125.35
5948,613,1,2025-09-24,Debit Card,Processing,139.35
5949,185,12,2025-12-21,Net Banking,Delivered,60.09
5950,822,10,2024-04-25,Credit Card,Delivered,245.82
5951,46,10,2024-07-17,UPI,Delivered,140.62
5952,127,8,2025-01-10,UPI,Delivered,42.28
5953,919,5,2024-06-05,UPI,Delivered,163.41
5954,348,7,2024-10-21,Cash,Delivered,249.65
5955,990,5,2024-09-01,UPI,Delivered,57.36
5956,455,10,2024-05-09,Credit Card,Shipped,77.72
5957,422,12,2025-03-11,Cash,Processing,76.86
5958,412,3,2024-07-25,Cash,Returned,111.35
5959,429,5,2024-01-23,Debit Card,Delivered,109.67
5960,432,15,2024-06-02,Credit Card,Processing,181.63
5961,645,16,2025-02-18,UPI,Delivered,192.04
5962,8,1,2024-04-25,Debit Card,Cancelled,217.55
5963,946,14,2025-12-02,Net Banking,Delivered,129.52
5964,327,15,2024-01-03,UPI,Shipped,244.01
5965,715,17,2024-03-26,UPI,Processing,135.26
5966,614,7,2025-12-05,Credit Card,Returned,116.64
5967,589,8,2024-07-11,Credit Card,Delivered,221.66
5968,543,10,2024-10-06,Net Banking,Shipped,243.35
5969,339,16,2025-03-04,UPI,Processing,162.15
5970,149,4,2024-07-11,Net Banking,Delivered,71.06
5971,406,9,2024-06-29,Cash,Shipped,204.67
5972,952,11,2025-10-05,UPI,Delivered,69.96
5973,312,3,2024-02-05,UPI,Delivered,104.0
5974,34,11,2025-05-31,UPI,Delivered,86.49
5975,401,12,2024-10-18,Credit Card,Delivered,127.5
5976,7,11,2024-08-31,Cash,Shipped,117.34
5977,199,15,2024-11-05,UPI,Delivered,212.12
5978,123,13,2024-10-15,Debit Card,Delivered,235.11
5979,656,5,2024-02-03,UPI,Shipped,42.25
5980,452,2,2024-10-03,UPI,Processing,111.61
5981,895,20,2025-12-17,Credit Card,Delivered,182.79
5982,884,7,2024-08-17,Net Banking,Shipped,59.43
5983,861,18,2025-10-19,Debit Card,Delivered,62.77
5984,620,15,2025-01-22,Debit Card,Delivered,166.9
5985,975,8,2025-05-20,Net Banking,Delivered,200.33
5986,59,12,2024-03-11,Debit Card,Processing,163.83
5987,622,18,2025-01-22,Credit Card,Delivered,176.6
5988,603,7,2025-05-14,Cash,Delivered,144.91
5989,617,9,2025-06-15,Debit Card,Delivered,113.58
5990,304,12,2025-10-06,Credit Card,Returned,110.15
5991,954,12,2024-07-26,Cash,Delivered,144.47
5992,886,12,2025-01-26,UPI,Delivered,122.31
5993,481,18,2024-01-13,Debit Card,Delivered,177.04
5994,461,4,2024-07-05,Net Banking,Delivered,73.62
5995,779,5,2024-01-27,Cash,Shipped,212.01
5996,125,18,2024-03-07,Cash,Delivered,221.67
5997,28,20,2024-04-30,Credit Card,Delivered,40.68
5998,70,19,2025-10-26,Debit Card,Processing,40.73
5999,69,15,2025-07-23,UPI,Delivered,81.22
6000,512,13,2024-05-19,Credit Card,Delivered,112.39
6001,683,17,2025-11-15,Cash,Delivered,143.1
6002,804,2,2025-05-22,UPI,Delivered,163.62
6003,715,13,2024-05-17,Net Banking,Delivered,241.36
6004,577,11,2024-04-17,Cash,Delivered,202.31
6005,931,13,2025-09-06,Debit Card,Delivered,242.47
6006,208,11,2025-04-05,Net Banking,Delivered,186.03
6007,703,4,2025-07-30,Net Banking,Processing,71.35
6008,887,4,2024-12-28,Credit Card,Delivered,90.43
6009,957,15,2025-08-05,Debit Card,Shipped,204.31
6010,179,12,2025-09-16,UPI,Delivered,114.95
6011,479,9,2025-03-10,Net Banking,Delivered,139.31
6012,555,4,2025-01-06,Net Banking,Delivered,63.73
6013,269,17,2025-05-23,Cash,Cancelled,99.25
6014,622,8,2025-04-06,Debit Card,Processing,168.99
6015,683,11,2025-09-29,Net Banking,Delivered,152.78
6016,396,20,2025-01-16,Net Banking,Delivered,197.86
6017,360,5,2024-06-30,UPI,Processing,168.44
6018,714,13,2024-03-04,Debit Card,Delivered,161.37
6019,391,16,2024-06-01,UPI,Delivered,159.41
6020,590,7,2025-08-22,Credit Card,Delivered,182.43
6021,643,3,2024-08-05,Credit Card,Shipped,140.46
6022,41,11,2024-08-09,Cash,Delivered,148.28
6023,383,8,2025-05-03,Credit Card,Delivered,109.61
6024,707,6,2025-03-09,UPI,Delivered,181.86
6025,980,16,2025-07-16,Debit Card,Delivered,66.02
6026,572,6,2024-07-09,Cash,Delivered,179.54
6027,298,12,2024-07-20,UPI,Delivered,159.82
6028,820,5,2024-06-18,Credit Card,Delivered,57.37
6029,472,17,2025-10-22,Cash,Delivered,235.87
6030,582,9,2024-09-07,Cash,Delivered,199.19
6031,57,11,2025-10-25,Debit Card,Returned,185.47
6032,743,16,2025-05-21,Net Banking,Delivered,103.14
6033,937,5,2024-03-16,Debit Card,Delivered,174.56
6034,359,8,2024-07-30,Net Banking,Cancelled,56.06
6035,339,16,2025-12-07,Debit Card,Delivered,163.4
6036,162,2,2025-04-15,Net Banking,Delivered,47.27
6037,390,19,2024-07-11,Debit Card,Delivered,113.99
6038,191,20,2025-03-03,Debit Card,Delivered,161.09
6039,549,13,2025-02-20,Cash,Returned,209.38
6040,323,11,2025-07-03,UPI,Delivered,199.39
6041,793,19,2024-08-21,Debit Card,Delivered,62.29
6042,17,10,2024-03-10,Credit Card,Processing,203.7
6043,486,9,2025-08-30,Net Banking,Delivered,98.47
6044,154,4,2025-08-21,UPI,Delivered,150.16
6045,518,18,2024-03-13,Net Banking,Delivered,227.67
6046,657,4,2025-09-29,Credit Card,Returned,200.16
6047,601,8,2025-10-04,Debit Card,Delivered,240.18
6048,542,10,2024-08-03,Net Banking,Processing,56.29
6049,333,16,2024-04-01,UPI,Processing,102.91
6050,406,2,2025-01-13,UPI,Processing,215.79
6051,862,6,2024-10-20,Cash,Delivered,214.76
6052,931,11,2024-12-08,Debit Card,Delivered,74.16
6053,985,4,2024-07-01,Credit Card,Delivered,92.64
6054,638,6,2025-02-02,Credit Card,Delivered,159.62
6055,502,3,2024-01-05,Cash,Delivered,101.97
6056,395,13,2024-10-09,UPI,Cancelled,208.3
6057,854,9,2024-12-14,Cash,Delivered,191.36
6058,428,2,2024-02-21,Credit Card,Cancelled,150.35
6059,53,15,2024-03-19,Net Banking,Returned,115.07
6060,195,11,2025-02-04,Credit Card,Delivered,172.81
6061,758,6,2024-03-28,UPI,Cancelled,74.75
6062,110,16,2025-10-10,Debit Card,Delivered,120.42
6063,928,20,2024-02-12,Debit Card,Delivered,179.54
6064,542,11,2024-03-28,Debit Card,Delivered,85.85
6065,446,13,2024-07-20,Debit Card,Shipped,42.59
6066,349,20,2025-06-14,UPI,Delivered,130.53
6067,566,4,2024-11-23,Cash,Delivered,60.77
6068,745,16,2025-01-17,Net Banking,Delivered,52.5
6069,182,10,2024-12-03,Net Banking,Delivered,57.99
6070,884,4,2025-08-21,UPI,Delivered,73.61
6071,933,20,2025-08-19,Debit Card,Delivered,100.94
6072,8,3,2024-10-18,Credit Card,Processing,241.91
6073,721,13,2025-12-11,Net Banking,Delivered,161.9
6074,876,6,2024-10-18,Cash,Delivered,41.2
6075,849,6,2024-05-03,UPI,Delivered,103.41
6076,156,2,2024-02-13,Net Banking,Cancelled,175.79
6077,315,14,2025-12-19,Net Banking,Returned,147.83
6078,401,13,2025-06-17,Debit Card,Delivered,154.19
6079,556,5,2025-12-08,Cash,Delivered,207.85
6080,254,13,2024-05-07,Cash,Processing,108.66
6081,975,4,2025-09-13,Cash,Delivered,97.35
6082,591,4,2025-10-16,Debit Card,Delivered,71.4
6083,574,1,2024-04-26,UPI,Delivered,52.94
6084,904,5,2024-11-18,Credit Card,Delivered,124.55
6085,786,6,2025-06-30,Credit Card,Delivered,154.06
6086,745,5,2024-01-13,Credit Card,Processing,224.12
6087,405,6,2024-09-14,Cash,Delivered,57.15
6088,800,6,2024-09-05,UPI,Returned,105.76
6089,163,8,2024-09-16,Net Banking,Delivered,207.97
6090,486,13,2025-04-03,UPI,Delivered,68.27
6091,668,19,2024-07-21,Net Banking,Delivered,188.28
6092,726,13,2025-03-12,Cash,Delivered,243.98
6093,898,16,2025-12-18,Cash,Processing,55.76
6094,666,11,2025-04-04,Credit Card,Shipped,217.0
6095,21,8,2024-02-23,Credit Card,Delivered,225.32
6096,875,3,2025-01-14,UPI,Delivered,211.02
6097,732,16,2025-09-04,Credit Card,Delivered,137.01
6098,353,9,2024-05-20,Credit Card,Delivered,100.76
6099,448,18,2024-03-07,Net Banking,Delivered,164.64
6100,865,14,2025-05-12,Credit Card,Delivered,107.0
6101,225,18,2024-07-08,UPI,Processing,75.54
6102,591,7,2025-06-07,Cash,Delivered,243.75
6103,171,15,2025-10-03,Net Banking,Delivered,148.35
6104,906,2,2025-05-04,Debit Card,Delivered,224.04
6105,926,15,2024-12-26,Credit Card,Delivered,168.98
6106,593,8,2025-01-11,UPI,Processing,192.35
6107,593,19,2025-11-29,Credit Card,Delivered,176.67
6108,256,10,2024-11-22,Cash,Shipped,112.7
6109,876,1,2025-04-25,Cash,Delivered,41.29
6110,565,10,2025-07-25,Net Banking,Delivered,161.35
6111,812,13,2025-09-18,Credit Card,Shipped,135.77
6112,427,14,2025-05-31,Credit Card,Shipped,89.91
6113,832,11,2024-01-12,Net Banking,Delivered,168.29
6114,566,9,2024-09-20,Debit Card,Delivered,75.98
6115,597,11,2025-01-14,Debit Card,Delivered,211.6
6116,725,2,2024-07-12,Debit Card,Delivered,113.71
6117,596,14,2024-04-08,Credit Card,Delivered,114.42
6118,947,4,2025-12-21,UPI,Delivered,144.56
6119,110,8,2024-12-16,Cash,Delivered,198.83
6120,11,11,2025-09-11,UPI,Delivered,143.16
6121,905,5,2025-05-23,Credit Card,Delivered,68.2
6122,499,17,2025-12-19,Cash,Processing,241.14
6123,204,6,2025-12-27,Credit Card,Delivered,154.45
6124,529,3,2024-05-23,Cash,Delivered,206.41
6125,836,20,2025-06-22,Net Banking,Shipped,114.19
6126,691,15,2024-11-10,Debit Card,Processing,240.39
6127,73,6,2024-05-02,Cash,Shipped,239.08
6128,251,16,2025-03-09,Credit Card,Delivered,104.22
6129,245,4,2024-07-29,UPI,Returned,145.81
6130,998,8,2024-06-14,UPI,Processing,193.72
6131,801,19,2024-12-08,Debit Card,Delivered,45.53
6132,834,18,2024-08-28,UPI,Delivered,43.93
6133,428,10,2025-12-22,Net Banking,Returned,190.21
6134,39,2,2025-11-24,Credit Card,Delivered,72.14
6135,724,9,2024-03-18,UPI,Delivered,134.03
6136,531,9,2024-05-17,Cash,Delivered,173.23
6137,546,15,2025-04-26,Credit Card,Delivered,53.49
6138,622,19,2025-08-04,Cash,Processing,219.35
6139,681,5,2024-08-02,UPI,Delivered,175.29
6140,508,9,2025-11-11,Credit Card,Shipped,104.43
6141,107,2,2024-05-12,Cash,Delivered,222.87
6142,302,13,2024-01-22,UPI,Delivered,172.09
6143,205,4,2024-04-23,Credit Card,Delivered,110.13
6144,585,10,2025-04-11,Credit Card,Delivered,139.2
6145,702,5,2024-05-30,Credit Card,Delivered,115.04
6146,476,5,2025-12-10,UPI,Delivered,206.93
6147,728,17,2024-03-19,Net Banking,Processing,157.45
6148,568,16,2025-08-19,Net Banking,Cancelled,212.87
6149,434,16,2025-05-17,Cash,Cancelled,221.6
6150,513,16,2024-08-10,Cash,Delivered,67.05
6151,622,18,2024-08-06,UPI,Delivered,160.49
6152,468,6,2025-09-21,UPI,Delivered,140.08
6153,282,12,2024-02-09,UPI,Delivered,107.01
6154,420,17,2025-05-28,UPI,Delivered,205.98
6155,288,4,2024-08-16,Net Banking,Delivered,183.97
6156,985,19,2025-05-25,Cash,Shipped,192.86
6157,254,4,2024-02-11,Debit Card,Processing,209.02
6158,340,20,2025-06-06,Credit Card,Cancelled,62.27
6159,653,11,2025-07-06,Credit Card,Delivered,191.26
6160,371,9,2024-02-03,Debit Card,Delivered,201.11
6161,188,15,2025-08-20,UPI,Delivered,106.4
6162,966,14,2024-02-01,Credit Card,Delivered,217.96
6163,9,5,2025-04-12,UPI,Shipped,242.34
6164,787,12,2024-03-17,Credit Card,Delivered,177.91
6165,57,12,2024-07-09,Debit Card,Delivered,113.13
6166,774,8,2024-12-10,Debit Card,Delivered,236.76
6167,461,17,2024-02-06,Net Banking,Delivered,135.77
6168,991,17,2025-12-16,Net Banking,Delivered,208.52
6169,660,5,2024-06-17,UPI,Shipped,46.57
6170,467,5,2024-02-09,UPI,Cancelled,44.55
6171,318,16,2025-09-25,UPI,Returned,204.28
6172,413,4,2024-10-29,Cash,Delivered,143.27
6173,16,9,2025-12-10,UPI,Cancelled,44.83
6174,319,18,2025-12-11,Cash,Delivered,57.18
6175,264,9,2025-03-04,Credit Card,Returned,66.48
6176,308,16,2024-10-26,UPI,Delivered,158.22
6177,482,3,2025-02-28,UPI,Processing,245.73
6178,475,15,2025-05-29,UPI,Delivered,72.98
6179,796,2,2025-04-19,Debit Card,Delivered,87.07
6180,475,8,2024-01-30,Credit Card,Delivered,119.0
6181,792,17,2025-03-09,Net Banking,Returned,223.72
6182,914,9,2025-11-04,Net Banking,Processing,182.66
6183,655,2,2024-08-06,Debit Card,Shipped,87.79
6184,823,15,2024-04-13,Cash,Delivered,224.45
6185,956,19,2025-05-27,Net Banking,Delivered,124.83
6186,165,10,2025-08-10,Cash,Delivered,219.57
6187,108,7,2024-05-04,UPI,Delivered,129.46
6188,251,5,2024-10-22,Credit Card,Delivered,95.5
6189,706,13,2024-12-31,Debit Card,Delivered,205.3
6190,475,12,2024-06-19,Net Banking,Delivered,211.54
6191,23,8,2024-02-28,Debit Card,Delivered,199.38
6192,203,5,2024-10-04,Debit Card,Processing,209.27
6193,304,1,2025-04-25,Debit Card,Delivered,69.0
6194,897,5,2024-04-03,Credit Card,Delivered,212.54
6195,112,3,2024-09-21,UPI,Delivered,233.23
6196,656,5,2024-01-28,UPI,Delivered,142.65
6197,755,13,2024-09-10,Net Banking,Delivered,204.65
6198,893,5,2025-01-04,Credit Card,Delivered,181.73
6199,168,14,2024-09-28,Cash,Delivered,238.71
6200,836,7,2025-01-09,Net Banking,Delivered,68.58
6201,123,4,2025-03-10,Cash,Delivered,183.94
6202,783,20,2025-11-15,Net Banking,Shipped,105.33
6203,424,3,2024-05-25,Net Banking,Delivered,213.68
6204,215,15,2024-11-18,Debit Card,Delivered,72.39
6205,131,20,2025-06-26,Debit Card,Delivered,62.36
6206,595,10,2025-09-18,UPI,Delivered,80.22
6207,356,18,2024-07-18,Debit Card,Delivered,213.35
6208,58,7,2025-06-07,Debit Card,Processing,75.99
6209,31,11,2025-06-14,UPI,Cancelled,144.13
6210,894,16,2024-02-16,Net Banking,Delivered,184.09
6211,841,15,2025-10-07,Credit Card,Delivered,205.56
6212,934,5,2024-10-28,Debit Card,Delivered,187.79
6213,505,16,2025-04-29,Cash,Delivered,203.51
6214,580,13,2024-10-07,Debit Card,Shipped,91.51
6215,438,10,2024-11-09,UPI,Delivered,41.83
6216,545,17,2025-08-04,Credit Card,Delivered,154.73
6217,984,15,2024-05-08,Debit Card,Processing,208.49
6218,474,19,2025-05-23,Credit Card,Shipped,211.27
6219,361,10,2025-07-29,Cash,Delivered,61.14
6220,23,9,2024-05-04,UPI,Delivered,220.54
6221,830,12,2024-09-16,Credit Card,Delivered,49.14
6222,62,19,2025-03-20,Net Banking,Processing,210.99
6223,863,9,2024-05-24,Cash,Delivered,158.37
6224,976,5,2025-02-10,Debit Card,Delivered,227.48
6225,724,16,2024-04-16,Debit Card,Delivered,183.98
6226,223,5,2024-02-28,Debit Card,Delivered,213.3
6227,710,19,2025-11-27,Debit Card,Delivered,173.27
6228,957,17,2025-06-04,Debit Card,Cancelled,236.94
6229,571,19,2025-04-15,Debit Card,Delivered,234.18
6230,93,16,2025-03-13,Net Banking,Cancelled,159.68
6231,345,10,2024-09-25,Net Banking,Delivered,228.13
6232,639,12,2025-12-29,Cash,Shipped,223.93
6233,460,7,2024-06-26,UPI,Delivered,223.56
6234,746,5,2025-11-28,Cash,Shipped,151.11
6235,871,5,2024-05-15,Debit Card,Cancelled,73.89
6236,989,7,2025-09-06,Cash,Processing,231.99
6237,397,4,2025-05-02,Cash,Delivered,211.3
6238,32,9,2025-12-28,UPI,Delivered,233.83
6239,680,12,2024-12-10,UPI,Delivered,156.01
6240,517,3,2024-08-24,UPI,Returned,113.55
6241,725,5,2024-05-19,Net Banking,Shipped,74.01
6242,794,10,2025-05-03,Debit Card,Delivered,75.64
6243,736,5,2025-06-22,Cash,Shipped,228.98
6244,494,9,2025-05-17,Credit Card,Delivered,84.14
6245,272,7,2025-12-16,Credit Card,Processing,248.9
6246,199,5,2025-04-12,Cash,Delivered,85.35
6247,789,19,2025-03-04,Credit Card,Delivered,241.29
6248,43,1,2024-05-02,Credit Card,Delivered,142.84
6249,70,9,2024-06-18,Credit Card,Processing,171.59
6250,535,13,2025-12-14,Net Banking,Delivered,120.36
6251,222,16,2024-12-17,UPI,Delivered,114.86
6252,115,1,2024-09-11,Debit Card,Delivered,157.67
6253,200,3,2025-07-26,Net Banking,Delivered,46.37
6254,371,2,2025-08-04,Cash,Delivered,216.67
6255,461,8,2025-04-23,UPI,Returned,168.58
6256,911,9,2024-07-16,UPI,Shipped,148.61
6257,916,6,2024-02-22,Cash,Delivered,249.51
6258,655,1,2025-09-13,Net Banking,Delivered,154.26
6259,1,20,2024-01-19,UPI,Delivered,76.29
6260,671,16,2025-07-28,UPI,Processing,238.19
6261,535,19,2024-05-04,Debit Card,Delivered,91.52
6262,717,11,2025-10-20,Net Banking,Delivered,47.94
6263,215,3,2024-08-28,Debit Card,Processing,230.46
6264,529,15,2025-09-30,Debit Card,Delivered,115.76
6265,31,7,2025-09-27,Credit Card,Delivered,212.0
6266,539,18,2025-07-18,UPI,Shipped,221.38
6267,290,3,2025-09-11,Cash,Delivered,75.55
6268,125,8,2024-10-13,UPI,Delivered,147.78
6269,434,16,2025-07-13,Debit Card,Delivered,204.09
6270,349,18,2024-11-28,Debit Card,Cancelled,41.03
6271,589,4,2024-12-12,Debit Card,Delivered,102.3
6272,181,8,2025-03-24,Cash,Delivered,101.17
6273,132,15,2025-02-06,Credit Card,Delivered,240.64
6274,554,4,2024-04-16,Debit Card,Shipped,68.21
6275,813,8,2024-11-11,Net Banking,Delivered,179.05
6276,699,9,2024-02-17,Cash,Delivered,142.27
6277,268,7,2025-01-30,Debit Card,Delivered,82.25
6278,926,10,2025-08-10,UPI,Delivered,224.55
6279,460,9,2025-01-21,UPI,Delivered,227.83
6280,689,14,2025-07-27,Net Banking,Delivered,215.13
6281,920,12,2025-12-14,Net Banking,Delivered,96.85
6282,981,3,2024-03-18,UPI,Delivered,210.32
6283,469,5,2025-03-23,Cash,Delivered,59.25
6284,640,8,2025-04-03,Net Banking,Delivered,168.34
6285,222,15,2024-11-20,Cash,Delivered,243.07
6286,589,7,2024-10-12,UPI,Delivered,95.85
6287,687,20,2025-11-23,Net Banking,Returned,234.52
6288,253,15,2024-09-21,Net Banking,Delivered,132.48
6289,41,16,2024-10-26,Net Banking,Delivered,112.36
6290,859,15,2025-06-05,Debit Card,Delivered,161.78
6291,922,19,2025-03-18,Credit Card,Shipped,215.07
6292,685,6,2024-08-13,Cash,Returned,242.42
6293,121,5,2025-05-23,Debit Card,Delivered,141.59
6294,75,5,2024-07-08,Credit Card,Delivered,156.04
6295,469,17,2024-12-15,Net Banking,Delivered,163.27
6296,240,5,2025-01-11,Debit Card,Delivered,202.87
6297,21,1,2025-01-24,Net Banking,Delivered,192.04
6298,897,11,2024-01-01,Cash,Processing,84.7
6299,621,2,2025-10-31,Credit Card,Delivered,229.39
6300,75,8,2024-10-02,Cash,Delivered,79.7
6301,528,11,2025-08-25,Cash,Shipped,152.58
6302,912,20,2025-09-23,Cash,Processing,208.57
6303,755,16,2024-01-29,UPI,Delivered,45.23
6304,962,13,2024-10-05,UPI,Processing,205.31
6305,893,15,2024-09-10,UPI,Returned,204.63
6306,82,16,2025-08-28,Debit Card,Processing,99.58
6307,574,15,2025-01-31,UPI,Delivered,173.76
6308,245,17,2025-01-25,Cash,Delivered,223.75
6309,914,16,2025-01-01,Cash,Shipped,214.81
6310,262,12,2024-11-28,Net Banking,Delivered,65.61
6311,298,18,2024-06-01,Cash,Delivered,97.55
6312,519,12,2025-05-15,Credit Card,Delivered,92.65
6313,516,17,2025-09-10,Cash,Delivered,83.52
6314,703,19,2024-09-21,Credit Card,Delivered,73.82
6315,731,8,2024-07-28,Net Banking,Processing,215.24
6316,919,6,2025-06-20,UPI,Delivered,204.95
6317,473,4,2024-01-15,Credit Card,Processing,69.11
6318,7,10,2025-12-13,Debit Card,Cancelled,94.3
6319,430,15,2024-12-25,Cash,Delivered,214.31
6320,273,4,2025-11-13,Cash,Delivered,119.77
6321,304,11,2024-01-08,Cash,Delivered,215.94
6322,87,4,2025-08-13,Cash,Delivered,195.1
6323,451,13,2025-01-14,Cash,Cancelled,212.04
6324,770,13,2025-04-05,Debit Card,Processing,191.11
6325,411,9,2025-01-29,Cash,Returned,49.84
6326,129,1,2024-12-27,Net Banking,Delivered,234.95
6327,144,19,2025-10-18,Cash,Delivered,224.9
6328,73,16,2024-07-08,Debit Card,Delivered,160.38
6329,532,16,2025-07-04,Net Banking,Delivered,157.25
6330,148,15,2025-05-14,Debit Card,Delivered,97.93
6331,6,14,2024-06-19,UPI,Delivered,156.34
6332,42,14,2025-12-09,Net Banking,Delivered,213.64
6333,803,8,2025-04-23,Net Banking,Delivered,183.97
6334,64,13,2024-02-05,Cash,Delivered,127.13
6335,208,19,2025-03-18,UPI,Delivered,208.02
6336,264,8,2024-03-30,UPI,Delivered,154.24
6337,581,8,2024-07-13,Credit Card,Processing,228.34
6338,944,4,2024-04-21,Net Banking,Delivered,44.5
6339,258,17,2024-12-28,Net Banking,Delivered,149.84
6340,381,5,2024-11-23,Debit Card,Delivered,159.6
6341,352,3,2024-04-16,Debit Card,Delivered,167.81
6342,355,15,2024-09-16,Net Banking,Delivered,55.3
6343,981,19,2025-04-08,Net Banking,Delivered,145.35
6344,948,3,2025-12-30,Credit Card,Delivered,243.46
6345,936,20,2025-03-10,Cash,Returned,91.96
6346,828,18,2024-07-27,Net Banking,Delivered,225.9
6347,448,9,2025-07-04,UPI,Delivered,152.12
6348,335,13,2024-05-24,UPI,Delivered,166.0
6349,114,14,2025-08-20,Credit Card,Delivered,129.16
6350,314,16,2025-09-09,Cash,Shipped,75.31
6351,403,18,2024-07-19,Debit Card,Delivered,150.29
6352,857,4,2025-01-05,Cash,Returned,136.09
6353,493,19,2025-03-20,Net Banking,Processing,50.21
6354,135,16,2024-01-05,UPI,Delivered,52.21
6355,321,5,2025-09-27,UPI,Delivered,240.57
6356,163,4,2025-04-10,Credit Card,Delivered,220.7
6357,653,3,2025-01-09,Net Banking,Delivered,97.54
6358,749,13,2024-12-26,Credit Card,Processing,211.26
6359,428,6,2024-10-04,Credit Card,Delivered,122.04
6360,418,7,2025-03-11,Credit Card,Delivered,246.94
6361,38,17,2024-12-27,Credit Card,Delivered,193.68
6362,132,11,2025-01-27,Credit Card,Delivered,59.18
6363,15,8,2024-10-10,UPI,Delivered,105.91
6364,775,17,2025-09-01,Debit Card,Delivered,97.47
6365,63,5,2024-06-12,Debit Card,Delivered,79.82
6366,51,16,2024-12-20,Debit Card,Delivered,199.59
6367,218,8,2025-09-06,Credit Card,Delivered,219.54
6368,963,19,2025-10-17,Net Banking,Shipped,45.13
6369,277,1,2024-09-28,Debit Card,Cancelled,82.46
6370,930,20,2024-01-25,UPI,Delivered,60.2
6371,179,8,2025-07-24,Debit Card,Shipped,90.72
6372,775,16,2024-05-12,Cash,Delivered,86.33
6373,364,11,2025-03-22,Debit Card,Delivered,53.62
6374,455,12,2024-05-10,Cash,Cancelled,110.89
6375,571,4,2024-11-13,Debit Card,Delivered,60.44
6376,417,14,2025-02-02,UPI,Delivered,183.5
6377,223,19,2025-08-17,Credit Card,Delivered,77.64
6378,53,5,2025-12-25,UPI,Delivered,236.08
6379,213,9,2024-04-10,Credit Card,Delivered,159.57
6380,162,16,2025-03-23,Net Banking,Processing,153.31
6381,660,11,2025-09-19,Net Banking,Delivered,100.48
6382,485,7,2025-04-02,Credit Card,Shipped,214.77
6383,852,5,2024-03-12,Net Banking,Processing,221.56
6384,461,4,2024-08-14,Net Banking,Delivered,247.14
6385,614,8,2024-12-20,Net Banking,Delivered,116.15
6386,684,3,2025-04-18,Debit Card,Processing,57.7
6387,432,6,2024-04-01,Credit Card,Delivered,234.49
6388,877,11,2025-02-04,Net Banking,Delivered,40.81
6389,855,9,2024-10-09,Credit Card,Delivered,224.08
6390,274,10,2025-02-05,Debit Card,Delivered,73.68
6391,828,14,2025-07-30,Net Banking,Delivered,70.94
6392,779,1,2025-12-07,UPI,Delivered,71.55
6393,408,17,2025-03-28,Credit Card,Delivered,136.98
6394,868,17,2024-02-18,Cash,Cancelled,107.12
6395,109,2,2025-05-08,Net Banking,Cancelled,79.55
6396,224,2,2025-01-16,UPI,Delivered,49.11
6397,682,14,2024-03-02,Credit Card,Delivered,69.51
6398,749,14,2025-06-10,Cash,Cancelled,225.79
6399,413,12,2024-10-17,Net Banking,Delivered,140.68
6400,674,10,2025-07-20,Cash,Delivered,90.68
6401,823,14,2024-10-07,Credit Card,Delivered,189.46
6402,363,14,2025-01-22,Net Banking,Delivered,212.69
6403,343,10,2024-03-07,Cash,Shipped,109.91
6404,321,16,2025-04-21,Credit Card,Delivered,247.5
6405,838,17,2024-03-10,Debit Card,Delivered,193.11
6406,406,19,2025-05-26,Cash,Delivered,211.57
6407,936,19,2025-01-04,Cash,Delivered,126.49
6408,805,8,2024-02-12,Credit Card,Delivered,106.1
6409,584,13,2024-07-05,Debit Card,Delivered,173.86
6410,9,19,2024-03-31,Credit Card,Delivered,226.33
6411,95,9,2024-11-29,Debit Card,Delivered,232.74
6412,378,7,2025-10-11,Cash,Delivered,88.27
6413,424,2,2025-02-10,Debit Card,Delivered,70.22
6414,315,7,2025-03-15,UPI,Delivered,217.71
6415,559,3,2024-02-17,Credit Card,Shipped,72.6
6416,573,5,2025-08-27,UPI,Delivered,203.62
6417,654,5,2025-01-05,Debit Card,Processing,180.95
6418,157,6,2025-09-12,Net Banking,Delivered,46.92
6419,684,10,2025-11-20,Net Banking,Delivered,67.95
6420,27,15,2024-09-23,Cash,Delivered,180.2
6421,203,20,2024-12-02,UPI,Cancelled,138.25
6422,676,10,2024-08-05,Cash,Delivered,184.28
6423,52,15,2024-01-25,Net Banking,Delivered,103.72
6424,402,13,2025-03-17,Net Banking,Delivered,158.02
6425,952,1,2025-03-17,Net Banking,Delivered,84.18
6426,518,6,2025-02-22,Debit Card,Cancelled,43.44
6427,344,19,2024-11-30,Credit Card,Delivered,172.97
6428,585,16,2024-06-18,Credit Card,Delivered,158.77
6429,216,5,2024-05-29,Debit Card,Delivered,211.07
6430,251,10,2025-05-14,Cash,Cancelled,212.21
6431,729,6,2025-09-12,Cash,Returned,192.81
6432,479,6,2024-10-03,Credit Card,Shipped,182.79
6433,654,9,2024-09-16,Cash,Delivered,62.12
6434,103,10,2024-12-27,Net Banking,Shipped,121.13
6435,50,13,2025-07-13,Net Banking,Delivered,145.45
6436,396,17,2025-07-16,Net Banking,Returned,237.96
6437,991,6,2025-09-22,Debit Card,Returned,166.85
6438,911,1,2024-09-17,Credit Card,Delivered,207.23
6439,693,20,2025-10-27,Debit Card,Delivered,240.99
6440,725,11,2025-09-28,Cash,Processing,88.21
6441,280,2,2024-11-02,Net Banking,Returned,87.85
6442,241,4,2025-11-02,Net Banking,Delivered,45.81
6443,594,7,2025-02-08,Debit Card,Delivered,162.98
6444,661,7,2024-05-18,Cash,Returned,166.52
6445,647,20,2024-09-10,Net Banking,Processing,59.12
6446,898,6,2025-11-20,Credit Card,Cancelled,45.84
6447,221,4,2025-01-29,Net Banking,Shipped,77.88
6448,643,5,2024-01-07,Credit Card,Delivered,116.4
6449,75,7,2024-08-09,Credit Card,Processing,122.95
6450,223,3,2025-12-03,Debit Card,Shipped,164.67
6451,82,6,2024-06-30,Cash,Delivered,91.33
6452,610,14,2025-07-16,Cash,Delivered,215.09
6453,638,12,2024-07-06,Net Banking,Delivered,218.12
6454,101,15,2024-09-07,Cash,Delivered,123.76
6455,715,1,2025-08-12,UPI,Delivered,184.95
6456,596,3,2025-11-02,Cash,Delivered,111.98
6457,841,6,2024-08-05,Debit Card,Processing,151.22
6458,224,17,2024-09-20,Cash,Delivered,231.76
6459,292,16,2024-11-16,Debit Card,Delivered,64.21
6460,1000,2,2025-04-21,Net Banking,Delivered,68.01
6461,546,6,2024-05-24,UPI,Processing,51.18
6462,244,17,2025-09-30,UPI,Processing,154.52
6463,290,19,2024-07-25,UPI,Delivered,83.03
6464,390,1,2024-04-25,UPI,Delivered,166.06
6465,220,6,2025-12-28,Debit Card,Delivered,154.74
6466,700,12,2024-05-22,Credit Card,Shipped,120.72
6467,152,2,2025-01-04,Credit Card,Delivered,63.46
6468,479,19,2025-03-23,Debit Card,Shipped,74.78
6469,172,13,2024-08-08,Cash,Delivered,61.32
6470,411,15,2024-03-26,Net Banking,Delivered,208.67
6471,814,18,2025-04-24,Cash,Shipped,240.15
6472,184,11,2024-01-08,UPI,Delivered,146.51
6473,773,6,2024-09-19,Cash,Delivered,203.74
6474,176,2,2024-06-23,Net Banking,Delivered,57.57
6475,827,11,2025-12-03,Credit Card,Delivered,44.86
6476,13,12,2025-11-20,Credit Card,Delivered,149.6
6477,63,11,2024-03-17,UPI,Delivered,207.03
6478,541,9,2024-01-03,Net Banking,Delivered,155.03
6479,952,16,2025-02-26,Cash,Delivered,204.15
6480,257,14,2025-05-31,Cash,Delivered,50.4
6481,573,8,2024-01-08,UPI,Delivered,122.47
6482,302,2,2025-11-06,Debit Card,Cancelled,88.78
6483,736,1,2024-12-01,UPI,Delivered,74.32
6484,466,20,2024-06-20,Cash,Delivered,192.27
6485,192,19,2025-07-15,UPI,Delivered,184.82
6486,134,1,2024-08-29,Debit Card,Delivered,197.8
6487,847,7,2024-03-05,Debit Card,Delivered,228.03
6488,547,1,2025-01-27,UPI,Processing,165.27
6489,31,6,2025-01-07,Debit Card,Delivered,106.11
6490,691,16,2024-03-08,Debit Card,Processing,139.67
6491,737,3,2024-03-20,Cash,Delivered,122.5
6492,361,15,2025-07-07,Net Banking,Delivered,147.15
6493,975,7,2025-02-19,UPI,Delivered,240.62
6494,850,2,2024-09-17,Cash,Shipped,166.87
6495,650,10,2024-11-11,Net Banking,Delivered,237.41
6496,674,17,2025-07-09,UPI,Delivered,231.92
6497,772,9,2024-04-12,Debit Card,Delivered,144.97
6498,412,15,2025-12-12,Cash,Delivered,54.96
6499,133,9,2024-12-12,Net Banking,Delivered,46.09
6500,40,19,2025-05-10,Credit Card,Shipped,134.47
6501,340,3,2024-11-09,Cash,Processing,138.01
6502,133,5,2024-02-11,Credit Card,Delivered,92.83
6503,981,8,2024-12-24,Debit Card,Delivered,223.53
6504,472,5,2025-03-26,Debit Card,Processing,192.99
6505,633,12,2024-03-01,Net Banking,Delivered,78.34
6506,537,19,2024-10-01,Net Banking,Delivered,89.5
6507,515,16,2025-12-26,Credit Card,Returned,241.04
6508,623,7,2025-09-26,Credit Card,Delivered,111.28
6509,914,1,2025-04-28,Credit Card,Shipped,93.54
6510,249,19,2025-09-19,Net Banking,Delivered,128.97
6511,820,17,2025-09-12,Debit Card,Shipped,100.1
6512,273,5,2024-10-19,Cash,Delivered,157.02
6513,741,13,2024-11-22,Debit Card,Delivered,90.35
6514,567,18,2024-03-20,Cash,Delivered,125.1
6515,485,8,2024-06-08,Debit Card,Returned,221.97
6516,878,10,2024-08-28,UPI,Cancelled,172.46
6517,873,4,2024-02-27,Cash,Delivered,91.63
6518,120,9,2024-03-01,Credit Card,Delivered,123.66
6519,262,11,2024-07-19,Credit Card,Returned,127.28
6520,176,17,2025-02-14,Net Banking,Delivered,226.25
6521,374,15,2024-07-18,UPI,Delivered,95.93
6522,819,4,2025-01-06,Debit Card,Delivered,222.97
6523,87,3,2024-05-30,UPI,Delivered,95.68
6524,272,10,2025-08-12,Net Banking,Delivered,174.72
6525,784,3,2024-06-19,Net Banking,Delivered,102.85
6526,787,10,2025-10-02,Cash,Delivered,63.03
6527,77,6,2025-01-10,Net Banking,Delivered,245.53
6528,280,16,2025-02-21,Net Banking,Delivered,92.85
6529,296,6,2025-01-31,Net Banking,Delivered,145.23
6530,178,9,2025-03-28,Cash,Shipped,107.87
6531,930,20,2025-10-29,Net Banking,Delivered,144.13
6532,584,4,2025-10-22,Debit Card,Delivered,40.44
6533,324,4,2025-04-20,Debit Card,Delivered,238.21
6534,817,17,2024-03-18,Credit Card,Processing,140.82
6535,182,8,2025-08-05,UPI,Delivered,137.76
6536,176,9,2025-07-25,Debit Card,Shipped,249.5
6537,742,17,2024-01-27,UPI,Delivered,124.95
6538,926,8,2024-11-03,Cash,Delivered,182.92
6539,963,6,2025-01-28,Debit Card,Delivered,49.96
6540,73,9,2025-10-12,Cash,Delivered,128.35
6541,399,4,2025-08-27,UPI,Delivered,221.63
6542,424,8,2025-10-03,Cash,Cancelled,167.5
6543,819,3,2024-05-30,Net Banking,Cancelled,165.52
6544,644,2,2025-12-17,Cash,Delivered,129.2
6545,449,3,2024-09-29,Debit Card,Delivered,61.5
6546,327,1,2024-06-17,Credit Card,Shipped,80.11
6547,46,1,2025-03-01,Debit Card,Shipped,79.32
6548,170,18,2025-05-07,Net Banking,Delivered,205.73
6549,986,8,2025-06-07,Credit Card,Delivered,76.26
6550,401,3,2025-07-21,Debit Card,Shipped,169.59
6551,145,12,2024-10-29,UPI,Processing,169.88
6552,633,20,2025-01-24,Cash,Delivered,94.87
6553,954,2,2024-02-03,UPI,Delivered,98.44
6554,140,9,2024-10-03,Cash,Delivered,139.89
6555,174,8,2025-05-15,Net Banking,Cancelled,54.22
6556,593,12,2024-12-28,Credit Card,Delivered,234.59
6557,758,20,2024-11-25,Net Banking,Delivered,244.81
6558,482,14,2025-11-06,Credit Card,Processing,228.51
6559,784,20,2025-12-20,Net Banking,Delivered,88.22
6560,322,16,2024-12-14,Cash,Delivered,178.62
6561,657,18,2025-09-07,Credit Card,Delivered,131.26
6562,320,4,2025-04-25,UPI,Delivered,85.87
6563,748,18,2024-10-06,UPI,Delivered,202.09
6564,584,2,2024-08-23,Credit Card,Delivered,209.78
6565,896,5,2024-01-27,Net Banking,Delivered,155.82
6566,634,13,2025-02-23,Cash,Shipped,219.46
6567,217,12,2025-03-05,Debit Card,Delivered,230.51
6568,18,16,2025-02-06,Debit Card,Processing,207.41
6569,59,3,2024-03-30,Net Banking,Delivered,121.78
6570,141,13,2025-11-10,Debit Card,Processing,100.0
6571,540,1,2024-04-16,Credit Card,Processing,112.5
6572,63,17,2024-10-27,Debit Card,Returned,167.37
6573,330,13,2024-08-27,Debit Card,Delivered,73.07
6574,657,8,2024-10-10,Cash,Shipped,200.39
6575,339,2,2025-08-27,Cash,Shipped,127.64
6576,949,12,2025-11-29,Debit Card,Delivered,86.94
6577,574,12,2024-09-15,Credit Card,Delivered,75.8
6578,961,18,2024-12-04,Debit Card,Delivered,206.55
6579,53,3,2025-10-17,Cash,Processing,202.3
6580,873,16,2024-06-10,Net Banking,Shipped,230.63
6581,281,19,2025-09-28,Cash,Delivered,74.04
6582,407,16,2025-10-01,Debit Card,Delivered,162.81
6583,632,2,2025-07-31,Credit Card,Delivered,87.05
6584,348,9,2025-06-13,UPI,Delivered,52.36
6585,778,3,2024-09-25,Debit Card,Delivered,57.25
6586,290,5,2024-05-11,Cash,Delivered,107.17
6587,227,18,2024-11-23,Debit Card,Delivered,248.57
6588,965,20,2025-11-22,Cash,Delivered,92.01
6589,630,10,2024-06-13,Cash,Delivered,67.48
6590,766,6,2025-03-20,UPI,Delivered,147.34
6591,23,13,2024-05-24,Credit Card,Delivered,225.88
6592,71,17,2024-03-19,Net Banking,Delivered,144.17
6593,148,17,2025-04-04,Credit Card,Delivered,229.41
6594,915,7,2025-09-09,Credit Card,Delivered,48.62
6595,729,20,2024-04-14,UPI,Delivered,208.93
6596,50,8,2025-01-28,Credit Card,Returned,194.98
6597,237,2,2025-11-24,Net Banking,Processing,101.29
6598,542,10,2024-03-29,Credit Card,Delivered,208.91
6599,56,6,2025-03-16,UPI,Delivered,232.79
6600,228,16,2024-03-30,Net Banking,Delivered,193.54
6601,931,3,2025-12-01,UPI,Delivered,235.26
6602,743,14,2025-05-12,Cash,Cancelled,204.46
6603,246,14,2025-04-10,Debit Card,Shipped,135.79
6604,366,12,2024-11-14,Debit Card,Delivered,225.98
6605,257,17,2024-08-01,UPI,Delivered,209.24
6606,257,7,2025-12-13,Debit Card,Shipped,191.6
6607,924,2,2024-04-20,Credit Card,Delivered,82.91
6608,381,7,2024-11-18,Credit Card,Processing,152.84
6609,197,8,2024-05-18,Credit Card,Delivered,224.54
6610,374,3,2024-07-29,Debit Card,Returned,149.2
6611,765,1,2024-12-10,Cash,Delivered,119.07
6612,443,5,2024-01-18,Cash,Delivered,132.4
6613,328,4,2024-04-18,Debit Card,Delivered,146.48
6614,161,4,2025-03-23,Cash,Returned,158.12
6615,753,9,2024-09-07,Credit Card,Delivered,224.54
6616,465,8,2025-08-15,UPI,Delivered,99.19
6617,581,11,2025-03-23,Cash,Cancelled,112.42
6618,35,6,2025-11-13,Credit Card,Shipped,202.75
6619,520,20,2025-01-04,Credit Card,Delivered,201.37
6620,384,18,2024-06-13,Credit Card,Delivered,151.45
6621,618,3,2025-07-26,Net Banking,Delivered,213.72
6622,977,10,2025-08-26,Net Banking,Delivered,57.34
6623,743,11,2025-11-25,Net Banking,Delivered,197.32
6624,598,9,2025-12-18,Debit Card,Processing,122.65
6625,306,14,2024-10-27,Debit Card,Shipped,70.32
6626,7,1,2025-08-21,Debit Card,Delivered,117.78
6627,894,5,2024-11-06,Net Banking,Delivered,153.05
6628,262,16,2024-12-04,UPI,Shipped,145.44
6629,781,16,2025-04-26,Net Banking,Delivered,200.54
6630,915,10,2024-05-07,Cash,Delivered,49.13
6631,696,8,2025-09-22,Cash,Delivered,199.34
6632,926,2,2024-12-17,Credit Card,Cancelled,186.51
6633,817,10,2024-02-28,UPI,Delivered,229.06
6634,849,16,2024-02-03,Credit Card,Delivered,218.63
6635,690,8,2024-02-13,UPI,Delivered,86.53
6636,13,16,2024-11-01,Net Banking,Delivered,208.4
6637,395,9,2024-03-30,Debit Card,Delivered,217.04
6638,354,10,2025-05-14,Credit Card,Shipped,189.44
6639,895,7,2025-11-13,Credit Card,Shipped,198.43
6640,704,17,2025-05-16,Debit Card,Cancelled,241.49
6641,54,14,2025-11-27,Cash,Delivered,146.7
6642,368,15,2024-12-21,UPI,Delivered,116.61
6643,694,14,2025-03-01,UPI,Processing,127.06
6644,913,10,2025-08-19,UPI,Delivered,128.32
6645,398,9,2024-09-01,Cash,Delivered,111.74
6646,322,4,2025-01-14,Cash,Delivered,230.37
6647,213,19,2024-08-12,Debit Card,Delivered,79.45
6648,268,12,2024-05-14,UPI,Delivered,118.37
6649,414,3,2025-09-13,Net Banking,Delivered,239.25
6650,727,14,2025-10-18,Net Banking,Delivered,195.21
6651,572,13,2024-11-15,Net Banking,Delivered,103.88
6652,585,17,2025-05-08,Net Banking,Returned,195.3
6653,586,14,2024-03-28,Credit Card,Delivered,74.03
6654,53,9,2025-10-04,Credit Card,Delivered,223.76
6655,185,12,2024-07-06,Net Banking,Shipped,128.61
6656,241,1,2024-05-16,UPI,Delivered,99.13
6657,939,1,2025-08-23,UPI,Delivered,82.8
6658,772,20,2024-04-20,UPI,Delivered,145.51
6659,250,15,2025-03-11,UPI,Processing,116.19
6660,232,13,2024-12-20,UPI,Delivered,71.48
6661,13,14,2024-07-16,Credit Card,Delivered,138.79
6662,755,12,2025-10-18,Cash,Delivered,122.23
6663,171,20,2024-10-23,Net Banking,Delivered,53.63
6664,901,1,2024-11-01,UPI,Delivered,196.34
6665,209,1,2025-04-25,Credit Card,Shipped,104.79
6666,179,15,2025-06-20,Debit Card,Processing,247.26
6667,767,11,2024-07-30,Credit Card,Delivered,88.15
6668,860,14,2024-12-15,UPI,Delivered,148.12
6669,14,8,2024-06-03,Net Banking,Delivered,217.04
6670,721,19,2025-11-19,Debit Card,Delivered,246.84
6671,678,3,2024-05-22,Net Banking,Delivered,232.88
6672,896,3,2025-11-11,UPI,Delivered,235.32
6673,781,3,2025-05-29,Cash,Delivered,166.61
6674,653,13,2024-08-02,Cash,Delivered,87.99
6675,738,20,2025-10-28,Debit Card,Delivered,146.49
6676,253,6,2025-10-27,Cash,Returned,108.54
6677,287,11,2025-06-11,UPI,Delivered,245.21
6678,626,2,2025-05-18,Credit Card,Delivered,166.26
6679,853,8,2024-02-01,Cash,Delivered,112.46
6680,203,4,2025-12-06,Credit Card,Delivered,92.7
6681,130,15,2024-12-17,Debit Card,Delivered,214.4
6682,647,11,2025-08-19,UPI,Processing,213.95
6683,56,12,2024-09-12,Cash,Delivered,156.64
6684,809,3,2025-04-12,Credit Card,Shipped,202.3
6685,156,10,2024-12-03,Net Banking,Delivered,153.78
6686,513,12,2024-03-14,Credit Card,Shipped,165.87
6687,244,17,2025-06-01,Net Banking,Processing,230.96
6688,76,11,2025-12-31,UPI,Delivered,138.03
6689,424,9,2025-05-23,Net Banking,Delivered,123.99
6690,419,12,2024-03-27,Cash,Delivered,112.74
6691,924,6,2025-06-04,Credit Card,Shipped,209.04
6692,112,19,2025-01-31,Debit Card,Delivered,188.77
6693,683,1,2025-07-31,Credit Card,Delivered,158.0
6694,595,10,2024-09-26,Credit Card,Delivered,196.38
6695,759,11,2024-09-19,Cash,Delivered,209.85
6696,885,13,2025-02-23,UPI,Shipped,89.92
6697,549,14,2025-07-09,Debit Card,Delivered,43.46
6698,725,19,2024-02-04,UPI,Delivered,164.81
6699,763,15,2025-02-13,Net Banking,Delivered,238.68
6700,714,12,2025-07-31,Net Banking,Shipped,120.56
6701,946,4,2024-01-16,Net Banking,Shipped,58.26
6702,471,1,2025-10-14,Cash,Delivered,158.0
6703,688,8,2024-12-01,Cash,Delivered,151.52
6704,43,15,2025-07-01,Credit Card,Delivered,69.37
6705,949,7,2024-08-16,Net Banking,Cancelled,61.04
6706,162,1,2024-03-09,Net Banking,Delivered,123.16
6707,439,8,2025-05-03,Cash,Delivered,43.66
6708,455,8,2025-10-24,Debit Card,Shipped,145.69
6709,371,14,2025-01-19,Cash,Delivered,174.53
6710,645,1,2025-08-16,Debit Card,Delivered,219.99
6711,825,10,2025-05-17,Credit Card,Delivered,142.71
6712,326,9,2024-02-04,Cash,Processing,82.26
6713,78,13,2024-09-06,Debit Card,Shipped,41.18
6714,278,14,2024-12-15,Net Banking,Delivered,143.98
6715,736,2,2024-09-03,Debit Card,Delivered,145.55
6716,128,2,2025-06-30,Credit Card,Delivered,246.01
6717,991,19,2024-05-19,Credit Card,Delivered,225.26
6718,324,9,2024-05-10,Cash,Shipped,227.86
6719,34,19,2025-12-03,Debit Card,Delivered,104.23
6720,799,10,2024-04-02,Cash,Delivered,106.25
6721,788,1,2025-04-23,UPI,Delivered,232.44
6722,57,2,2025-11-18,Cash,Delivered,146.36
6723,264,13,2024-11-23,Cash,Cancelled,188.91
6724,317,16,2025-10-07,Debit Card,Delivered,124.4
6725,238,19,2025-08-09,UPI,Delivered,98.02
6726,110,19,2024-08-03,Net Banking,Delivered,160.8
6727,70,17,2025-05-24,Credit Card,Delivered,82.24
6728,359,10,2024-01-14,Credit Card,Cancelled,153.73
6729,671,6,2024-09-16,Debit Card,Delivered,61.75
6730,672,2,2025-08-19,Credit Card,Shipped,166.24
6731,592,10,2024-01-15,Credit Card,Delivered,99.36
6732,322,19,2024-07-04,Cash,Delivered,195.05
6733,38,8,2025-08-26,Credit Card,Delivered,153.87
6734,696,14,2025-04-03,Cash,Delivered,130.34
6735,397,6,2025-10-09,Net Banking,Delivered,107.24
6736,916,7,2024-03-13,Debit Card,Delivered,84.62
6737,838,16,2025-09-18,Net Banking,Delivered,136.84
6738,686,7,2024-10-24,UPI,Delivered,147.21
6739,245,6,2025-02-21,Net Banking,Delivered,173.06
6740,839,15,2025-12-01,UPI,Delivered,197.94
6741,523,6,2024-09-05,UPI,Delivered,113.13
6742,573,3,2024-11-12,Net Banking,Delivered,86.72
6743,80,16,2024-04-17,Net Banking,Delivered,111.64
6744,416,15,2025-04-04,Cash,Delivered,68.68
6745,802,18,2025-12-22,Net Banking,Delivered,200.28
6746,61,5,2024-08-21,Net Banking,Returned,248.1
6747,824,15,2024-11-23,Debit Card,Delivered,145.73
6748,244,1,2024-07-09,Credit Card,Delivered,119.39
6749,543,16,2025-05-15,UPI,Delivered,175.12
6750,778,20,2024-09-29,Cash,Delivered,76.74
6751,350,15,2024-11-27,UPI,Delivered,125.02
6752,862,14,2025-08-13,Cash,Cancelled,186.58
6753,712,10,2024-04-07,Debit Card,Delivered,114.84
6754,364,15,2024-06-30,Debit Card,Returned,102.41
6755,545,5,2025-06-14,Debit Card,Delivered,128.04
6756,588,2,2025-09-10,UPI,Processing,116.71
6757,781,4,2024-04-16,UPI,Delivered,130.88
6758,807,8,2024-09-12,Net Banking,Processing,55.66
6759,439,10,2025-04-15,Cash,Delivered,47.79
6760,62,14,2025-01-12,Net Banking,Delivered,167.79
6761,517,7,2024-07-26,UPI,Processing,86.9
6762,332,2,2025-03-20,Credit Card,Shipped,107.21
6763,53,8,2025-03-14,Debit Card,Shipped,228.99
6764,208,8,2025-01-20,Credit Card,Shipped,161.4
6765,308,20,2024-09-07,Debit Card,Delivered,201.55
6766,55,11,2025-04-07,UPI,Delivered,224.93
6767,740,16,2024-12-11,Net Banking,Cancelled,173.97
6768,197,18,2025-02-16,Net Banking,Delivered,174.37
6769,985,9,2024-06-19,Credit Card,Delivered,119.28
6770,538,13,2025-11-12,Credit Card,Shipped,184.48
6771,387,19,2025-10-09,Cash,Returned,92.7
6772,741,6,2025-03-03,Credit Card,Delivered,45.16
6773,570,12,2025-12-01,Debit Card,Delivered,199.06
6774,190,14,2025-12-12,Net Banking,Delivered,248.08
6775,941,4,2024-07-12,Net Banking,Delivered,192.02
6776,93,6,2024-10-14,Credit Card,Delivered,198.27
6777,888,13,2024-01-01,Credit Card,Delivered,183.89
6778,889,4,2024-09-13,Net Banking,Delivered,111.76
6779,66,18,2024-10-11,Net Banking,Delivered,153.14
6780,910,8,2025-06-26,UPI,Delivered,40.76
6781,356,13,2024-08-25,Credit Card,Delivered,229.96
6782,518,5,2024-06-11,Cash,Delivered,108.54
6783,892,20,2024-11-06,UPI,Delivered,133.82
6784,975,13,2025-07-13,Debit Card,Delivered,129.59
6785,599,14,2025-05-30,Credit Card,Delivered,71.03
6786,62,17,2025-01-10,Cash,Delivered,153.38
6787,322,13,2025-07-03,Debit Card,Returned,84.17
6788,396,2,2025-03-24,Net Banking,Processing,238.06
6789,216,1,2024-06-28,Net Banking,Delivered,115.92
6790,182,17,2025-03-25,Net Banking,Shipped,174.37
6791,479,7,2025-02-08,Cash,Delivered,123.29
6792,17,18,2024-09-06,Debit Card,Delivered,61.66
6793,763,13,2024-06-10,Credit Card,Delivered,43.0
6794,718,13,2024-07-31,Debit Card,Delivered,148.27
6795,802,16,2024-10-17,Debit Card,Delivered,172.65
6796,827,8,2025-03-19,Debit Card,Processing,188.55
6797,36,8,2025-11-27,UPI,Delivered,239.66
6798,398,14,2024-04-10,Credit Card,Shipped,130.62
6799,537,9,2024-05-27,Debit Card,Processing,104.27
6800,769,1,2024-10-24,Net Banking,Delivered,135.28
6801,156,6,2025-01-22,Net Banking,Delivered,200.4
6802,650,1,2024-04-16,Net Banking,Delivered,129.67
6803,392,14,2024-02-07,UPI,Shipped,205.98
6804,888,13,2024-07-06,UPI,Delivered,164.14
6805,107,15,2025-10-14,Debit Card,Delivered,110.46
6806,850,20,2025-06-07,UPI,Cancelled,191.0
6807,924,10,2024-05-17,Debit Card,Delivered,45.02
6808,642,16,2025-02-02,Net Banking,Delivered,107.08
6809,895,8,2025-04-26,Credit Card,Cancelled,130.42
6810,896,6,2024-02-27,Debit Card,Delivered,84.41
6811,586,7,2025-06-21,Debit Card,Delivered,93.39
6812,472,3,2024-01-15,UPI,Delivered,43.22
6813,775,6,2025-04-20,Net Banking,Delivered,45.04
6814,678,1,2024-09-06,Debit Card,Delivered,197.3
6815,445,15,2025-03-11,UPI,Delivered,111.36
6816,673,7,2024-08-15,UPI,Delivered,56.92
6817,589,11,2025-04-11,Debit Card,Delivered,210.18
6818,577,18,2024-06-23,Credit Card,Delivered,199.27
6819,161,1,2024-07-01,Credit Card,Delivered,181.01
6820,74,12,2025-07-16,Credit Card,Delivered,163.17
6821,363,5,2025-11-27,UPI,Processing,223.32
6822,4,4,2025-07-14,Credit Card,Delivered,130.32
6823,989,2,2024-12-08,Debit Card,Shipped,140.22
6824,730,5,2024-08-21,Debit Card,Shipped,166.03
6825,909,20,2024-08-25,Debit Card,Delivered,91.88
6826,769,6,2025-12-05,Debit Card,Delivered,198.69
6827,257,20,2025-05-13,Cash,Processing,205.55
6828,575,8,2024-09-02,Net Banking,Returned,102.09
6829,860,8,2025-11-26,Cash,Delivered,114.5
6830,611,19,2024-08-03,Net Banking,Delivered,217.03
6831,776,12,2025-07-29,Net Banking,Delivered,87.2
6832,536,14,2024-01-27,Debit Card,Processing,100.37
6833,672,8,2025-02-25,Credit Card,Delivered,49.83
6834,832,1,2024-11-22,Debit Card,Returned,198.33
6835,960,17,2024-10-05,Cash,Delivered,110.26
6836,857,11,2024-01-29,UPI,Delivered,231.37
6837,500,6,2025-04-22,UPI,Delivered,50.92
6838,296,9,2024-09-16,Cash,Delivered,88.62
6839,709,3,2024-04-19,Cash,Delivered,237.33
6840,31,7,2024-01-11,Debit Card,Delivered,150.85
6841,705,9,2025-05-31,Net Banking,Delivered,181.58
6842,773,7,2025-05-13,Cash,Delivered,98.41
6843,415,13,2025-01-22,UPI,Delivered,86.02
6844,748,2,2025-01-22,Debit Card,Processing,206.93
6845,107,5,2024-09-26,UPI,Delivered,154.08
6846,447,17,2024-07-16,Net Banking,Delivered,174.28
6847,861,5,2024-12-30,Net Banking,Delivered,162.98
6848,5,10,2024-10-15,Credit Card,Delivered,202.48
6849,412,1,2024-04-29,Credit Card,Delivered,202.57
6850,495,15,2024-12-02,Debit Card,Delivered,232.79
6851,575,10,2025-03-04,Net Banking,Cancelled,85.58
6852,438,7,2024-04-11,Cash,Delivered,54.59
6853,154,9,2024-11-18,Net Banking,Delivered,111.04
6854,395,9,2025-05-14,Credit Card,Delivered,224.63
6855,236,20,2025-06-11,Credit Card,Delivered,240.83
6856,247,20,2025-01-01,Debit Card,Delivered,186.62
6857,43,17,2025-02-10,Net Banking,Returned,79.52
6858,826,18,2025-09-06,Cash,Processing,100.96
6859,96,3,2024-01-31,Debit Card,Delivered,166.51
6860,467,11,2024-11-07,Debit Card,Shipped,82.36
6861,461,15,2025-10-31,UPI,Delivered,163.58
6862,41,19,2025-09-22,Cash,Delivered,54.25
6863,374,13,2024-11-13,Debit Card,Delivered,238.62
6864,625,13,2024-08-26,UPI,Shipped,46.58
6865,792,9,2024-07-24,UPI,Delivered,83.17
6866,555,19,2025-02-15,UPI,Cancelled,148.97
6867,301,4,2024-01-21,Cash,Returned,105.89
6868,655,9,2025-10-01,Credit Card,Delivered,219.65
6869,825,4,2024-06-14,Net Banking,Delivered,146.31
6870,465,3,2025-11-08,Cash,Returned,161.0
6871,397,11,2024-04-13,Net Banking,Delivered,88.64
6872,316,3,2024-09-10,UPI,Delivered,152.99
6873,451,18,2024-12-05,Cash,Delivered,231.71
6874,395,11,2024-05-28,Cash,Delivered,155.34
6875,567,5,2024-03-09,Net Banking,Processing,74.91
6876,777,18,2025-05-17,Net Banking,Delivered,152.15
6877,934,6,2025-01-10,Debit Card,Delivered,181.49
6878,640,13,2024-03-06,UPI,Delivered,101.36
6879,357,18,2025-12-13,Debit Card,Processing,80.59
6880,233,2,2025-12-31,Debit Card,Delivered,228.83
6881,127,17,2024-07-27,Debit Card,Delivered,124.75
6882,23,16,2025-05-20,UPI,Delivered,170.67
6883,262,18,2024-09-18,UPI,Delivered,104.14
6884,61,9,2024-01-05,UPI,Shipped,117.61
6885,153,8,2024-02-16,UPI,Delivered,128.79
6886,456,20,2024-02-11,Cash,Delivered,126.34
6887,181,18,2024-06-14,Net Banking,Delivered,109.34
6888,158,15,2024-11-08,Credit Card,Shipped,94.31
6889,729,16,2025-08-25,Net Banking,Processing,165.83
6890,118,20,2025-01-18,Cash,Delivered,210.61
6891,647,11,2025-02-21,Debit Card,Delivered,237.33
6892,923,15,2025-06-04,Net Banking,Shipped,237.4
6893,978,16,2024-09-06,UPI,Cancelled,216.3
6894,193,19,2024-11-26,Credit Card,Delivered,189.93
6895,816,14,2024-02-26,Cash,Delivered,157.23
6896,732,13,2024-07-18,UPI,Shipped,62.43
6897,951,8,2024-10-23,UPI,Delivered,242.23
6898,359,13,2024-06-10,UPI,Delivered,65.39
6899,419,13,2024-04-11,Cash,Delivered,71.01
6900,449,4,2024-01-01,Credit Card,Processing,160.89
6901,753,15,2025-12-24,UPI,Delivered,84.73
6902,10,14,2024-11-29,Debit Card,Delivered,186.22
6903,584,20,2024-06-10,UPI,Delivered,84.24
6904,645,4,2025-07-14,Cash,Cancelled,125.51
6905,139,6,2025-02-11,Cash,Delivered,195.03
6906,253,3,2024-11-15,Cash,Delivered,248.18
6907,69,11,2025-08-11,Net Banking,Delivered,128.41
6908,130,11,2025-05-09,Cash,Delivered,99.38
6909,913,17,2025-04-23,Credit Card,Returned,49.41
6910,447,20,2024-07-28,UPI,Delivered,230.69
6911,728,12,2024-11-23,UPI,Delivered,78.8
6912,244,9,2024-03-07,UPI,Shipped,222.88
6913,232,3,2025-04-27,Credit Card,Delivered,201.87
6914,836,14,2024-02-26,Cash,Delivered,125.25
6915,294,1,2024-11-26,Debit Card,Delivered,173.33
6916,161,4,2024-10-11,Cash,Returned,98.28
6917,230,6,2024-12-08,Net Banking,Shipped,231.83
6918,564,1,2025-04-22,Debit Card,Delivered,54.23
6919,33,11,2025-06-15,Cash,Delivered,64.31
6920,795,15,2025-01-22,Net Banking,Shipped,231.65
6921,395,10,2025-07-27,Debit Card,Delivered,118.18
6922,113,11,2025-02-22,UPI,Delivered,42.34
6923,682,12,2024-12-22,Cash,Delivered,242.44
6924,638,12,2024-06-09,UPI,Delivered,151.64
6925,297,3,2024-09-30,Credit Card,Shipped,112.17
6926,601,19,2025-11-20,Net Banking,Delivered,177.72
6927,575,13,2024-11-21,Net Banking,Delivered,123.83
6928,442,1,2024-11-17,UPI,Delivered,79.29
6929,355,3,2025-11-12,Debit Card,Delivered,208.07
6930,894,15,2025-08-24,Debit Card,Delivered,162.86
6931,899,17,2025-05-01,Debit Card,Delivered,85.75
6932,466,7,2024-06-25,Debit Card,Shipped,92.75
6933,543,1,2024-12-08,UPI,Delivered,143.43
6934,164,4,2025-12-05,Credit Card,Cancelled,127.54
6935,407,9,2024-04-01,Cash,Delivered,71.23
6936,824,14,2025-12-17,Debit Card,Delivered,210.61
6937,868,9,2024-05-10,Cash,Delivered,182.07
6938,3,4,2024-04-07,Debit Card,Delivered,62.71
6939,738,15,2025-08-19,UPI,Delivered,152.4
6940,793,18,2024-02-14,Net Banking,Processing,178.24
6941,459,10,2024-09-09,Net Banking,Delivered,232.64
6942,745,4,2025-10-25,Credit Card,Processing,148.22
6943,773,20,2025-05-14,Credit Card,Delivered,42.98
6944,332,17,2024-01-19,Net Banking,Processing,167.69
6945,338,17,2024-01-13,UPI,Delivered,96.23
6946,222,10,2024-07-16,UPI,Delivered,47.0
6947,712,2,2024-04-25,Debit Card,Delivered,239.26
6948,350,17,2024-08-14,Cash,Processing,164.17
6949,650,6,2024-02-08,UPI,Shipped,249.93
6950,421,14,2024-04-09,Net Banking,Delivered,44.63
6951,984,3,2024-05-20,Credit Card,Cancelled,224.82
6952,986,15,2025-03-16,Cash,Shipped,70.28
6953,153,12,2024-04-27,Net Banking,Delivered,79.93
6954,53,15,2024-06-11,Debit Card,Delivered,212.95
6955,599,11,2024-09-26,Net Banking,Delivered,76.15
6956,883,19,2024-01-05,Credit Card,Delivered,87.06
6957,763,14,2024-09-22,Debit Card,Delivered,184.24
6958,733,4,2025-05-22,Cash,Delivered,143.1
6959,647,4,2025-06-08,Credit Card,Delivered,245.79
6960,354,2,2025-09-30,Debit Card,Delivered,145.27
6961,772,13,2025-11-22,Debit Card,Delivered,123.57
6962,41,17,2024-12-26,Cash,Delivered,192.06
6963,899,11,2025-07-31,Credit Card,Shipped,67.34
6964,868,8,2024-05-10,UPI,Delivered,71.03
6965,915,18,2024-10-04,Cash,Delivered,59.75
6966,424,4,2024-07-09,Credit Card,Delivered,159.39
6967,502,9,2025-01-06,Debit Card,Delivered,64.9
6968,705,11,2024-01-14,Net Banking,Delivered,91.53
6969,531,8,2024-02-07,Debit Card,Delivered,211.27
6970,861,5,2024-10-12,Cash,Delivered,114.1
6971,951,17,2025-07-12,UPI,Delivered,43.19
6972,393,12,2025-09-18,Cash,Delivered,77.33
6973,938,20,2025-11-11,Cash,Processing,239.89
6974,705,6,2025-03-22,Credit Card,Delivered,153.16
6975,826,6,2024-03-25,Cash,Delivered,230.21
6976,546,7,2024-05-05,Net Banking,Shipped,187.78
6977,989,11,2024-12-18,Cash,Processing,212.45
6978,165,5,2024-02-03,Net Banking,Delivered,220.79
6979,83,1,2025-05-24,Cash,Delivered,102.2
6980,137,13,2024-01-19,Net Banking,Delivered,135.51
6981,683,7,2025-01-08,Debit Card,Delivered,224.85
6982,289,8,2025-10-19,Net Banking,Delivered,196.03
6983,973,8,2024-07-09,UPI,Processing,130.55
6984,767,14,2025-11-09,Cash,Processing,173.8
6985,433,16,2025-03-10,Debit Card,Delivered,175.64
6986,770,2,2024-05-19,UPI,Delivered,223.22
6987,2,18,2024-10-29,Credit Card,Delivered,91.85
6988,867,18,2025-04-24,Credit Card,Delivered,206.39
6989,560,15,2025-10-19,Cash,Shipped,205.03
6990,660,8,2024-12-20,Credit Card,Processing,196.86
6991,146,5,2024-10-16,Debit Card,Delivered,87.46
6992,133,5,2025-09-22,Debit Card,Delivered,225.87
6993,489,15,2025-05-19,Credit Card,Delivered,92.97
6994,691,11,2025-04-01,UPI,Delivered,62.4
6995,539,12,2025-06-17,Credit Card,Delivered,236.49
6996,539,10,2024-10-15,Cash,Returned,87.73
6997,195,17,2025-01-22,Credit Card,Delivered,123.21
6998,501,18,2025-07-01,Net Banking,Processing,77.03
6999,777,10,2024-01-17,Cash,Delivered,184.49
7000,906,19,2025-12-09,Net Banking,Delivered,179.31
7001,319,15,2025-08-31,Cash,Delivered,120.5
7002,976,8,2025-12-19,Net Banking,Delivered,111.47
7003,661,2,2024-05-13,Credit Card,Returned,236.08
7004,418,3,2024-11-13,Cash,Shipped,187.86
7005,607,10,2025-04-30,Cash,Shipped,133.47
7006,538,3,2025-04-08,Net Banking,Returned,159.6
7007,221,14,2025-03-20,UPI,Processing,222.64
7008,634,10,2024-11-29,Debit Card,Returned,163.01
7009,996,3,2025-12-22,UPI,Shipped,110.42
7010,178,8,2025-03-24,Debit Card,Returned,50.85
7011,288,15,2025-09-25,Credit Card,Delivered,159.9
7012,411,7,2024-05-20,Net Banking,Cancelled,162.52
7013,300,19,2024-12-27,Net Banking,Processing,182.58
7014,88,16,2025-08-06,Net Banking,Delivered,72.28
7015,21,2,2024-05-18,Net Banking,Shipped,65.9
7016,100,9,2024-01-31,Credit Card,Delivered,125.64
7017,611,2,2025-03-02,Cash,Delivered,58.02
7018,332,19,2025-05-15,Debit Card,Delivered,222.08
7019,579,13,2024-02-13,Cash,Delivered,186.43
7020,824,1,2025-11-17,Net Banking,Delivered,189.77
7021,963,12,2025-10-08,Net Banking,Delivered,229.04
7022,161,6,2024-10-06,Cash,Processing,228.96
7023,898,19,2024-10-27,Cash,Delivered,187.79
7024,635,10,2024-05-11,Net Banking,Delivered,49.42
7025,118,15,2024-12-19,UPI,Delivered,72.61
7026,66,6,2024-12-05,Credit Card,Processing,93.76
7027,336,8,2024-08-28,Cash,Delivered,181.86
7028,496,16,2025-11-27,Cash,Delivered,229.67
7029,398,11,2024-05-13,Net Banking,Processing,107.76
7030,682,3,2024-07-30,UPI,Delivered,175.88
7031,614,3,2025-03-24,Debit Card,Delivered,231.62
7032,645,6,2024-03-17,Net Banking,Delivered,205.58
7033,963,19,2024-03-28,Net Banking,Delivered,216.9
7034,403,14,2025-02-07,Net Banking,Shipped,214.83
7035,486,5,2024-10-06,UPI,Delivered,197.65
7036,297,8,2024-06-23,Debit Card,Delivered,145.09
7037,802,2,2024-09-07,Credit Card,Delivered,199.01
7038,953,19,2025-01-31,Debit Card,Shipped,225.55
7039,545,15,2024-11-29,Cash,Delivered,107.24
7040,486,18,2024-01-11,UPI,Shipped,178.85
7041,536,8,2024-06-29,Net Banking,Delivered,136.86
7042,275,14,2025-01-30,UPI,Delivered,119.56
7043,625,20,2024-09-23,Credit Card,Delivered,180.74
7044,110,19,2024-08-30,Cash,Delivered,242.03
7045,342,13,2025-03-27,Debit Card,Delivered,161.82
7046,598,11,2024-02-09,UPI,Delivered,215.74
7047,911,13,2025-02-06,Credit Card,Returned,52.95
7048,206,13,2025-02-07,Credit Card,Shipped,64.81
7049,368,3,2024-02-25,Cash,Delivered,133.52
7050,892,2,2025-04-18,Debit Card,Processing,145.3
7051,210,12,2024-04-02,Credit Card,Processing,184.44
7052,767,8,2025-05-02,Net Banking,Delivered,235.51
7053,945,6,2025-05-09,Net Banking,Delivered,197.35
7054,452,15,2025-02-05,Cash,Delivered,110.27
7055,530,19,2024-11-01,Net Banking,Shipped,47.76
7056,187,19,2024-04-01,Net Banking,Delivered,200.77
7057,334,10,2024-04-08,Net Banking,Delivered,212.64
7058,10,2,2025-05-04,Credit Card,Delivered,85.55
7059,846,4,2025-12-13,Credit Card,Returned,122.13
7060,200,16,2025-08-08,Debit Card,Delivered,72.89
7061,445,18,2024-09-12,Net Banking,Delivered,115.54
7062,86,5,2025-05-08,Net Banking,Returned,150.52
7063,718,12,2024-06-25,UPI,Shipped,114.17
7064,771,3,2025-02-27,Cash,Delivered,247.42
7065,345,18,2025-01-08,Net Banking,Delivered,86.22
7066,371,5,2025-01-12,Net Banking,Delivered,142.95
7067,891,14,2024-01-27,Credit Card,Delivered,180.05
7068,561,6,2024-05-31,Net Banking,Cancelled,207.45
7069,974,5,2024-12-31,Net Banking,Processing,150.7
7070,107,12,2025-05-24,Credit Card,Delivered,230.14
7071,420,10,2025-10-26,Cash,Cancelled,126.21
7072,318,16,2025-11-11,Debit Card,Delivered,181.94
7073,35,15,2024-11-24,Credit Card,Processing,91.53
7074,946,4,2024-01-11,Net Banking,Cancelled,192.45
7075,539,18,2024-02-20,UPI,Cancelled,140.84
7076,758,10,2025-02-16,Debit Card,Shipped,196.91
7077,556,4,2024-12-12,UPI,Delivered,42.21
7078,576,18,2024-01-02,Cash,Delivered,143.28
7079,260,16,2024-09-23,Cash,Delivered,84.55
7080,831,18,2025-06-28,Cash,Delivered,214.32
7081,303,13,2025-10-11,Debit Card,Delivered,86.04
7082,837,15,2024-11-03,Cash,Delivered,160.56
7083,204,16,2024-08-22,Net Banking,Processing,71.06
7084,441,6,2025-12-10,Net Banking,Delivered,234.22
7085,1,6,2024-12-19,Credit Card,Delivered,83.41
7086,511,8,2025-10-16,Debit Card,Returned,50.56
7087,119,20,2024-06-17,Debit Card,Delivered,230.74
7088,259,16,2024-01-04,Credit Card,Shipped,45.55
7089,886,19,2025-05-04,Cash,Delivered,55.97
7090,973,19,2024-12-29,Cash,Delivered,245.07
7091,387,1,2025-02-23,Net Banking,Delivered,195.71
7092,595,4,2024-11-20,Net Banking,Delivered,132.21
7093,497,8,2024-11-01,Cash,Delivered,83.05
7094,662,17,2025-03-27,Net Banking,Delivered,134.58
7095,519,20,2024-11-02,Debit Card,Cancelled,223.14
7096,120,8,2025-04-08,UPI,Shipped,168.54
7097,983,9,2024-09-16,Debit Card,Returned,191.78
7098,67,14,2025-02-03,Credit Card,Processing,107.23
7099,491,9,2024-12-13,Cash,Delivered,98.31
7100,656,6,2025-03-25,UPI,Delivered,146.59
7101,467,15,2025-06-11,Debit Card,Delivered,211.11
7102,84,18,2025-09-27,Net Banking,Processing,138.51
7103,505,19,2025-01-17,Net Banking,Processing,86.4
7104,834,20,2024-07-10,UPI,Delivered,45.98
7105,332,19,2024-03-02,UPI,Delivered,113.64
7106,449,8,2024-04-26,Cash,Delivered,116.51
7107,331,19,2024-02-03,UPI,Delivered,98.22
7108,298,14,2024-07-08,Credit Card,Processing,195.27
7109,106,5,2025-04-25,Credit Card,Delivered,91.86
7110,794,14,2024-02-26,Debit Card,Delivered,118.09
7111,898,12,2024-07-18,Net Banking,Cancelled,105.89
7112,687,18,2025-08-22,UPI,Delivered,249.48
7113,516,6,2024-06-09,UPI,Delivered,232.41
7114,502,18,2025-06-21,Cash,Shipped,108.3
7115,517,18,2025-04-26,Credit Card,Shipped,205.22
7116,477,14,2024-07-13,Credit Card,Delivered,235.71
7117,225,19,2025-04-11,Net Banking,Shipped,222.2
7118,422,1,2025-01-29,Net Banking,Delivered,159.57
7119,516,11,2025-05-25,Debit Card,Returned,206.1
7120,703,10,2024-02-26,Debit Card,Returned,178.97
7121,722,5,2025-03-30,Net Banking,Delivered,238.48
7122,703,3,2024-01-28,UPI,Cancelled,168.55
7123,187,5,2025-12-28,Cash,Delivered,134.21
7124,354,10,2024-06-11,Cash,Delivered,109.84
7125,687,3,2024-11-07,Debit Card,Delivered,65.42
7126,453,11,2025-04-14,Credit Card,Delivered,216.43
7127,169,9,2025-03-28,Debit Card,Delivered,190.5
7128,806,18,2025-08-27,Cash,Delivered,246.27
7129,513,10,2025-11-18,UPI,Delivered,189.49
7130,708,18,2024-07-24,UPI,Delivered,195.75
7131,634,16,2024-12-12,Credit Card,Delivered,85.55
7132,969,12,2025-09-26,UPI,Shipped,195.56
7133,358,3,2024-01-25,Credit Card,Processing,125.84
7134,460,6,2025-03-01,UPI,Shipped,152.29
7135,398,18,2024-11-21,Credit Card,Delivered,204.09
7136,496,17,2024-07-06,Debit Card,Delivered,159.52
7137,790,5,2025-07-24,UPI,Delivered,241.68
7138,175,10,2025-08-10,UPI,Delivered,61.72
7139,3,14,2024-09-04,Credit Card,Delivered,214.06
7140,381,17,2025-06-25,Credit Card,Delivered,157.45
7141,944,17,2025-11-30,Credit Card,Returned,129.26
7142,952,4,2025-06-12,Cash,Delivered,81.78
7143,436,11,2025-02-08,Cash,Delivered,123.81
7144,381,12,2025-05-07,Net Banking,Delivered,204.78
7145,298,4,2024-11-30,UPI,Delivered,196.46
7146,686,15,2025-10-16,Cash,Cancelled,67.48
7147,301,2,2024-01-13,Credit Card,Delivered,213.27
7148,667,20,2025-06-29,Net Banking,Delivered,45.42
7149,934,11,2025-07-07,Debit Card,Delivered,71.76
7150,497,17,2024-12-16,Debit Card,Shipped,204.68
7151,153,2,2025-10-06,Net Banking,Delivered,100.51
7152,17,10,2024-04-26,UPI,Delivered,205.73
7153,594,8,2024-11-06,UPI,Delivered,42.89
7154,122,14,2025-11-18,UPI,Delivered,173.39
7155,392,14,2025-10-06,UPI,Delivered,99.75
7156,283,15,2025-12-22,Debit Card,Delivered,48.7
7157,344,18,2024-11-15,Debit Card,Delivered,174.55
7158,142,5,2025-08-24,Cash,Delivered,223.57
7159,638,2,2025-08-07,Cash,Delivered,205.82
7160,248,11,2025-09-30,Cash,Delivered,195.21
7161,845,17,2025-10-27,UPI,Cancelled,87.31
7162,404,7,2025-11-02,Net Banking,Delivered,101.51
7163,892,6,2024-05-23,Debit Card,Delivered,201.96
7164,497,2,2024-04-09,Net Banking,Shipped,89.5
7165,802,10,2024-03-07,Credit Card,Delivered,175.85
7166,646,14,2025-09-19,Cash,Shipped,180.95
7167,789,2,2024-02-06,UPI,Delivered,84.46
7168,562,1,2025-12-28,Debit Card,Shipped,223.33
7169,889,18,2025-07-17,Cash,Delivered,74.8
7170,107,10,2024-11-19,UPI,Delivered,119.06
7171,53,19,2025-03-24,Net Banking,Delivered,134.04
7172,510,1,2024-03-16,Net Banking,Delivered,64.3
7173,993,14,2025-02-11,Net Banking,Cancelled,61.56
7174,236,18,2024-01-19,Debit Card,Delivered,62.8
7175,563,4,2024-07-03,Debit Card,Delivered,120.01
7176,268,14,2024-11-29,Cash,Returned,117.64
7177,115,5,2024-08-25,Debit Card,Delivered,62.68
7178,413,19,2025-03-27,Net Banking,Delivered,76.17
7179,806,19,2024-06-14,Debit Card,Cancelled,206.27
7180,599,10,2025-10-16,Cash,Delivered,47.8
7181,647,19,2024-03-02,Net Banking,Delivered,134.78
7182,926,8,2025-04-22,Credit Card,Delivered,110.74
7183,97,14,2025-05-22,UPI,Processing,76.22
7184,272,9,2024-03-25,Cash,Delivered,127.65
7185,869,9,2024-02-07,Debit Card,Shipped,117.7
7186,268,10,2025-03-16,Debit Card,Delivered,145.05
7187,147,20,2025-10-10,Cash,Shipped,100.02
7188,264,3,2025-01-12,Net Banking,Shipped,64.05
7189,955,15,2024-08-12,Net Banking,Delivered,164.94
7190,849,14,2025-05-11,Credit Card,Delivered,79.76
7191,828,7,2025-07-14,Cash,Delivered,122.36
7192,754,6,2024-11-29,Debit Card,Processing,211.52
7193,427,1,2025-11-17,Cash,Delivered,181.93
7194,448,9,2024-11-14,Debit Card,Delivered,75.77
7195,127,7,2025-12-11,Debit Card,Delivered,72.53
7196,350,13,2024-12-27,UPI,Delivered,70.11
7197,738,5,2025-03-16,UPI,Delivered,93.72
7198,884,12,2024-05-05,Debit Card,Delivered,41.87
7199,361,9,2025-11-14,Credit Card,Processing,171.97
7200,888,16,2024-05-24,Debit Card,Delivered,124.41
7201,516,2,2025-07-08,Net Banking,Cancelled,175.92
7202,945,6,2025-06-22,UPI,Delivered,138.87
7203,401,7,2024-06-03,Credit Card,Delivered,185.38
7204,673,20,2024-07-07,Credit Card,Delivered,236.62
7205,156,14,2024-09-11,Cash,Delivered,91.97
7206,900,14,2024-06-07,Credit Card,Delivered,232.34
7207,450,10,2025-03-15,Cash,Processing,110.51
7208,813,17,2025-06-02,UPI,Delivered,217.35
7209,551,15,2025-01-29,Cash,Shipped,162.55
7210,1000,19,2024-06-03,Debit Card,Delivered,168.22
7211,207,14,2024-03-15,Cash,Delivered,225.81
7212,888,13,2024-06-09,Cash,Delivered,188.96
7213,988,1,2025-09-10,Debit Card,Delivered,176.32
7214,662,17,2025-03-25,Credit Card,Shipped,46.67
7215,407,4,2024-03-18,Credit Card,Processing,141.57
7216,16,11,2025-09-03,Credit Card,Delivered,232.18
7217,697,18,2025-07-21,Credit Card,Delivered,61.38
7218,815,4,2024-11-22,Net Banking,Delivered,123.58
7219,554,1,2024-10-13,Credit Card,Delivered,68.39
7220,890,4,2024-02-29,Net Banking,Delivered,150.99
7221,756,20,2025-12-10,Debit Card,Returned,55.11
7222,283,8,2024-12-28,Net Banking,Delivered,230.91
7223,497,8,2025-01-03,Debit Card,Processing,220.65
7224,823,3,2025-08-16,UPI,Delivered,202.73
7225,513,14,2024-01-13,Credit Card,Delivered,119.81
7226,297,13,2024-03-02,UPI,Returned,126.18
7227,179,5,2025-10-30,Debit Card,Processing,143.84
7228,620,5,2025-10-16,Credit Card,Cancelled,241.43
7229,654,18,2024-04-17,Credit Card,Processing,227.69
7230,102,8,2025-10-18,Debit Card,Delivered,127.32
7231,62,17,2024-03-07,Debit Card,Delivered,107.85
7232,865,20,2025-05-06,Net Banking,Delivered,176.84
7233,140,20,2025-02-08,Net Banking,Delivered,158.51
7234,490,12,2025-09-18,Credit Card,Processing,128.76
7235,429,12,2025-02-09,UPI,Returned,85.03
7236,96,13,2025-07-19,Net Banking,Cancelled,181.46
7237,117,10,2024-06-16,UPI,Delivered,87.47
7238,56,17,2024-07-19,Cash,Delivered,98.92
7239,593,1,2024-07-21,Credit Card,Delivered,166.58
7240,27,2,2024-06-07,Debit Card,Processing,195.18
7241,182,13,2025-02-04,UPI,Delivered,172.82
7242,959,10,2025-10-29,Cash,Delivered,213.32
7243,460,20,2025-10-30,Net Banking,Shipped,217.05
7244,176,3,2025-09-22,Credit Card,Delivered,87.97
7245,912,11,2024-04-30,Credit Card,Delivered,204.78
7246,178,5,2024-07-31,Net Banking,Delivered,182.59
7247,263,2,2024-12-01,UPI,Delivered,180.86
7248,255,18,2025-11-23,Debit Card,Delivered,225.5
7249,241,3,2024-10-25,Net Banking,Delivered,205.36
7250,615,9,2025-01-04,Cash,Delivered,52.06
7251,852,19,2025-10-06,Credit Card,Shipped,96.62
7252,222,13,2025-03-14,Cash,Returned,215.53
7253,490,12,2024-09-04,Debit Card,Returned,176.41
7254,18,9,2025-10-25,Debit Card,Delivered,153.33
7255,40,1,2025-01-04,Cash,Shipped,243.55
7256,596,2,2025-09-23,Credit Card,Delivered,205.8
7257,646,3,2024-04-07,Credit Card,Shipped,248.19
7258,513,1,2025-12-24,Debit Card,Delivered,89.66
7259,690,14,2025-01-18,Net Banking,Delivered,43.86
7260,86,10,2024-02-19,Cash,Delivered,226.2
7261,205,7,2025-11-24,Debit Card,Delivered,218.33
7262,171,6,2025-03-21,Cash,Delivered,159.08
7263,398,9,2024-03-20,Credit Card,Shipped,123.71
7264,237,4,2024-08-20,Cash,Delivered,51.02
7265,977,5,2025-07-16,Credit Card,Delivered,53.4
7266,708,15,2024-03-28,UPI,Delivered,162.24
7267,477,9,2024-11-20,UPI,Delivered,63.13
7268,653,19,2025-11-12,Debit Card,Delivered,55.46
7269,12,1,2025-12-27,Debit Card,Delivered,132.6
7270,653,12,2024-08-26,Credit Card,Processing,249.53
7271,613,12,2025-01-08,UPI,Delivered,130.76
7272,187,9,2025-01-05,UPI,Delivered,238.5
7273,722,6,2024-06-02,Net Banking,Shipped,119.04
7274,56,13,2024-04-10,Cash,Delivered,128.92
7275,302,19,2024-06-21,Credit Card,Returned,116.93
7276,451,15,2025-04-01,Debit Card,Delivered,103.21
7277,377,16,2024-02-14,UPI,Delivered,80.25
7278,731,16,2024-05-11,Net Banking,Cancelled,217.88
7279,711,12,2025-05-20,Credit Card,Delivered,65.62
7280,476,17,2025-06-23,Net Banking,Shipped,217.23
7281,610,4,2025-06-20,Cash,Processing,156.31
7282,102,16,2024-09-12,UPI,Delivered,240.99
7283,69,9,2024-04-05,Credit Card,Shipped,64.36
7284,719,17,2024-10-26,Debit Card,Returned,226.24
7285,451,7,2025-03-02,UPI,Cancelled,236.4
7286,77,16,2025-03-30,Debit Card,Delivered,227.18
7287,699,14,2024-01-01,Cash,Delivered,105.16
7288,671,2,2024-11-21,Net Banking,Delivered,195.46
7289,197,9,2024-01-06,UPI,Processing,176.4
7290,956,16,2024-04-02,Cash,Processing,58.76
7291,397,4,2024-01-30,Credit Card,Delivered,47.72
7292,689,5,2024-04-16,Cash,Delivered,86.55
7293,681,17,2024-04-02,UPI,Delivered,46.22
7294,988,11,2024-09-07,Cash,Delivered,115.11
7295,266,1,2025-03-08,UPI,Delivered,53.4
7296,953,11,2025-10-27,Debit Card,Processing,204.04
7297,727,15,2024-02-28,Net Banking,Processing,71.2
7298,77,4,2024-10-24,Cash,Processing,83.21
7299,177,10,2025-12-06,UPI,Processing,93.23
7300,325,10,2025-04-29,Cash,Cancelled,70.34
7301,150,5,2025-06-24,Credit Card,Returned,53.11
7302,917,10,2025-03-11,Credit Card,Shipped,207.28
7303,943,17,2025-03-08,Debit Card,Delivered,87.11
7304,829,12,2025-09-03,UPI,Delivered,110.97
7305,244,9,2024-06-01,Cash,Delivered,70.84
7306,294,14,2025-05-22,Debit Card,Delivered,199.86
7307,101,14,2024-08-27,Debit Card,Delivered,106.04
7308,35,11,2025-03-16,Debit Card,Delivered,185.12
7309,488,4,2024-08-06,Credit Card,Delivered,101.03
7310,761,8,2025-03-11,UPI,Shipped,42.5
7311,557,20,2025-05-23,UPI,Delivered,152.46
7312,856,11,2025-08-13,Cash,Shipped,51.24
7313,820,17,2025-07-24,Credit Card,Returned,97.6
7314,690,11,2025-12-13,Debit Card,Delivered,142.58
7315,247,8,2025-05-25,Debit Card,Shipped,117.94
7316,850,20,2025-11-01,Cash,Delivered,199.4
7317,36,4,2025-05-04,Cash,Delivered,115.65
7318,857,8,2025-01-06,UPI,Delivered,216.76
7319,817,11,2025-05-10,UPI,Delivered,40.86
7320,220,16,2025-07-31,UPI,Delivered,197.0
7321,336,20,2025-06-14,Cash,Delivered,186.27
7322,660,1,2024-10-02,Net Banking,Delivered,158.58
7323,742,12,2024-12-01,UPI,Delivered,141.45
7324,157,17,2025-08-07,UPI,Delivered,133.85
7325,400,13,2024-06-05,Net Banking,Delivered,238.73
7326,621,6,2025-09-12,Debit Card,Delivered,237.38
7327,93,20,2024-04-07,Debit Card,Processing,47.4
7328,739,13,2025-12-07,Credit Card,Shipped,147.69
7329,27,17,2025-09-18,Net Banking,Returned,196.48
7330,404,17,2024-02-25,Credit Card,Delivered,65.78
7331,842,4,2025-11-14,Cash,Cancelled,109.77
7332,900,18,2024-05-22,Credit Card,Shipped,224.96
7333,248,3,2024-08-02,Credit Card,Delivered,142.07
7334,355,1,2024-05-20,Credit Card,Delivered,112.25
7335,127,14,2025-03-15,Credit Card,Delivered,186.85
7336,95,7,2024-09-24,Debit Card,Shipped,144.33
7337,507,7,2025-12-26,Credit Card,Delivered,176.62
7338,717,16,2024-08-26,Debit Card,Delivered,204.72
7339,918,10,2025-11-23,Credit Card,Delivered,93.05
7340,450,20,2024-02-05,Credit Card,Processing,94.79
7341,666,17,2025-01-13,Cash,Delivered,188.87
7342,147,11,2024-10-21,UPI,Returned,179.13
7343,140,11,2025-08-03,Credit Card,Returned,229.8
7344,885,19,2024-01-03,Debit Card,Delivered,218.16
7345,561,16,2025-12-01,Cash,Delivered,243.23
7346,230,13,2025-09-13,Debit Card,Delivered,78.25
7347,472,19,2024-08-03,Debit Card,Delivered,86.73
7348,102,14,2025-10-03,UPI,Delivered,71.2
7349,329,4,2024-09-02,UPI,Delivered,173.69
7350,672,7,2024-09-02,UPI,Delivered,139.84
7351,382,2,2024-07-11,Credit Card,Processing,125.05
7352,286,17,2025-08-13,Debit Card,Shipped,224.14
7353,217,5,2024-06-23,Credit Card,Delivered,219.78
7354,572,16,2024-02-04,Credit Card,Delivered,107.57
7355,881,16,2025-12-21,UPI,Cancelled,198.95
7356,312,7,2025-08-12,Net Banking,Processing,62.01
7357,13,17,2025-05-06,Debit Card,Delivered,132.32
7358,211,16,2025-06-15,Net Banking,Delivered,87.29
7359,435,18,2024-04-24,Credit Card,Delivered,176.4
7360,7,20,2025-06-12,Net Banking,Delivered,54.2
7361,640,8,2024-04-19,UPI,Cancelled,216.91
7362,277,20,2024-11-04,Net Banking,Delivered,202.25
7363,554,1,2024-09-09,Credit Card,Delivered,98.44
7364,449,8,2025-10-27,Net Banking,Delivered,86.9
7365,457,2,2024-08-01,Debit Card,Delivered,123.09
7366,863,12,2024-11-09,Debit Card,Delivered,132.32
7367,904,1,2025-05-14,UPI,Delivered,88.85
7368,330,17,2024-12-30,Net Banking,Delivered,82.94
7369,566,4,2024-09-27,UPI,Shipped,45.76
7370,831,6,2025-07-22,Net Banking,Delivered,88.79
7371,60,5,2024-11-25,Net Banking,Delivered,141.06
7372,783,6,2025-07-20,Debit Card,Delivered,194.63
7373,476,3,2024-08-12,Debit Card,Delivered,101.91
7374,906,8,2024-11-24,Credit Card,Shipped,133.71
7375,391,14,2024-01-17,Cash,Delivered,143.62
7376,912,13,2025-10-22,Credit Card,Shipped,88.91
7377,587,3,2024-04-12,Cash,Delivered,249.77
7378,341,11,2025-08-27,Credit Card,Delivered,91.43
7379,744,4,2024-07-29,Credit Card,Delivered,51.99
7380,505,20,2025-05-14,UPI,Returned,41.77
7381,498,19,2024-08-08,Credit Card,Delivered,60.48
7382,595,5,2025-07-05,UPI,Processing,100.23
7383,530,5,2025-01-14,UPI,Delivered,209.35
7384,187,9,2025-02-04,Cash,Returned,102.7
7385,442,18,2024-11-01,Debit Card,Cancelled,91.21
7386,901,11,2025-01-03,UPI,Shipped,238.46
7387,590,20,2024-05-17,UPI,Delivered,227.13
7388,827,15,2025-01-28,Net Banking,Delivered,67.17
7389,163,2,2025-04-06,Net Banking,Delivered,155.23
7390,993,20,2025-11-08,UPI,Processing,105.89
7391,329,1,2025-12-19,Net Banking,Delivered,166.94
7392,553,9,2025-02-28,Debit Card,Delivered,108.59
7393,458,18,2025-12-21,UPI,Processing,133.93
7394,190,2,2024-10-28,Debit Card,Delivered,234.57
7395,371,3,2025-10-13,Debit Card,Cancelled,179.86
7396,496,9,2025-03-05,UPI,Delivered,76.6
7397,747,13,2024-04-29,Cash,Shipped,166.3
7398,696,8,2025-09-03,UPI,Cancelled,45.05
7399,906,9,2024-08-17,UPI,Delivered,46.99
7400,552,2,2025-10-06,Cash,Delivered,44.01
7401,864,9,2024-03-14,Debit Card,Returned,115.46
7402,264,1,2025-06-15,UPI,Delivered,226.79
7403,24,10,2024-02-08,Cash,Delivered,115.34
7404,474,13,2025-09-30,Net Banking,Shipped,102.1
7405,830,15,2025-07-02,Debit Card,Delivered,125.32
7406,917,18,2024-10-15,Net Banking,Delivered,220.53
7407,436,5,2025-02-09,Debit Card,Delivered,52.71
7408,544,2,2024-07-16,Cash,Delivered,195.08
7409,520,4,2024-04-01,Credit Card,Delivered,62.42
7410,362,6,2025-01-28,Debit Card,Delivered,181.76
7411,580,11,2025-01-11,Net Banking,Delivered,90.46
7412,963,1,2024-12-12,Cash,Processing,235.23
7413,795,16,2024-03-13,Debit Card,Delivered,130.9
7414,493,16,2024-10-08,Cash,Processing,211.9
7415,641,2,2024-04-13,Credit Card,Shipped,72.83
7416,125,19,2024-09-10,Cash,Delivered,52.16
7417,315,13,2025-01-05,UPI,Delivered,93.34
7418,285,13,2024-10-26,Net Banking,Delivered,116.75
7419,518,20,2025-10-21,Credit Card,Delivered,104.75
7420,556,8,2025-11-11,Credit Card,Delivered,202.26
7421,877,8,2024-03-31,Cash,Delivered,97.09
7422,698,9,2025-11-30,Cash,Cancelled,165.1
7423,161,19,2025-12-28,Cash,Shipped,108.17
7424,95,9,2025-08-11,Debit Card,Returned,230.99
7425,314,1,2025-08-12,UPI,Delivered,105.0
7426,872,18,2024-12-13,Debit Card,Processing,89.27
7427,159,10,2025-08-16,Net Banking,Shipped,208.12
7428,574,1,2025-05-21,Cash,Shipped,140.47
7429,654,16,2025-11-13,Cash,Processing,219.28
7430,948,7,2025-04-26,Cash,Delivered,107.54
7431,878,5,2024-10-07,Debit Card,Delivered,60.92
7432,466,4,2025-07-04,Cash,Delivered,153.03
7433,314,15,2025-04-02,Cash,Processing,130.83
7434,974,13,2025-12-11,UPI,Delivered,57.14
7435,616,7,2024-05-03,Debit Card,Delivered,216.11
7436,351,19,2024-05-09,Net Banking,Delivered,134.15
7437,509,1,2025-08-16,Net Banking,Shipped,128.3
7438,327,19,2025-04-03,UPI,Delivered,118.7
7439,447,7,2025-10-30,Net Banking,Delivered,213.09
7440,497,2,2025-03-01,Debit Card,Processing,204.87
7441,990,16,2025-05-03,UPI,Delivered,114.64
7442,867,15,2025-04-06,UPI,Delivered,116.69
7443,714,3,2024-01-19,Debit Card,Delivered,99.24
7444,289,2,2025-09-24,Net Banking,Delivered,224.39
7445,470,11,2024-11-24,Credit Card,Delivered,248.61
7446,503,9,2024-08-09,Debit Card,Cancelled,155.41
7447,345,11,2024-12-31,Cash,Delivered,215.02
7448,420,7,2025-11-20,Credit Card,Processing,184.87
7449,4,11,2024-07-07,UPI,Returned,228.68
7450,800,1,2024-08-08,Cash,Delivered,234.99
7451,134,17,2025-04-26,Credit Card,Delivered,160.07
7452,520,18,2025-11-19,Cash,Delivered,190.65
7453,280,6,2025-08-18,Cash,Processing,44.8
7454,948,14,2025-02-23,Net Banking,Delivered,205.47
7455,797,15,2024-07-10,Cash,Delivered,104.31
7456,177,20,2025-07-07,Debit Card,Delivered,115.68
7457,984,16,2024-02-27,Net Banking,Processing,208.41
7458,364,8,2025-03-18,Cash,Delivered,204.0
7459,539,9,2025-11-28,Credit Card,Delivered,62.3
7460,578,3,2024-10-21,Net Banking,Delivered,80.54
7461,439,19,2025-11-27,Debit Card,Delivered,215.63
7462,823,6,2025-04-27,Debit Card,Delivered,112.3
7463,398,20,2024-04-11,UPI,Delivered,168.74
7464,64,16,2025-06-26,Net Banking,Delivered,83.71
7465,686,2,2025-05-04,UPI,Delivered,81.3
7466,845,19,2024-11-11,UPI,Delivered,238.86
7467,307,8,2025-05-06,Credit Card,Processing,130.76
7468,777,9,2024-06-28,Net Banking,Delivered,155.96
7469,714,13,2024-04-02,Net Banking,Delivered,230.6
7470,121,4,2025-09-19,Credit Card,Delivered,103.11
7471,41,8,2024-09-26,UPI,Returned,153.9
7472,474,20,2025-07-20,UPI,Delivered,232.12
7473,358,4,2025-08-27,UPI,Delivered,45.77
7474,847,8,2024-07-12,Net Banking,Processing,197.36
7475,377,20,2024-03-01,Cash,Returned,182.79
7476,594,9,2025-10-23,Credit Card,Delivered,238.96
7477,847,7,2024-10-24,Net Banking,Delivered,191.41
7478,902,10,2024-12-31,Credit Card,Delivered,102.98
7479,486,16,2024-09-05,Credit Card,Delivered,155.48
7480,55,8,2024-11-28,UPI,Processing,193.52
7481,487,5,2025-04-04,UPI,Returned,160.85
7482,411,6,2024-03-17,Debit Card,Delivered,216.7
7483,203,6,2024-12-26,Cash,Delivered,167.33
7484,883,10,2024-10-11,Net Banking,Delivered,137.83
7485,978,18,2025-02-08,Cash,Shipped,142.36
7486,752,17,2024-09-03,Net Banking,Delivered,96.36
7487,82,6,2025-08-31,Net Banking,Returned,132.91
7488,500,16,2025-06-02,Debit Card,Delivered,153.06
7489,86,2,2025-09-23,Debit Card,Delivered,119.67
7490,612,13,2024-06-18,Net Banking,Returned,119.99
7491,855,10,2024-07-06,UPI,Shipped,142.08
7492,682,17,2024-03-17,UPI,Delivered,99.99
7493,80,1,2024-09-27,Cash,Processing,159.02
7494,610,9,2024-05-17,Credit Card,Shipped,92.18
7495,949,6,2024-02-27,Cash,Delivered,151.11
7496,299,20,2024-04-12,Cash,Delivered,115.1
7497,81,19,2024-01-31,Credit Card,Delivered,229.55
7498,82,1,2025-11-08,UPI,Shipped,147.34
7499,406,15,2025-01-13,Credit Card,Returned,59.24
7500,489,2,2024-08-12,UPI,Shipped,190.32
7501,710,15,2025-11-11,Debit Card,Delivered,59.38
7502,369,14,2025-04-06,UPI,Processing,249.77
7503,190,4,2024-01-07,Cash,Delivered,84.75
7504,493,2,2025-09-01,UPI,Processing,223.7
7505,677,10,2024-04-10,Net Banking,Delivered,72.86
7506,632,6,2025-07-18,Credit Card,Cancelled,182.23
7507,16,1,2024-09-24,Cash,Delivered,150.09
7508,277,19,2024-12-08,Cash,Cancelled,51.13
7509,321,3,2025-10-27,Debit Card,Delivered,153.92
7510,855,9,2024-02-12,Cash,Delivered,214.31
7511,874,1,2025-12-29,UPI,Returned,111.18
7512,916,11,2024-03-25,Credit Card,Cancelled,188.62
7513,967,11,2025-08-08,Net Banking,Returned,227.79
7514,417,2,2025-10-04,Credit Card,Delivered,166.09
7515,819,9,2024-07-14,Cash,Returned,167.46
7516,51,11,2025-03-03,Debit Card,Cancelled,216.96
7517,386,5,2024-12-06,Debit Card,Delivered,41.73
7518,174,6,2024-10-06,Debit Card,Delivered,94.8
7519,397,19,2024-02-28,Debit Card,Delivered,185.37
7520,776,4,2025-02-28,Cash,Delivered,94.15
7521,757,17,2024-04-18,Credit Card,Delivered,144.79
7522,308,18,2024-04-28,Net Banking,Processing,60.4
7523,378,18,2024-02-26,UPI,Cancelled,159.18
7524,805,11,2025-11-18,Debit Card,Cancelled,48.83
7525,412,16,2024-06-23,Net Banking,Delivered,241.07
7526,269,9,2024-02-17,Debit Card,Delivered,102.79
7527,765,5,2024-10-12,Net Banking,Returned,94.72
7528,767,13,2024-05-28,Cash,Shipped,43.94
7529,63,12,2025-07-05,UPI,Delivered,212.02
7530,449,17,2024-08-20,Cash,Returned,225.22
7531,523,9,2025-02-24,Net Banking,Cancelled,133.29
7532,147,9,2024-10-27,UPI,Delivered,158.32
7533,120,10,2025-06-01,Credit Card,Processing,234.65
7534,1000,13,2025-03-31,Net Banking,Delivered,177.21
7535,440,18,2024-02-15,UPI,Cancelled,86.19
7536,591,16,2025-01-03,Credit Card,Delivered,87.38
7537,806,15,2025-10-28,Cash,Delivered,62.0
7538,321,9,2024-02-18,UPI,Processing,204.52
7539,39,1,2024-11-26,Cash,Delivered,56.87
7540,357,4,2025-04-13,Net Banking,Processing,41.14
7541,935,16,2025-04-04,Net Banking,Delivered,146.45
7542,372,15,2025-01-11,Cash,Delivered,171.28
7543,494,2,2025-05-09,Cash,Delivered,67.56
7544,619,6,2024-04-04,Credit Card,Delivered,88.84
7545,885,4,2025-08-23,Debit Card,Delivered,239.64
7546,815,5,2025-08-29,UPI,Delivered,135.02
7547,764,12,2024-06-29,Net Banking,Delivered,86.63
7548,977,15,2025-03-08,Debit Card,Shipped,51.42
7549,695,19,2025-06-20,UPI,Delivered,201.78
7550,608,19,2024-12-19,Debit Card,Processing,184.5
7551,900,13,2025-10-05,Net Banking,Shipped,152.01
7552,30,3,2025-07-06,Credit Card,Delivered,74.69
7553,817,5,2025-02-18,UPI,Delivered,127.14
7554,881,18,2024-01-15,Net Banking,Delivered,115.11
7555,40,3,2025-11-04,Cash,Processing,75.36
7556,753,13,2024-02-18,Credit Card,Delivered,87.56
7557,950,11,2025-01-15,Net Banking,Delivered,225.4
7558,326,4,2024-04-18,Cash,Delivered,119.54
7559,447,14,2024-03-19,Credit Card,Returned,125.23
7560,555,13,2024-12-21,Credit Card,Delivered,247.24
7561,800,12,2024-05-15,Credit Card,Returned,118.9
7562,193,5,2025-05-14,UPI,Delivered,77.34
7563,369,2,2024-10-09,Net Banking,Returned,231.88
7564,630,9,2025-01-31,UPI,Delivered,157.42
7565,840,7,2025-04-19,Net Banking,Delivered,60.35
7566,937,7,2025-07-02,Debit Card,Processing,198.48
7567,656,1,2024-02-22,Cash,Delivered,153.38
7568,295,8,2025-06-11,Net Banking,Delivered,45.74
7569,284,14,2024-01-06,UPI,Delivered,210.51
7570,732,14,2025-10-27,UPI,Shipped,167.94
7571,509,2,2025-10-05,Cash,Delivered,221.06
7572,251,16,2025-11-30,Debit Card,Delivered,41.12
7573,479,20,2024-10-16,UPI,Delivered,238.91
7574,842,8,2025-07-21,UPI,Delivered,43.1
7575,671,17,2025-05-15,Net Banking,Delivered,218.24
7576,270,12,2025-03-11,UPI,Returned,40.92
7577,329,2,2024-02-18,UPI,Processing,154.54
7578,938,16,2024-12-01,Debit Card,Delivered,84.05
7579,521,1,2025-07-09,Net Banking,Delivered,141.79
7580,392,6,2024-01-25,Net Banking,Delivered,108.36
7581,456,6,2024-01-03,Debit Card,Delivered,78.59
7582,711,5,2025-01-14,Net Banking,Delivered,107.12
7583,920,2,2025-01-13,UPI,Delivered,72.97
7584,83,3,2025-04-24,Cash,Delivered,139.54
7585,14,12,2024-12-19,UPI,Delivered,221.75
7586,124,17,2025-12-09,Debit Card,Delivered,45.15
7587,842,10,2024-04-04,UPI,Delivered,243.23
7588,505,9,2024-01-04,UPI,Returned,194.35
7589,70,11,2025-01-17,Cash,Delivered,231.98
7590,222,5,2024-08-05,Cash,Delivered,171.24
7591,576,19,2025-01-26,Net Banking,Delivered,87.49
7592,858,20,2025-04-21,Credit Card,Delivered,236.49
7593,379,6,2025-11-21,Credit Card,Delivered,118.85
7594,376,14,2024-02-22,Credit Card,Delivered,49.53
7595,153,10,2024-03-23,UPI,Delivered,83.09
7596,631,3,2024-10-31,Credit Card,Delivered,152.39
7597,582,8,2024-03-12,Cash,Delivered,100.3
7598,442,10,2024-07-13,Credit Card,Returned,113.49
7599,200,3,2025-12-10,Debit Card,Cancelled,243.43
7600,993,20,2025-12-10,Debit Card,Delivered,128.35
7601,377,2,2024-04-30,Net Banking,Delivered,248.37
7602,391,8,2024-10-27,UPI,Delivered,169.65
7603,491,14,2025-08-15,Credit Card,Delivered,181.5
7604,132,7,2024-02-17,UPI,Delivered,210.19
7605,247,8,2024-08-03,Net Banking,Delivered,199.37
7606,678,19,2024-04-16,Cash,Delivered,70.49
7607,626,5,2024-01-28,Cash,Delivered,41.21
7608,252,18,2024-11-13,Cash,Cancelled,130.04
7609,479,2,2024-11-06,Cash,Delivered,121.63
7610,476,11,2024-06-13,Cash,Shipped,167.25
7611,208,14,2025-03-12,Net Banking,Delivered,83.08
7612,199,17,2025-05-12,UPI,Processing,202.67
7613,207,7,2024-05-30,UPI,Delivered,46.2
7614,817,19,2025-09-15,Net Banking,Delivered,137.47
7615,647,15,2024-02-21,Debit Card,Delivered,185.4
7616,142,4,2025-02-09,UPI,Delivered,178.65
7617,850,14,2025-11-02,Credit Card,Delivered,150.75
7618,179,17,2025-12-03,UPI,Processing,154.33
7619,397,1,2025-08-10,UPI,Delivered,225.69
7620,875,17,2025-02-12,Net Banking,Delivered,230.44
7621,603,2,2025-05-13,Debit Card,Shipped,74.32
7622,558,9,2024-06-24,Cash,Delivered,235.07
7623,560,3,2025-03-08,Cash,Delivered,72.92
7624,104,20,2024-10-19,Net Banking,Shipped,248.61
7625,9,7,2025-03-29,UPI,Delivered,53.08
7626,271,18,2024-08-05,UPI,Delivered,231.96
7627,907,9,2024-12-20,Debit Card,Cancelled,247.08
7628,588,2,2025-07-18,Debit Card,Processing,152.14
7629,262,14,2024-07-16,Debit Card,Delivered,232.77
7630,938,5,2025-04-13,Cash,Delivered,60.99
7631,687,17,2024-03-12,UPI,Delivered,128.72
7632,305,2,2025-02-28,Debit Card,Cancelled,167.23
7633,488,10,2025-08-14,Credit Card,Delivered,151.55
7634,9,7,2025-07-23,Cash,Delivered,233.69
7635,795,11,2025-10-19,Credit Card,Delivered,66.61
7636,541,16,2025-06-22,UPI,Delivered,228.02
7637,806,11,2024-12-07,Cash,Delivered,173.69
7638,647,15,2024-08-28,Credit Card,Shipped,99.58
7639,997,4,2024-06-20,Cash,Delivered,121.42
7640,277,16,2024-05-20,Net Banking,Delivered,242.75
7641,253,7,2024-09-15,UPI,Delivered,154.37
7642,232,2,2025-04-05,Debit Card,Delivered,169.5
7643,446,5,2025-02-22,UPI,Delivered,213.23
7644,534,9,2025-03-27,Cash,Delivered,42.85
7645,341,15,2024-04-27,Cash,Delivered,243.81
7646,120,20,2024-05-22,Net Banking,Delivered,147.31
7647,863,14,2024-11-20,Debit Card,Delivered,106.38
7648,680,10,2024-12-17,Credit Card,Delivered,158.07
7649,412,15,2025-03-08,Credit Card,Delivered,160.24
7650,475,6,2024-02-26,Credit Card,Returned,128.2
7651,278,2,2025-09-22,Cash,Delivered,60.77
7652,107,8,2024-09-23,Net Banking,Delivered,190.63
7653,571,14,2024-08-26,Net Banking,Delivered,247.69
7654,139,7,2025-09-22,Net Banking,Delivered,167.22
7655,142,5,2025-02-03,Debit Card,Delivered,93.11
7656,514,14,2025-10-26,Credit Card,Delivered,227.62
7657,62,8,2024-03-29,Debit Card,Delivered,144.42
7658,568,2,2025-10-18,Net Banking,Cancelled,82.16
7659,949,3,2025-10-29,Debit Card,Processing,161.72
7660,150,16,2025-02-24,Credit Card,Delivered,40.85
7661,33,2,2025-02-12,UPI,Delivered,129.87
7662,876,13,2024-10-19,UPI,Delivered,131.13
7663,620,2,2024-10-18,Net Banking,Cancelled,57.55
7664,612,4,2024-02-18,Cash,Delivered,215.25
7665,894,11,2025-08-30,Debit Card,Delivered,105.31
7666,40,2,2024-09-11,UPI,Delivered,148.97
7667,875,13,2024-10-02,Credit Card,Delivered,222.53
7668,883,6,2024-11-01,UPI,Cancelled,106.11
7669,349,18,2024-05-13,Net Banking,Delivered,227.51
7670,953,7,2025-12-03,UPI,Delivered,241.24
7671,112,14,2024-06-10,Cash,Delivered,202.57
7672,584,4,2025-02-13,UPI,Shipped,52.41
7673,696,13,2025-06-28,UPI,Processing,210.89
7674,219,9,2024-04-05,UPI,Delivered,115.1
7675,417,9,2024-01-23,Credit Card,Delivered,136.26
7676,930,9,2025-03-06,Credit Card,Delivered,160.81
7677,782,14,2024-11-09,Debit Card,Delivered,130.52
7678,937,12,2025-12-03,UPI,Processing,244.36
7679,512,16,2024-10-18,Debit Card,Delivered,249.15
7680,161,17,2024-01-16,Debit Card,Shipped,224.22
7681,735,18,2024-07-15,Net Banking,Shipped,112.11
7682,655,18,2025-09-05,Cash,Cancelled,158.39
7683,61,9,2024-07-10,UPI,Delivered,225.14
7684,986,17,2024-06-16,Credit Card,Shipped,50.44
7685,409,9,2024-04-11,Credit Card,Delivered,178.36
7686,990,5,2025-10-04,Net Banking,Returned,136.18
7687,302,10,2024-10-12,Credit Card,Delivered,190.69
7688,608,10,2024-05-28,Debit Card,Delivered,150.31
7689,710,10,2025-05-25,UPI,Delivered,219.92
7690,966,15,2025-04-28,Credit Card,Delivered,173.66
7691,737,9,2025-02-06,Net Banking,Delivered,205.29
7692,217,10,2025-06-06,UPI,Delivered,42.14
7693,643,3,2025-04-06,UPI,Delivered,160.18
7694,299,10,2025-07-26,Credit Card,Delivered,74.66
7695,254,3,2025-08-06,Cash,Delivered,67.54
7696,515,5,2024-05-11,Cash,Delivered,113.22
7697,482,2,2025-09-10,Credit Card,Delivered,164.35
7698,351,12,2024-01-02,Cash,Delivered,159.25
7699,786,17,2025-01-05,Debit Card,Delivered,182.49
7700,914,13,2024-12-25,Debit Card,Returned,176.64
7701,294,7,2024-08-16,Debit Card,Delivered,190.51
7702,709,1,2025-04-23,Net Banking,Shipped,127.02
7703,222,3,2025-10-29,Credit Card,Delivered,168.17
7704,245,11,2024-10-26,Cash,Delivered,204.52
7705,878,11,2024-10-02,Net Banking,Delivered,139.24
7706,746,4,2025-12-08,Credit Card,Delivered,55.4
7707,814,3,2024-04-13,Credit Card,Delivered,173.85
7708,996,17,2024-04-06,UPI,Delivered,95.14
7709,999,18,2025-05-22,Net Banking,Delivered,201.12
7710,995,15,2025-10-12,UPI,Delivered,117.68
7711,455,1,2024-01-29,Net Banking,Delivered,175.52
7712,654,13,2024-01-21,Credit Card,Delivered,85.64
7713,415,6,2025-03-30,Debit Card,Shipped,223.44
7714,134,14,2024-07-26,Debit Card,Delivered,40.7
7715,621,17,2025-05-22,UPI,Delivered,143.13
7716,526,20,2025-05-07,Credit Card,Delivered,234.17
7717,507,11,2025-05-25,Credit Card,Shipped,176.87
7718,604,20,2025-09-27,Cash,Processing,80.98
7719,825,4,2025-08-02,Net Banking,Delivered,98.19
7720,888,19,2024-04-20,Net Banking,Delivered,246.18
7721,464,19,2025-01-06,Credit Card,Delivered,123.95
7722,761,20,2024-05-30,UPI,Delivered,208.69
7723,108,11,2024-12-26,Net Banking,Shipped,105.87
7724,951,10,2025-05-08,Cash,Processing,154.11
7725,981,4,2025-05-20,Debit Card,Delivered,194.26
7726,985,7,2024-07-16,UPI,Returned,133.65
7727,73,7,2024-08-21,Debit Card,Processing,109.19
7728,901,3,2025-01-27,Net Banking,Processing,197.38
7729,389,12,2025-04-20,UPI,Delivered,208.55
7730,805,2,2024-01-21,Credit Card,Delivered,129.07
7731,626,19,2025-11-09,Debit Card,Processing,212.55
7732,938,15,2025-11-17,UPI,Shipped,113.72
7733,129,11,2025-10-13,Credit Card,Delivered,176.89
7734,805,14,2025-10-27,Credit Card,Delivered,187.04
7735,922,7,2024-12-04,Cash,Processing,120.45
7736,214,6,2025-09-04,Net Banking,Delivered,160.86
7737,172,16,2025-12-01,Debit Card,Delivered,206.62
7738,184,13,2024-07-10,Net Banking,Delivered,139.9
7739,91,3,2024-07-18,Debit Card,Delivered,94.63
7740,552,16,2024-07-30,Credit Card,Processing,45.52
7741,457,20,2024-11-28,Credit Card,Shipped,105.2
7742,307,9,2025-10-28,Net Banking,Delivered,204.43
7743,608,19,2024-04-27,Cash,Delivered,106.27
7744,589,13,2025-11-25,Credit Card,Delivered,180.52
7745,285,1,2025-07-20,Net Banking,Cancelled,190.48
7746,786,16,2024-05-24,Cash,Cancelled,55.64
7747,462,8,2024-12-29,Cash,Delivered,41.16
7748,61,11,2025-03-31,UPI,Processing,72.77
7749,662,4,2024-03-31,UPI,Cancelled,58.83
7750,445,15,2025-06-28,Credit Card,Returned,140.14
7751,108,9,2025-08-15,Debit Card,Processing,118.39
7752,975,3,2025-03-15,Net Banking,Delivered,124.51
7753,703,13,2025-04-15,UPI,Returned,191.18
7754,734,9,2024-02-25,Credit Card,Delivered,40.31
7755,2,6,2024-03-24,Cash,Delivered,111.85
7756,712,10,2025-01-22,Cash,Delivered,217.27
7757,372,15,2025-02-08,Credit Card,Shipped,163.47
7758,492,10,2025-05-03,UPI,Shipped,110.89
7759,533,11,2025-03-19,Net Banking,Delivered,197.99
7760,248,8,2024-06-04,UPI,Delivered,102.36
7761,780,6,2025-03-12,UPI,Delivered,141.9
7762,885,14,2024-01-24,UPI,Processing,239.66
7763,226,15,2024-12-08,Credit Card,Processing,206.01
7764,209,10,2024-11-25,Credit Card,Delivered,40.01
7765,727,17,2025-05-17,UPI,Delivered,214.75
7766,593,7,2024-06-01,UPI,Cancelled,208.65
7767,115,12,2025-01-21,UPI,Delivered,220.31
7768,443,13,2024-02-21,UPI,Delivered,51.46
7769,868,15,2025-03-19,UPI,Delivered,52.31
7770,123,15,2024-05-01,Net Banking,Delivered,183.02
7771,624,14,2025-03-29,Credit Card,Delivered,160.8
7772,423,15,2024-10-18,UPI,Delivered,170.6
7773,50,18,2025-11-20,Cash,Delivered,128.24
7774,884,5,2024-03-11,Credit Card,Delivered,235.33
7775,19,17,2024-08-12,Cash,Delivered,105.3
7776,464,19,2025-04-25,Net Banking,Delivered,146.0
7777,797,7,2024-09-19,Cash,Delivered,124.69
7778,759,13,2025-06-27,Net Banking,Delivered,249.21
7779,260,17,2025-04-02,Credit Card,Cancelled,89.21
7780,584,15,2024-02-06,UPI,Processing,94.04
7781,605,12,2024-12-06,UPI,Delivered,248.79
7782,394,15,2024-08-09,Credit Card,Shipped,58.45
7783,392,15,2024-12-01,Net Banking,Returned,98.17
7784,164,18,2025-07-02,Credit Card,Cancelled,197.99
7785,316,20,2025-02-19,UPI,Delivered,134.37
7786,812,11,2025-03-06,UPI,Delivered,180.72
7787,680,7,2024-06-20,UPI,Delivered,159.71
7788,242,16,2025-10-16,Net Banking,Delivered,86.77
7789,850,20,2025-10-31,UPI,Delivered,147.66
7790,727,8,2024-03-17,Cash,Processing,208.7
7791,283,15,2024-01-27,Net Banking,Delivered,130.76
7792,289,20,2024-11-08,Debit Card,Delivered,112.89
7793,67,11,2025-07-13,UPI,Delivered,86.78
7794,930,5,2024-09-18,Cash,Delivered,226.19
7795,641,3,2025-12-21,Net Banking,Returned,73.71
7796,611,2,2025-07-01,UPI,Delivered,217.22
7797,981,2,2025-03-12,Cash,Processing,149.75
7798,316,3,2024-10-25,Cash,Processing,129.59
7799,99,4,2025-02-02,Cash,Shipped,183.82
7800,285,6,2025-09-15,UPI,Delivered,221.74
7801,571,1,2024-02-21,Debit Card,Shipped,196.25
7802,568,5,2024-12-18,Debit Card,Returned,42.45
7803,664,16,2025-09-30,Cash,Shipped,163.78
7804,331,16,2025-12-20,Credit Card,Delivered,41.42
7805,61,7,2024-08-24,UPI,Delivered,196.75
7806,886,14,2025-06-16,UPI,Delivered,163.79
7807,446,6,2025-09-15,Credit Card,Delivered,168.26
7808,953,15,2025-10-10,Cash,Delivered,241.54
7809,277,19,2025-09-16,Debit Card,Processing,235.76
7810,372,3,2024-07-04,Net Banking,Delivered,57.38
7811,882,13,2024-05-19,Credit Card,Delivered,235.78
7812,149,15,2024-05-17,Cash,Delivered,139.43
7813,336,19,2025-06-28,Debit Card,Processing,74.74
7814,177,8,2025-06-02,Net Banking,Delivered,115.69
7815,271,7,2025-01-14,Debit Card,Delivered,205.45
7816,247,17,2024-04-03,UPI,Delivered,105.8
7817,489,13,2024-12-13,Net Banking,Delivered,60.93
7818,891,4,2025-01-14,Credit Card,Delivered,200.19
7819,378,8,2025-01-06,Credit Card,Cancelled,83.0
7820,15,17,2025-01-05,Credit Card,Delivered,90.86
7821,328,6,2025-04-18,Debit Card,Delivered,245.94
7822,151,9,2024-08-13,Credit Card,Delivered,70.4
7823,583,12,2024-07-28,Cash,Shipped,226.03
7824,966,14,2024-11-29,Credit Card,Delivered,143.07
7825,383,1,2024-08-16,UPI,Delivered,94.4
7826,334,11,2025-12-08,Net Banking,Delivered,227.58
7827,175,20,2025-06-14,Debit Card,Delivered,220.16
7828,164,17,2025-07-08,Cash,Delivered,194.28
7829,452,6,2025-06-18,Net Banking,Delivered,193.83
7830,24,14,2025-04-07,Credit Card,Delivered,115.85
7831,975,15,2025-06-02,Credit Card,Delivered,149.95
7832,361,18,2025-01-11,Credit Card,Processing,68.54
7833,774,7,2024-05-27,UPI,Returned,248.66
7834,870,1,2025-01-17,UPI,Delivered,81.57
7835,652,15,2024-05-18,UPI,Returned,85.16
7836,786,4,2024-11-03,Debit Card,Cancelled,133.2
7837,776,13,2024-12-11,Net Banking,Delivered,181.89
7838,754,16,2024-08-04,UPI,Delivered,132.31
7839,602,18,2025-08-27,Cash,Delivered,46.52
7840,995,11,2025-12-07,Credit Card,Delivered,153.32
7841,564,3,2025-08-20,Credit Card,Shipped,177.49
7842,675,20,2024-08-16,Cash,Processing,109.32
7843,766,12,2025-12-05,Credit Card,Shipped,142.21
7844,277,10,2025-02-02,Debit Card,Delivered,171.52
7845,159,6,2025-01-27,Credit Card,Delivered,242.59
7846,211,9,2025-11-03,Cash,Processing,182.09
7847,603,19,2024-05-14,Cash,Delivered,148.74
7848,77,18,2025-04-03,Cash,Delivered,193.07
7849,607,7,2025-08-06,Net Banking,Delivered,111.37
7850,974,13,2024-02-07,Net Banking,Delivered,191.29
7851,145,3,2025-09-23,Cash,Delivered,162.27
7852,16,10,2025-01-21,Credit Card,Delivered,118.38
7853,815,4,2025-05-22,UPI,Delivered,176.69
7854,13,12,2025-10-11,Cash,Delivered,176.78
7855,774,14,2025-10-28,Credit Card,Delivered,47.26
7856,393,20,2025-08-18,Debit Card,Delivered,84.99
7857,561,17,2024-06-21,Net Banking,Delivered,181.77
7858,694,18,2024-01-02,Net Banking,Shipped,148.99
7859,781,1,2025-01-27,Net Banking,Delivered,225.72
7860,472,4,2024-01-04,Debit Card,Delivered,76.63
7861,721,13,2024-07-28,UPI,Delivered,244.37
7862,31,17,2025-06-07,Debit Card,Returned,179.09
7863,268,9,2024-10-20,Credit Card,Processing,142.47
7864,861,7,2024-04-25,Credit Card,Delivered,205.96
7865,507,16,2025-12-28,Cash,Delivered,157.4
7866,795,3,2024-08-17,Net Banking,Delivered,233.67
7867,821,10,2024-02-26,Credit Card,Delivered,102.38
7868,48,19,2024-09-03,Cash,Delivered,142.52
7869,525,9,2025-01-19,Credit Card,Delivered,65.52
7870,68,17,2024-02-03,Cash,Delivered,74.89
7871,731,8,2024-04-03,UPI,Delivered,242.55
7872,634,15,2024-12-31,Debit Card,Delivered,85.61
7873,703,7,2024-05-14,UPI,Delivered,142.76
7874,459,1,2024-04-26,Debit Card,Delivered,91.34
7875,506,11,2024-05-23,Net Banking,Delivered,59.3
7876,546,11,2024-03-22,Net Banking,Processing,45.08
7877,25,9,2024-08-11,UPI,Delivered,67.36
7878,172,13,2025-04-09,UPI,Delivered,158.95
7879,589,12,2024-01-10,Credit Card,Delivered,48.93
7880,471,20,2024-03-12,Credit Card,Shipped,53.53
7881,889,6,2025-02-10,Credit Card,Delivered,176.99
7882,221,15,2024-03-17,UPI,Delivered,218.62
7883,909,18,2025-10-30,UPI,Processing,105.46
7884,887,9,2024-03-17,Cash,Delivered,57.3
7885,242,13,2025-12-22,UPI,Cancelled,144.02
7886,161,2,2025-05-17,Debit Card,Delivered,186.18
7887,979,18,2025-08-08,UPI,Delivered,216.92
7888,707,12,2024-07-28,Credit Card,Delivered,83.43
7889,115,13,2024-01-28,Credit Card,Delivered,108.35
7890,37,10,2024-03-10,Net Banking,Delivered,237.06
7891,251,2,2025-05-11,Debit Card,Delivered,210.13
7892,103,7,2024-12-12,Credit Card,Delivered,46.16
7893,454,7,2025-02-09,UPI,Processing,236.19
7894,301,1,2024-06-02,Cash,Delivered,173.92
7895,347,19,2024-07-25,Cash,Delivered,90.16
7896,52,8,2025-07-30,Cash,Delivered,245.86
7897,493,9,2025-01-05,Credit Card,Delivered,61.25
7898,895,17,2024-11-23,UPI,Shipped,45.81
7899,306,4,2025-07-19,Cash,Delivered,119.21
7900,45,3,2025-01-04,Debit Card,Delivered,90.65
7901,275,13,2024-05-04,Debit Card,Delivered,214.38
7902,231,19,2024-01-19,Debit Card,Shipped,229.84
7903,889,12,2025-01-14,Net Banking,Shipped,192.52
7904,398,10,2024-10-24,Credit Card,Delivered,145.42
7905,937,20,2025-10-23,UPI,Delivered,75.53
7906,385,12,2024-04-07,UPI,Delivered,154.98
7907,8,13,2025-09-10,UPI,Processing,63.54
7908,785,12,2025-05-13,UPI,Delivered,112.14
7909,948,6,2025-08-15,Cash,Processing,136.91
7910,363,1,2025-10-11,Debit Card,Delivered,225.93
7911,164,5,2025-10-25,Net Banking,Delivered,99.59
7912,751,20,2024-07-19,Cash,Delivered,152.97
7913,572,16,2025-10-13,Credit Card,Delivered,226.54
7914,866,18,2024-09-20,Cash,Delivered,46.27
7915,393,11,2024-08-20,Credit Card,Delivered,119.08
7916,91,9,2024-10-29,Debit Card,Shipped,191.74
7917,882,16,2025-12-28,UPI,Delivered,162.23
7918,961,10,2025-03-24,Debit Card,Delivered,221.36
7919,595,12,2025-01-07,Debit Card,Delivered,157.59
7920,51,5,2024-02-22,Net Banking,Processing,245.81
7921,359,10,2025-08-19,Cash,Delivered,106.18
7922,139,15,2024-09-17,Credit Card,Delivered,82.66
7923,96,2,2025-10-06,Net Banking,Delivered,149.35
7924,268,11,2024-06-12,UPI,Delivered,64.45
7925,441,10,2025-12-27,Cash,Delivered,215.57
7926,7,15,2025-03-04,Debit Card,Delivered,52.44
7927,14,6,2025-03-14,Credit Card,Delivered,110.48
7928,677,3,2024-07-26,Credit Card,Delivered,59.59
7929,191,6,2025-03-07,Net Banking,Delivered,160.96
7930,949,3,2024-11-02,Cash,Delivered,182.58
7931,398,8,2024-04-08,Cash,Delivered,113.71
7932,275,18,2025-07-16,Credit Card,Delivered,133.58
7933,210,7,2025-09-20,Net Banking,Shipped,169.87
7934,27,18,2024-04-15,Credit Card,Processing,128.89
7935,1000,12,2025-11-07,Cash,Returned,68.69
7936,801,13,2024-03-03,Debit Card,Delivered,191.38
7937,386,9,2025-05-06,Cash,Delivered,114.68
7938,339,2,2024-06-22,Net Banking,Delivered,114.13
7939,80,10,2025-11-27,Credit Card,Shipped,213.92
7940,595,19,2025-08-10,Credit Card,Delivered,225.39
7941,593,6,2025-08-17,Net Banking,Delivered,41.74
7942,353,11,2025-06-17,UPI,Delivered,151.03
7943,331,11,2024-06-05,Credit Card,Delivered,78.99
7944,890,18,2025-11-19,Cash,Delivered,158.53
7945,781,4,2025-07-03,Net Banking,Shipped,151.11
7946,191,17,2024-12-23,Credit Card,Processing,201.99
7947,871,11,2024-02-13,Credit Card,Delivered,130.94
7948,911,1,2024-08-12,Net Banking,Delivered,51.15
7949,923,17,2025-07-29,Debit Card,Delivered,194.9
7950,487,15,2025-10-14,Cash,Delivered,186.17
7951,596,4,2024-03-07,UPI,Delivered,217.37
7952,593,15,2024-04-13,UPI,Delivered,245.44
7953,995,10,2024-10-27,Debit Card,Cancelled,98.24
7954,606,4,2025-03-22,Debit Card,Delivered,135.47
7955,483,7,2025-03-20,Net Banking,Delivered,91.59
7956,948,11,2025-12-09,Debit Card,Delivered,129.17
7957,614,15,2024-11-18,Net Banking,Delivered,119.2
7958,233,6,2025-02-22,Cash,Delivered,242.29
7959,501,2,2024-08-21,Credit Card,Delivered,173.29
7960,585,2,2024-03-21,Debit Card,Delivered,200.61
7961,826,4,2025-11-30,Debit Card,Delivered,89.05
7962,22,15,2024-07-14,Cash,Delivered,219.74
7963,973,19,2024-06-02,Net Banking,Delivered,210.24
7964,88,14,2025-07-14,UPI,Cancelled,210.17
7965,89,19,2025-10-04,UPI,Delivered,41.56
7966,275,6,2025-11-28,Credit Card,Delivered,90.47
7967,747,7,2024-09-13,Cash,Delivered,49.5
7968,994,3,2024-08-11,Net Banking,Returned,80.48
7969,193,12,2024-03-17,Cash,Shipped,209.01
7970,147,14,2025-07-29,UPI,Delivered,195.49
7971,473,13,2024-10-20,Credit Card,Delivered,83.04
7972,552,16,2025-04-17,Credit Card,Shipped,105.53
7973,845,11,2024-10-14,Debit Card,Shipped,127.69
7974,463,7,2024-11-08,UPI,Delivered,203.47
7975,547,11,2025-06-08,Net Banking,Delivered,124.51
7976,653,1,2025-04-29,UPI,Delivered,175.9
7977,275,8,2025-09-10,Net Banking,Delivered,66.16
7978,684,12,2025-07-14,Cash,Delivered,249.03
7979,415,12,2024-04-16,Cash,Delivered,151.2
7980,912,9,2024-02-18,UPI,Delivered,170.37
7981,133,10,2025-11-18,Debit Card,Cancelled,209.35
7982,570,17,2024-07-08,Credit Card,Delivered,138.13
7983,710,13,2024-09-25,UPI,Cancelled,210.42
7984,223,14,2025-04-13,Credit Card,Delivered,158.43
7985,96,17,2025-12-07,UPI,Delivered,231.29
7986,604,7,2024-06-04,Net Banking,Shipped,41.45
7987,7,8,2024-12-13,UPI,Shipped,174.86
7988,284,19,2024-08-23,UPI,Delivered,124.39
7989,423,9,2025-05-16,Net Banking,Delivered,140.23
7990,708,14,2025-07-28,Net Banking,Processing,82.73
7991,949,16,2024-08-27,Credit Card,Processing,73.89
7992,830,18,2025-05-14,UPI,Delivered,116.39
7993,675,19,2024-07-31,Credit Card,Delivered,145.81
7994,35,6,2024-09-12,UPI,Delivered,142.2
7995,53,8,2025-02-21,Credit Card,Delivered,55.26
7996,778,17,2025-04-29,Cash,Delivered,72.45
7997,318,20,2025-05-19,UPI,Delivered,126.86
7998,703,9,2025-12-08,Net Banking,Delivered,40.8
7999,32,8,2025-12-12,Net Banking,Delivered,140.96
8000,178,17,2024-03-17,Net Banking,Delivered,133.29
8001,227,20,2025-10-10,Net Banking,Delivered,173.18
8002,965,2,2024-08-16,Net Banking,Processing,242.76
8003,807,15,2024-07-07,Net Banking,Delivered,129.4
8004,256,19,2024-12-22,Debit Card,Delivered,202.54
8005,529,5,2025-08-27,Credit Card,Cancelled,203.02
8006,450,6,2024-02-13,Debit Card,Processing,127.01
8007,88,11,2025-11-26,Cash,Shipped,181.13
8008,237,2,2024-06-12,Cash,Delivered,46.17
8009,590,9,2025-11-26,Cash,Delivered,248.94
8010,721,3,2024-10-10,Credit Card,Delivered,249.02
8011,302,15,2024-09-18,UPI,Returned,226.26
8012,39,18,2024-06-11,Credit Card,Shipped,66.91
8013,458,10,2025-07-15,Net Banking,Delivered,79.02
8014,558,18,2025-04-04,Cash,Shipped,140.73
8015,823,5,2024-08-14,Cash,Delivered,125.52
8016,426,7,2025-12-21,Net Banking,Processing,184.18
8017,68,8,2025-10-17,Cash,Delivered,220.56
8018,437,12,2024-02-20,Cash,Delivered,186.59
8019,562,9,2025-08-30,Credit Card,Returned,127.19
8020,250,8,2025-12-26,Cash,Shipped,214.89
8021,800,3,2025-03-02,Net Banking,Delivered,86.5
8022,464,16,2025-05-08,Cash,Processing,116.06
8023,705,20,2024-05-21,Debit Card,Returned,146.07
8024,76,18,2025-02-27,Net Banking,Cancelled,80.29
8025,320,18,2024-10-25,Net Banking,Cancelled,79.92
8026,908,13,2025-09-26,UPI,Delivered,96.42
8027,5,6,2024-11-28,Debit Card,Processing,121.89
8028,64,5,2025-10-17,UPI,Returned,210.52
8029,633,11,2024-06-26,Net Banking,Delivered,231.73
8030,778,4,2025-02-11,UPI,Returned,132.01
8031,214,6,2025-02-24,Net Banking,Delivered,86.79
8032,840,1,2025-06-04,Debit Card,Delivered,93.65
8033,161,14,2025-10-02,Net Banking,Processing,155.27
8034,525,13,2024-01-10,Debit Card,Delivered,65.23
8035,424,4,2025-06-20,Net Banking,Processing,137.13
8036,888,16,2024-01-04,Net Banking,Delivered,206.05
8037,82,8,2025-11-25,Credit Card,Delivered,46.78
8038,483,12,2025-11-23,Net Banking,Delivered,115.38
8039,68,13,2024-02-13,Debit Card,Delivered,116.63
8040,309,17,2025-05-01,Cash,Delivered,71.18
8041,996,1,2024-03-13,Cash,Delivered,198.44
8042,404,2,2024-12-15,Debit Card,Returned,140.56
8043,735,10,2025-06-19,UPI,Delivered,124.99
8044,765,14,2024-01-30,Cash,Processing,125.68
8045,883,3,2025-11-21,Debit Card,Delivered,56.65
8046,416,1,2025-01-22,Credit Card,Delivered,185.66
8047,616,15,2025-01-20,Net Banking,Delivered,57.77
8048,236,13,2024-08-06,Net Banking,Returned,108.91
8049,868,12,2024-12-06,Debit Card,Delivered,43.51
8050,196,9,2025-07-23,Credit Card,Delivered,118.27
8051,892,17,2024-08-29,Net Banking,Delivered,172.23
8052,722,19,2025-09-14,Cash,Delivered,119.2
8053,560,4,2024-02-21,Net Banking,Delivered,107.25
8054,38,10,2025-07-23,UPI,Delivered,44.13
8055,229,10,2025-03-05,Net Banking,Delivered,110.07
8056,822,13,2024-05-21,UPI,Cancelled,224.77
8057,628,2,2025-04-05,Credit Card,Delivered,195.91
8058,214,1,2025-09-13,Net Banking,Delivered,101.16
8059,967,3,2024-08-08,Credit Card,Delivered,81.43
8060,332,11,2025-12-31,Cash,Delivered,165.28
8061,487,6,2024-02-11,Debit Card,Delivered,204.14
8062,497,5,2025-07-24,Credit Card,Delivered,174.53
8063,357,15,2025-03-05,Net Banking,Returned,132.83
8064,663,12,2024-03-16,UPI,Returned,51.05
8065,242,13,2024-04-11,Cash,Delivered,240.42
8066,621,12,2025-05-13,Net Banking,Delivered,175.19
8067,737,5,2024-05-11,Debit Card,Processing,120.44
8068,480,3,2024-08-11,Net Banking,Delivered,105.86
8069,597,4,2025-04-07,Credit Card,Delivered,167.01
8070,271,1,2024-12-08,Credit Card,Delivered,171.16
8071,285,10,2025-12-05,Credit Card,Delivered,194.72
8072,387,19,2024-05-21,Cash,Delivered,98.55
8073,242,13,2024-05-03,Cash,Delivered,200.97
8074,437,17,2025-06-17,Net Banking,Returned,122.08
8075,532,16,2024-01-09,Net Banking,Delivered,158.62
8076,978,10,2024-03-21,UPI,Delivered,90.26
8077,40,20,2025-08-21,Debit Card,Delivered,184.27
8078,267,15,2024-10-25,Debit Card,Delivered,51.19
8079,371,10,2024-05-21,Debit Card,Delivered,71.62
8080,422,3,2025-07-28,UPI,Delivered,93.03
8081,168,18,2025-10-26,Cash,Delivered,51.51
8082,93,20,2024-11-21,Credit Card,Delivered,235.63
8083,817,1,2025-01-25,Credit Card,Delivered,75.35
8084,964,1,2025-07-26,Credit Card,Delivered,149.87
8085,624,4,2025-09-04,UPI,Delivered,175.81
8086,507,16,2025-07-01,Cash,Delivered,191.11
8087,31,4,2025-01-01,Credit Card,Delivered,181.19
8088,859,20,2024-08-08,Credit Card,Returned,122.67
8089,858,20,2025-04-07,Cash,Delivered,103.94
8090,830,13,2025-11-23,Credit Card,Delivered,246.31
8091,69,17,2025-05-08,Cash,Delivered,125.34
8092,753,17,2025-03-26,Cash,Delivered,229.43
8093,784,18,2024-08-19,Cash,Delivered,152.17
8094,11,7,2024-09-04,Credit Card,Shipped,126.12
8095,702,20,2024-11-06,Net Banking,Delivered,45.72
8096,413,13,2024-09-15,Debit Card,Processing,98.13
8097,464,1,2025-05-13,Debit Card,Delivered,102.36
8098,837,9,2024-09-11,Net Banking,Delivered,100.33
8099,112,15,2024-05-15,Cash,Delivered,230.06
8100,33,3,2025-10-29,Credit Card,Processing,169.31
8101,940,17,2024-09-17,Credit Card,Delivered,232.6
8102,604,6,2025-11-21,UPI,Delivered,220.28
8103,27,10,2024-11-25,Debit Card,Delivered,129.53
8104,614,2,2025-03-04,UPI,Cancelled,166.23
8105,193,3,2024-08-11,Debit Card,Delivered,103.1
8106,914,4,2024-10-05,Debit Card,Delivered,108.68
8107,274,5,2025-12-07,Cash,Delivered,127.62
8108,668,6,2024-04-05,Cash,Delivered,232.61
8109,761,7,2025-08-07,Credit Card,Delivered,214.08
8110,962,20,2025-03-22,Debit Card,Cancelled,44.18
8111,275,9,2025-07-18,Debit Card,Delivered,242.26
8112,425,6,2024-03-26,Net Banking,Processing,231.93
8113,55,14,2025-01-07,Debit Card,Delivered,84.9
8114,315,3,2025-07-01,Cash,Processing,180.36
8115,418,12,2025-10-15,Credit Card,Delivered,173.25
8116,379,12,2025-03-14,Debit Card,Delivered,53.35
8117,820,2,2025-11-05,Credit Card,Shipped,153.75
8118,466,6,2025-02-25,Cash,Delivered,181.72
8119,894,20,2024-03-18,Net Banking,Delivered,188.13
8120,920,20,2025-06-06,UPI,Processing,182.73
8121,218,11,2024-12-07,Debit Card,Processing,112.0
8122,129,18,2025-03-16,Cash,Processing,175.77
8123,711,17,2025-05-23,UPI,Processing,92.09
8124,291,15,2025-06-02,Debit Card,Processing,91.42
8125,794,2,2024-09-20,Cash,Delivered,169.87
8126,891,11,2025-05-30,UPI,Delivered,224.16
8127,686,9,2024-05-21,UPI,Shipped,181.04
8128,788,9,2024-11-18,Cash,Shipped,56.4
8129,412,20,2024-03-01,UPI,Delivered,175.38
8130,99,20,2024-04-21,Debit Card,Shipped,135.41
8131,451,5,2025-10-16,Debit Card,Delivered,40.22
8132,324,18,2024-05-01,Debit Card,Delivered,87.86
8133,802,9,2025-09-02,Debit Card,Processing,199.27
8134,17,11,2025-07-14,Debit Card,Delivered,52.85
8135,799,7,2024-06-17,UPI,Delivered,236.16
8136,979,16,2024-02-18,Net Banking,Delivered,43.17
8137,701,7,2024-12-16,Net Banking,Delivered,47.97
8138,650,7,2024-10-05,Credit Card,Shipped,73.4
8139,146,1,2025-02-01,Debit Card,Delivered,201.48
8140,724,12,2025-01-11,Cash,Processing,226.5
8141,622,16,2024-11-04,Debit Card,Delivered,112.47
8142,560,8,2025-03-29,Credit Card,Delivered,166.5
8143,213,3,2024-10-23,UPI,Delivered,113.73
8144,517,17,2025-07-06,Debit Card,Shipped,154.86
8145,944,6,2025-06-27,Net Banking,Cancelled,43.18
8146,349,16,2025-08-02,Credit Card,Shipped,214.38
8147,619,15,2024-09-05,Net Banking,Delivered,183.24
8148,575,20,2024-03-13,Net Banking,Delivered,115.89
8149,603,17,2025-10-20,Debit Card,Delivered,206.63
8150,749,1,2025-12-09,Cash,Shipped,111.71
8151,162,11,2025-03-05,Cash,Delivered,40.74
8152,935,6,2024-08-02,Cash,Delivered,152.2
8153,520,15,2025-10-16,Debit Card,Delivered,212.73
8154,814,19,2024-02-24,Net Banking,Processing,179.55
8155,498,11,2024-02-05,Credit Card,Delivered,124.08
8156,934,2,2025-08-22,Cash,Returned,83.71
8157,648,13,2024-01-22,Debit Card,Cancelled,92.79
8158,195,20,2025-05-21,Credit Card,Delivered,102.55
8159,845,9,2024-09-18,UPI,Delivered,89.46
8160,588,16,2024-04-13,UPI,Cancelled,177.07
8161,1,4,2025-11-19,UPI,Delivered,199.03
8162,501,6,2025-02-11,Net Banking,Delivered,176.28
8163,634,9,2025-02-08,Credit Card,Processing,57.34
8164,796,13,2025-10-15,Cash,Delivered,97.66
8165,30,16,2024-03-08,Net Banking,Delivered,78.42
8166,431,12,2024-12-15,Credit Card,Returned,188.52
8167,254,4,2025-07-10,Credit Card,Delivered,41.08
8168,82,17,2025-01-30,Credit Card,Delivered,109.41
8169,958,2,2025-08-05,UPI,Processing,143.38
8170,827,13,2024-03-12,Cash,Shipped,96.24
8171,564,13,2024-02-08,UPI,Processing,71.16
8172,241,4,2025-11-10,Cash,Delivered,84.57
8173,392,9,2024-11-03,Debit Card,Delivered,48.01
8174,810,13,2024-02-19,UPI,Delivered,241.47
8175,504,15,2024-08-30,Net Banking,Delivered,169.9
8176,262,4,2024-03-15,Net Banking,Delivered,52.59
8177,826,20,2024-06-13,UPI,Delivered,94.01
8178,830,18,2025-09-27,UPI,Shipped,177.61
8179,63,12,2025-04-12,Cash,Delivered,173.92
8180,439,11,2025-11-25,Net Banking,Delivered,135.45
8181,461,19,2025-01-08,UPI,Processing,209.17
8182,409,15,2024-08-18,Debit Card,Delivered,197.57
8183,787,16,2024-10-13,Net Banking,Returned,215.03
8184,838,19,2024-01-22,Net Banking,Shipped,162.63
8185,223,16,2025-10-02,Net Banking,Delivered,190.41
8186,323,6,2025-02-15,Credit Card,Shipped,152.99
8187,324,7,2024-10-22,Credit Card,Delivered,84.53
8188,627,18,2024-09-27,Credit Card,Delivered,137.23
8189,3,1,2024-02-03,Credit Card,Delivered,201.54
8190,346,9,2024-12-23,Cash,Delivered,210.61
8191,445,10,2025-09-22,UPI,Cancelled,84.27
8192,350,3,2024-05-22,UPI,Delivered,211.91
8193,208,2,2025-10-11,Credit Card,Processing,113.28
8194,92,16,2024-06-16,Credit Card,Returned,240.9
8195,255,1,2025-12-02,Net Banking,Shipped,51.12
8196,567,1,2024-09-21,Net Banking,Processing,148.26
8197,902,3,2025-03-15,UPI,Delivered,117.14
8198,310,10,2024-01-22,Credit Card,Delivered,246.13
8199,849,15,2025-11-28,Cash,Delivered,60.98
8200,110,13,2025-03-31,Net Banking,Delivered,158.58
8201,988,15,2024-04-07,Cash,Cancelled,244.58
8202,132,3,2025-01-11,Debit Card,Delivered,127.83
8203,848,15,2024-07-25,UPI,Delivered,134.92
8204,959,13,2024-01-07,Net Banking,Delivered,175.4
8205,430,10,2024-10-07,UPI,Delivered,226.14
8206,896,20,2024-12-24,Debit Card,Delivered,159.55
8207,652,15,2024-07-15,Debit Card,Returned,111.99
8208,471,15,2024-11-21,Cash,Delivered,215.27
8209,712,16,2025-10-17,Cash,Processing,86.43
8210,383,3,2025-08-09,Cash,Delivered,121.01
8211,743,6,2024-08-17,Credit Card,Delivered,195.32
8212,103,9,2024-01-31,UPI,Processing,114.12
8213,990,2,2025-10-23,Cash,Shipped,210.25
8214,660,4,2024-12-25,Net Banking,Delivered,119.8
8215,647,8,2025-11-14,Credit Card,Delivered,176.61
8216,933,16,2025-05-14,Credit Card,Delivered,164.11
8217,719,3,2024-03-18,Debit Card,Delivered,174.91
8218,353,8,2025-12-23,Credit Card,Processing,146.08
8219,94,13,2024-10-25,Credit Card,Cancelled,247.49
8220,700,1,2025-08-16,Cash,Delivered,194.37
8221,90,11,2025-06-05,Cash,Delivered,178.94
8222,28,19,2024-07-16,Net Banking,Delivered,237.75
8223,535,7,2025-10-16,Debit Card,Cancelled,97.56
8224,210,14,2025-08-04,Credit Card,Delivered,150.76
8225,956,17,2025-12-10,Cash,Delivered,172.09
8226,292,16,2024-09-11,Credit Card,Delivered,187.27
8227,721,14,2024-04-06,Cash,Delivered,59.81
8228,503,10,2025-07-03,Credit Card,Delivered,125.49
8229,309,5,2025-05-26,Net Banking,Delivered,69.41
8230,242,10,2025-06-24,Net Banking,Delivered,166.85
8231,177,19,2025-10-15,Debit Card,Delivered,181.12
8232,727,19,2025-07-27,UPI,Delivered,113.17
8233,809,5,2025-06-22,Cash,Delivered,140.12
8234,229,4,2024-07-29,Credit Card,Delivered,60.2
8235,787,18,2025-11-17,Cash,Delivered,124.51
8236,8,9,2024-09-29,UPI,Delivered,244.69
8237,268,15,2024-09-15,Cash,Delivered,78.24
8238,311,13,2024-05-12,Net Banking,Delivered,207.64
8239,423,19,2024-04-27,Credit Card,Delivered,117.85
8240,107,8,2025-04-17,Debit Card,Delivered,70.15
8241,305,11,2025-07-20,Debit Card,Delivered,46.12
8242,855,11,2025-10-03,UPI,Delivered,114.43
8243,267,11,2025-03-26,Net Banking,Returned,141.79
8244,320,18,2025-03-05,Cash,Delivered,64.16
8245,683,8,2025-07-12,UPI,Delivered,131.5
8246,549,8,2025-05-22,Credit Card,Delivered,100.09
8247,653,5,2024-06-29,Debit Card,Delivered,100.26
8248,550,4,2025-07-08,Cash,Processing,179.31
8249,827,8,2025-01-08,Debit Card,Delivered,129.02
8250,319,14,2024-12-27,UPI,Processing,60.73
8251,785,19,2025-10-22,UPI,Delivered,60.96
8252,795,15,2025-11-20,Credit Card,Delivered,178.7
8253,645,6,2024-03-22,Net Banking,Delivered,176.98
8254,533,9,2024-11-16,Debit Card,Delivered,227.98
8255,691,4,2024-01-09,Credit Card,Delivered,55.43
8256,502,4,2025-03-29,Debit Card,Delivered,145.4
8257,200,20,2024-12-12,UPI,Processing,60.18
8258,289,9,2025-04-06,Cash,Delivered,238.2
8259,935,17,2024-01-15,UPI,Delivered,46.05
8260,610,6,2025-07-04,Credit Card,Delivered,49.39
8261,268,4,2025-02-16,Net Banking,Delivered,121.7
8262,767,10,2025-07-23,UPI,Delivered,158.66
8263,431,9,2025-04-20,Debit Card,Delivered,127.35
8264,569,15,2024-11-22,Credit Card,Delivered,235.05
8265,564,13,2024-08-31,Debit Card,Delivered,248.05
8266,14,18,2024-02-14,UPI,Delivered,154.19
8267,890,4,2025-11-16,Net Banking,Shipped,147.41
8268,716,8,2024-01-08,UPI,Delivered,234.83
8269,551,5,2025-04-12,Net Banking,Returned,221.71
8270,645,6,2025-05-05,Credit Card,Delivered,198.71
8271,11,15,2024-07-14,UPI,Delivered,220.33
8272,922,14,2024-03-05,Net Banking,Shipped,237.3
8273,895,19,2024-07-28,Cash,Delivered,175.98
8274,116,12,2024-06-20,Debit Card,Delivered,218.76
8275,70,19,2025-12-14,Net Banking,Delivered,40.55
8276,917,5,2025-11-26,Cash,Shipped,170.13
8277,852,20,2024-06-19,Debit Card,Processing,235.75
8278,573,14,2025-11-09,Credit Card,Delivered,201.47
8279,314,19,2024-08-31,Credit Card,Shipped,121.99
8280,597,18,2025-07-26,Cash,Delivered,96.56
8281,360,20,2024-11-27,UPI,Delivered,69.57
8282,963,8,2024-08-23,Debit Card,Delivered,150.14
8283,467,5,2024-12-22,Net Banking,Delivered,95.13
8284,221,17,2025-11-01,Net Banking,Delivered,131.28
8285,615,1,2025-11-09,Debit Card,Delivered,231.16
8286,375,7,2025-05-14,UPI,Delivered,71.41
8287,89,9,2025-02-23,Net Banking,Delivered,199.18
8288,879,20,2025-11-23,Debit Card,Delivered,138.28
8289,643,6,2024-12-01,UPI,Delivered,165.12
8290,630,4,2025-06-04,Debit Card,Delivered,95.28
8291,83,3,2025-07-08,Net Banking,Returned,241.26
8292,642,6,2025-04-29,Net Banking,Delivered,204.47
8293,549,16,2024-11-04,Debit Card,Delivered,49.01
8294,591,6,2024-02-15,Cash,Delivered,231.38
8295,994,13,2025-06-13,Debit Card,Shipped,216.46
8296,673,6,2025-05-20,UPI,Processing,157.06
8297,24,12,2025-11-08,Cash,Processing,56.87
8298,293,7,2025-05-24,Debit Card,Delivered,183.98
8299,930,20,2025-11-04,Credit Card,Delivered,248.84
8300,778,12,2025-12-15,Cash,Delivered,187.46
8301,275,14,2025-07-14,Net Banking,Shipped,40.3
8302,712,18,2024-12-13,UPI,Delivered,84.32
8303,280,6,2024-06-05,Debit Card,Delivered,246.06
8304,804,16,2024-10-19,UPI,Delivered,244.35
8305,119,19,2024-12-19,UPI,Delivered,176.68
8306,316,9,2024-05-22,Cash,Delivered,237.14
8307,706,16,2025-04-29,Credit Card,Processing,151.86
8308,296,15,2025-05-11,Cash,Delivered,228.56
8309,967,18,2024-02-25,Credit Card,Delivered,67.73
8310,618,1,2025-07-03,Net Banking,Delivered,204.72
8311,38,14,2024-02-28,Credit Card,Delivered,136.64
8312,789,3,2025-10-04,Net Banking,Delivered,95.47
8313,47,5,2024-05-17,Credit Card,Delivered,106.37
8314,489,12,2025-07-31,Cash,Delivered,246.66
8315,569,6,2025-03-19,Net Banking,Processing,119.41
8316,369,12,2025-04-05,Debit Card,Delivered,146.87
8317,332,13,2025-07-24,Net Banking,Delivered,192.19
8318,781,13,2025-03-12,Debit Card,Returned,145.2
8319,172,13,2025-06-21,Debit Card,Processing,147.13
8320,230,2,2024-04-24,UPI,Delivered,112.11
8321,415,9,2024-09-24,Debit Card,Processing,90.12
8322,637,17,2025-03-31,Debit Card,Delivered,95.76
8323,1000,17,2025-10-03,Debit Card,Delivered,41.27
8324,706,10,2024-05-01,Debit Card,Delivered,179.94
8325,218,7,2025-01-29,Cash,Delivered,166.71
8326,665,4,2024-12-08,UPI,Delivered,164.01
8327,124,7,2025-10-25,Net Banking,Delivered,219.66
8328,671,20,2025-01-07,Debit Card,Delivered,98.68
8329,589,17,2024-07-01,UPI,Delivered,91.69
8330,156,10,2025-10-25,UPI,Delivered,169.05
8331,737,3,2025-04-18,UPI,Delivered,220.76
8332,711,13,2025-12-31,Cash,Delivered,136.76
8333,389,2,2024-07-17,Debit Card,Delivered,244.14
8334,533,11,2025-08-30,Net Banking,Delivered,60.87
8335,229,14,2024-09-21,Net Banking,Shipped,138.77
8336,211,10,2025-09-10,Cash,Delivered,239.18
8337,597,7,2025-06-30,Net Banking,Delivered,122.1
8338,718,17,2024-04-02,Cash,Processing,120.45
8339,537,2,2024-11-19,Net Banking,Delivered,57.07
8340,425,11,2025-09-25,Credit Card,Shipped,230.09
8341,858,19,2025-04-02,UPI,Delivered,45.82
8342,199,3,2024-11-24,Credit Card,Returned,44.17
8343,714,16,2024-11-22,Debit Card,Delivered,230.4
8344,771,10,2025-06-28,Debit Card,Delivered,152.93
8345,434,19,2025-03-28,Debit Card,Delivered,222.9
8346,656,6,2024-04-06,Cash,Delivered,87.7
8347,531,8,2025-05-22,Cash,Processing,62.93
8348,712,8,2025-06-16,Debit Card,Delivered,104.48
8349,755,8,2024-06-24,Debit Card,Delivered,190.53
8350,181,12,2024-07-25,Net Banking,Delivered,197.32
8351,356,11,2024-10-22,Cash,Delivered,61.34
8352,184,15,2025-01-27,Debit Card,Shipped,109.92
8353,612,5,2024-10-16,Net Banking,Processing,82.24
8354,718,2,2025-05-22,Credit Card,Delivered,137.58
8355,925,2,2025-10-11,Credit Card,Delivered,55.6
8356,3,16,2025-01-24,Cash,Delivered,102.32
8357,213,9,2024-07-31,Cash,Delivered,176.41
8358,994,7,2025-01-19,Credit Card,Shipped,123.6
8359,728,13,2024-03-16,Credit Card,Delivered,154.93
8360,39,6,2025-05-22,Debit Card,Delivered,115.6
8361,276,8,2024-03-31,Debit Card,Processing,60.02
8362,666,7,2024-05-13,Cash,Cancelled,116.83
8363,748,10,2024-09-26,Net Banking,Delivered,121.58
8364,905,5,2025-10-10,Credit Card,Delivered,177.58
8365,899,6,2024-06-06,Debit Card,Delivered,107.11
8366,823,8,2025-01-03,UPI,Shipped,227.92
8367,232,20,2024-04-28,UPI,Delivered,116.77
8368,935,20,2025-06-27,Credit Card,Delivered,217.58
8369,202,9,2024-06-18,UPI,Delivered,47.51
8370,429,18,2025-01-18,Credit Card,Delivered,116.86
8371,412,8,2025-01-01,Net Banking,Delivered,156.51
8372,789,5,2025-06-22,Net Banking,Delivered,84.08
8373,797,15,2025-07-31,Debit Card,Delivered,121.81
8374,44,2,2025-07-27,Debit Card,Shipped,142.55
8375,846,7,2024-08-01,Net Banking,Delivered,170.99
8376,416,13,2024-05-08,UPI,Delivered,100.68
8377,258,15,2024-11-07,Debit Card,Delivered,135.55
8378,16,11,2024-11-18,Cash,Delivered,122.25
8379,529,20,2024-11-26,Net Banking,Delivered,197.0
8380,408,11,2025-10-23,Net Banking,Cancelled,222.18
8381,887,5,2025-05-23,Credit Card,Delivered,100.79
8382,259,8,2024-02-13,UPI,Delivered,90.21
8383,588,4,2024-03-06,UPI,Processing,219.04
8384,859,4,2025-04-25,Credit Card,Delivered,90.86
8385,81,3,2025-08-28,Debit Card,Returned,70.87
8386,1000,5,2024-02-20,Net Banking,Delivered,68.05
8387,222,6,2024-05-27,Net Banking,Delivered,219.81
8388,277,1,2024-05-03,Credit Card,Delivered,235.28
8389,140,5,2024-11-01,Debit Card,Shipped,72.8
8390,246,1,2024-10-21,Credit Card,Delivered,67.62
8391,58,1,2025-12-20,UPI,Delivered,67.18
8392,961,20,2025-06-23,Credit Card,Delivered,181.14
8393,679,8,2024-09-28,Debit Card,Delivered,163.07
8394,581,4,2025-05-15,Credit Card,Delivered,199.38
8395,331,13,2025-09-10,UPI,Delivered,141.79
8396,189,19,2025-02-24,Debit Card,Processing,186.23
8397,418,16,2024-10-08,Cash,Delivered,228.92
8398,772,20,2025-07-04,Cash,Delivered,236.13
8399,385,3,2024-08-08,Debit Card,Delivered,79.74
8400,477,2,2025-10-19,Net Banking,Delivered,91.66
8401,386,2,2024-08-31,Credit Card,Delivered,79.41
8402,739,11,2024-05-04,Cash,Delivered,192.05
8403,71,16,2025-03-07,Credit Card,Delivered,163.42
8404,329,20,2024-10-25,Net Banking,Delivered,188.62
8405,201,18,2025-04-10,Credit Card,Delivered,80.79
8406,160,3,2025-05-29,Debit Card,Delivered,164.74
8407,191,6,2024-06-18,Net Banking,Processing,81.33
8408,202,17,2024-03-25,Debit Card,Delivered,74.3
8409,616,1,2024-12-11,Cash,Delivered,183.14
8410,883,10,2025-08-17,UPI,Processing,184.36
8411,307,3,2024-10-11,Credit Card,Delivered,234.13
8412,605,5,2024-07-08,Debit Card,Processing,121.45
8413,27,17,2025-11-22,Net Banking,Delivered,188.31
8414,660,12,2025-12-15,UPI,Delivered,230.86
8415,989,20,2025-12-11,Credit Card,Delivered,240.44
8416,116,12,2024-10-12,Credit Card,Processing,156.09
8417,213,17,2024-08-27,Cash,Delivered,238.09
8418,807,20,2025-01-08,UPI,Shipped,209.39
8419,23,11,2025-09-16,Credit Card,Shipped,161.65
8420,349,18,2024-10-01,Cash,Delivered,112.57
8421,717,6,2025-06-04,Debit Card,Processing,140.17
8422,187,7,2024-08-18,UPI,Delivered,40.94
8423,895,3,2025-03-07,Net Banking,Delivered,210.81
8424,846,10,2025-05-30,Cash,Delivered,99.88
8425,772,12,2025-10-07,Credit Card,Shipped,60.57
8426,256,12,2025-07-14,Cash,Processing,48.68
8427,790,13,2025-10-15,Net Banking,Delivered,216.06
8428,865,1,2025-04-14,Credit Card,Delivered,67.34
8429,378,9,2025-11-30,UPI,Shipped,196.66
8430,914,12,2024-03-04,Debit Card,Shipped,77.37
8431,74,5,2024-11-06,Cash,Delivered,133.6
8432,520,1,2025-10-22,Net Banking,Processing,239.43
8433,583,13,2024-11-16,Debit Card,Delivered,92.15
8434,842,9,2025-03-10,Credit Card,Processing,216.9
8435,778,7,2024-11-28,Credit Card,Delivered,107.24
8436,144,14,2024-08-18,UPI,Delivered,86.34
8437,713,7,2024-03-01,Cash,Delivered,71.36
8438,273,7,2025-12-29,UPI,Delivered,53.64
8439,864,14,2025-11-23,Net Banking,Delivered,231.17
8440,936,12,2025-09-25,Credit Card,Shipped,239.12
8441,168,12,2024-07-09,Credit Card,Shipped,201.98
8442,601,15,2024-10-09,Debit Card,Delivered,137.34
8443,449,13,2025-03-21,Debit Card,Delivered,146.32
8444,959,8,2025-10-04,UPI,Delivered,178.4
8445,472,17,2024-01-31,UPI,Shipped,193.66
8446,112,5,2024-02-07,Debit Card,Returned,243.69
8447,790,1,2025-06-20,Debit Card,Delivered,174.44
8448,108,4,2024-05-11,Net Banking,Delivered,190.46
8449,21,1,2025-10-30,Debit Card,Delivered,54.61
8450,674,2,2024-02-25,Cash,Delivered,80.39
8451,750,10,2024-03-14,Net Banking,Delivered,46.46
8452,616,7,2025-08-05,UPI,Shipped,126.99
8453,910,9,2024-02-27,UPI,Delivered,52.39
8454,688,9,2024-02-11,Credit Card,Delivered,208.15
8455,805,1,2025-01-14,Credit Card,Delivered,192.87
8456,467,18,2025-06-09,Debit Card,Delivered,127.2
8457,456,12,2025-03-16,UPI,Delivered,95.62
8458,354,3,2024-08-21,Debit Card,Delivered,159.03
8459,273,5,2024-05-03,Cash,Delivered,183.91
8460,351,8,2024-03-07,Net Banking,Delivered,61.99
8461,126,4,2024-12-08,UPI,Cancelled,131.23
8462,867,4,2025-04-27,Debit Card,Delivered,117.65
8463,270,4,2024-07-16,UPI,Delivered,175.9
8464,987,11,2025-03-07,UPI,Delivered,240.29
8465,192,11,2025-05-25,Debit Card,Delivered,218.37
8466,509,7,2024-02-06,Cash,Processing,79.25
8467,450,5,2024-01-08,Debit Card,Shipped,154.61
8468,329,6,2024-11-09,Debit Card,Cancelled,155.25
8469,737,2,2025-03-23,Net Banking,Delivered,164.53
8470,785,8,2024-11-21,Credit Card,Delivered,60.82
8471,945,19,2024-01-16,Net Banking,Delivered,204.25
8472,101,9,2025-08-27,UPI,Delivered,164.97
8473,518,4,2025-11-30,Credit Card,Processing,220.9
8474,965,4,2025-04-07,Net Banking,Delivered,187.17
8475,190,17,2025-10-20,Net Banking,Delivered,228.71
8476,344,19,2024-03-19,Debit Card,Delivered,208.11
8477,652,7,2024-09-28,Debit Card,Shipped,212.37
8478,415,14,2024-06-01,Debit Card,Delivered,140.63
8479,960,14,2025-06-29,Net Banking,Processing,216.37
8480,562,3,2024-10-12,UPI,Delivered,54.71
8481,580,5,2024-06-24,Cash,Delivered,96.93
8482,754,14,2024-01-20,Cash,Delivered,169.68
8483,680,13,2024-08-27,Cash,Delivered,54.0
8484,4,17,2025-05-20,Credit Card,Delivered,51.3
8485,812,8,2025-09-16,Debit Card,Delivered,185.87
8486,196,4,2024-08-12,Debit Card,Delivered,77.47
8487,185,8,2025-07-29,Cash,Delivered,214.01
8488,659,6,2025-01-31,UPI,Delivered,213.52
8489,604,11,2024-06-03,UPI,Delivered,120.08
8490,60,18,2025-02-14,Cash,Returned,128.89
8491,90,1,2024-04-23,Net Banking,Delivered,181.42
8492,28,19,2025-10-01,Credit Card,Delivered,181.04
8493,401,16,2025-05-03,Credit Card,Shipped,44.33
8494,428,8,2025-06-25,Credit Card,Delivered,162.48
8495,994,12,2025-10-25,UPI,Delivered,187.46
8496,506,14,2025-10-20,UPI,Shipped,111.48
8497,539,1,2024-01-21,UPI,Delivered,233.51
8498,624,2,2025-11-26,Net Banking,Delivered,127.38
8499,192,12,2025-09-28,UPI,Delivered,164.01
8500,850,2,2025-06-01,Debit Card,Returned,242.31
8501,951,10,2025-03-17,Debit Card,Shipped,162.86
8502,794,3,2024-10-21,Credit Card,Delivered,127.73
8503,50,12,2025-02-05,UPI,Delivered,165.21
8504,625,2,2025-08-21,Cash,Delivered,162.06
8505,517,4,2025-10-07,Debit Card,Delivered,152.69
8506,506,17,2025-02-26,Debit Card,Delivered,89.77
8507,461,15,2024-04-05,Debit Card,Delivered,240.69
8508,998,4,2024-04-05,Cash,Delivered,109.9
8509,993,2,2024-01-24,Debit Card,Delivered,143.68
8510,892,7,2025-10-19,UPI,Delivered,133.61
8511,963,5,2025-10-22,Credit Card,Delivered,51.01
8512,254,18,2025-07-05,Cash,Delivered,81.54
8513,61,7,2025-08-20,Cash,Delivered,156.6
8514,871,12,2025-03-28,Cash,Delivered,117.12
8515,791,11,2024-07-27,UPI,Processing,92.15
8516,716,16,2025-11-08,Debit Card,Delivered,236.16
8517,2,17,2025-05-23,UPI,Delivered,136.22
8518,781,1,2024-02-15,Credit Card,Delivered,58.69
8519,119,1,2024-01-03,Credit Card,Delivered,208.46
8520,515,5,2024-01-06,Credit Card,Delivered,60.34
8521,10,20,2025-02-18,Net Banking,Delivered,137.45
8522,722,17,2025-05-15,Net Banking,Processing,114.24
8523,409,3,2025-02-14,Net Banking,Delivered,224.81
8524,320,9,2024-09-23,Net Banking,Delivered,86.91
8525,296,13,2025-08-27,UPI,Delivered,175.84
8526,707,6,2024-05-08,Cash,Delivered,225.12
8527,442,4,2024-05-15,UPI,Delivered,203.91
8528,174,13,2024-02-08,UPI,Shipped,77.82
8529,310,14,2025-10-27,Debit Card,Shipped,162.79
8530,725,17,2024-04-03,Net Banking,Delivered,153.6
8531,925,9,2025-02-14,Net Banking,Delivered,85.62
8532,685,19,2024-07-15,Cash,Returned,113.98
8533,987,3,2025-09-13,Net Banking,Delivered,88.99
8534,570,15,2024-10-28,Cash,Delivered,174.19
8535,262,8,2024-11-06,Credit Card,Delivered,201.33
8536,387,2,2024-08-25,Net Banking,Returned,53.01
8537,449,11,2024-12-03,Credit Card,Shipped,138.25
8538,454,13,2024-11-09,Credit Card,Delivered,190.22
8539,262,6,2025-10-31,Net Banking,Delivered,73.27
8540,170,16,2025-08-30,Net Banking,Cancelled,111.8
8541,303,13,2024-07-26,UPI,Delivered,205.79
8542,115,14,2024-06-12,Cash,Delivered,40.95
8543,954,20,2025-06-19,Cash,Delivered,44.14
8544,895,11,2025-03-13,Net Banking,Processing,133.61
8545,164,10,2025-11-24,Credit Card,Shipped,217.98
8546,566,5,2025-01-04,Net Banking,Delivered,211.78
8547,720,2,2024-09-13,Debit Card,Shipped,171.46
8548,706,8,2024-01-19,Net Banking,Delivered,80.66
8549,765,9,2024-07-22,Cash,Returned,247.92
8550,774,1,2025-09-09,Net Banking,Delivered,94.07
8551,544,13,2025-09-13,UPI,Delivered,189.34
8552,231,6,2024-12-04,Net Banking,Shipped,86.82
8553,353,7,2024-03-19,UPI,Delivered,137.92
8554,818,4,2025-09-07,Net Banking,Delivered,101.21
8555,713,16,2025-06-23,Net Banking,Delivered,44.8
8556,64,17,2025-01-02,Credit Card,Cancelled,90.14
8557,829,11,2024-10-10,UPI,Delivered,150.84
8558,662,9,2025-09-09,Debit Card,Delivered,58.26
8559,205,16,2024-08-01,Net Banking,Delivered,103.91
8560,771,10,2025-05-18,Credit Card,Processing,44.96
8561,228,17,2024-11-11,Credit Card,Delivered,82.0
8562,846,2,2024-12-30,UPI,Delivered,129.84
8563,888,11,2025-04-02,Debit Card,Delivered,203.23
8564,996,11,2024-07-13,Cash,Shipped,218.56
8565,915,13,2025-10-09,UPI,Delivered,122.42
8566,214,7,2025-04-08,Cash,Delivered,77.96
8567,484,9,2024-09-16,UPI,Returned,200.54
8568,851,14,2024-04-05,Credit Card,Delivered,106.36
8569,726,3,2025-03-01,Debit Card,Delivered,201.56
8570,161,9,2025-12-08,Credit Card,Delivered,154.59
8571,455,17,2024-03-17,Credit Card,Delivered,183.05
8572,486,7,2025-05-22,UPI,Shipped,54.35
8573,31,3,2025-02-04,Cash,Delivered,200.84
8574,387,10,2025-09-01,UPI,Processing,52.64
8575,159,11,2025-08-25,Cash,Delivered,205.91
8576,338,20,2025-11-24,Cash,Processing,133.68
8577,641,18,2024-09-12,Cash,Delivered,120.31
8578,1,5,2024-09-23,Credit Card,Delivered,249.46
8579,290,12,2024-05-04,UPI,Processing,134.86
8580,900,1,2025-11-05,Credit Card,Delivered,204.19
8581,839,12,2025-03-04,Cash,Returned,77.98
8582,936,13,2024-08-16,Cash,Delivered,77.54
8583,780,9,2025-01-13,Debit Card,Delivered,94.28
8584,798,10,2024-08-27,Net Banking,Delivered,147.14
8585,253,20,2025-08-09,Cash,Delivered,115.19
8586,409,10,2024-08-30,Credit Card,Delivered,50.31
8587,269,15,2025-08-15,UPI,Delivered,225.94
8588,887,13,2025-05-21,Debit Card,Delivered,188.83
8589,625,1,2024-07-24,UPI,Cancelled,193.0
8590,395,20,2025-04-24,Credit Card,Processing,53.11
8591,524,18,2024-09-02,Debit Card,Cancelled,70.82
8592,462,3,2025-06-15,Debit Card,Shipped,148.72
8593,668,9,2024-10-04,Credit Card,Delivered,212.82
8594,706,15,2025-09-26,Credit Card,Delivered,105.25
8595,823,9,2024-06-29,UPI,Delivered,228.37
8596,840,18,2024-09-22,UPI,Delivered,129.11
8597,395,20,2025-06-21,Net Banking,Delivered,49.82
8598,463,13,2025-12-30,Credit Card,Processing,216.55
8599,179,16,2025-11-03,Credit Card,Delivered,209.1
8600,115,12,2024-04-16,Cash,Delivered,80.64
8601,88,11,2025-07-03,Cash,Delivered,225.48
8602,67,16,2024-06-09,Credit Card,Delivered,139.48
8603,241,17,2024-03-28,Cash,Delivered,101.27
8604,656,7,2025-12-16,UPI,Delivered,217.13
8605,436,14,2025-02-11,UPI,Delivered,105.25
8606,677,13,2025-11-21,Net Banking,Shipped,149.77
8607,659,14,2025-08-14,Cash,Processing,122.59
8608,515,5,2024-03-18,Credit Card,Delivered,159.59
8609,646,6,2025-10-06,Credit Card,Delivered,125.01
8610,434,15,2025-07-19,UPI,Returned,135.73
8611,863,15,2025-02-05,UPI,Delivered,148.95
8612,368,15,2025-08-07,Net Banking,Delivered,135.78
8613,709,6,2025-01-14,Credit Card,Returned,249.28
8614,515,2,2025-09-03,UPI,Shipped,79.71
8615,229,15,2024-03-12,Credit Card,Delivered,96.57
8616,490,4,2024-10-19,UPI,Delivered,106.08
8617,879,6,2024-07-09,UPI,Delivered,213.6
8618,87,15,2024-12-07,UPI,Shipped,243.27
8619,843,1,2025-04-06,Cash,Delivered,177.16
8620,621,7,2025-11-14,UPI,Delivered,206.6
8621,924,10,2025-02-04,Debit Card,Delivered,81.25
8622,912,10,2025-02-13,Credit Card,Delivered,247.42
8623,985,12,2024-08-16,Credit Card,Delivered,232.83
8624,835,3,2024-06-28,UPI,Delivered,110.83
8625,715,13,2024-11-03,Cash,Delivered,219.72
8626,300,19,2024-03-11,Net Banking,Delivered,115.21
8627,782,15,2025-08-07,Cash,Delivered,60.01
8628,2,12,2025-05-06,Cash,Delivered,192.37
8629,566,7,2025-01-13,Credit Card,Delivered,228.78
8630,338,10,2024-08-09,Debit Card,Delivered,232.03
8631,805,13,2024-07-16,Cash,Delivered,148.28
8632,448,17,2024-08-23,Cash,Delivered,172.87
8633,686,10,2024-11-03,Debit Card,Processing,146.63
8634,32,13,2024-04-29,Credit Card,Shipped,204.64
8635,780,7,2025-04-04,Net Banking,Delivered,45.7
8636,804,1,2025-12-27,Debit Card,Delivered,248.37
8637,151,20,2024-10-28,Net Banking,Processing,198.83
8638,629,6,2024-04-01,Debit Card,Delivered,240.97
8639,780,11,2025-10-19,UPI,Delivered,179.38
8640,922,6,2025-07-08,UPI,Delivered,194.95
8641,492,5,2025-05-29,UPI,Delivered,235.52
8642,524,5,2024-08-08,Net Banking,Delivered,80.31
8643,902,2,2025-09-02,UPI,Delivered,40.54
8644,974,12,2025-11-13,Net Banking,Delivered,102.59
8645,81,14,2025-03-12,Net Banking,Returned,52.79
8646,398,17,2025-10-05,UPI,Returned,48.01
8647,7,11,2024-02-01,Debit Card,Processing,149.37
8648,824,7,2024-03-22,UPI,Processing,229.57
8649,940,8,2024-08-04,Cash,Delivered,115.12
8650,201,6,2024-09-25,UPI,Shipped,62.62
8651,273,19,2024-12-18,Debit Card,Delivered,195.22
8652,639,5,2025-10-24,Net Banking,Delivered,183.51
8653,754,4,2025-09-01,Net Banking,Delivered,248.15
8654,819,2,2025-09-28,Net Banking,Processing,89.34
8655,68,16,2024-10-26,Cash,Delivered,186.87
8656,19,12,2024-05-11,Net Banking,Delivered,173.24
8657,26,19,2025-02-11,UPI,Processing,247.28
8658,845,17,2025-03-06,UPI,Delivered,57.25
8659,222,14,2025-11-08,UPI,Delivered,101.32
8660,307,12,2025-09-15,Credit Card,Delivered,227.92
8661,213,5,2025-05-19,UPI,Delivered,162.51
8662,969,4,2024-02-04,Debit Card,Delivered,82.31
8663,998,1,2025-10-07,Debit Card,Delivered,206.82
8664,989,14,2024-12-18,Credit Card,Cancelled,182.2
8665,560,18,2025-07-28,Net Banking,Delivered,207.89
8666,508,2,2025-09-02,Debit Card,Delivered,155.79
8667,339,11,2025-12-18,Debit Card,Returned,60.43
8668,584,7,2025-02-18,Credit Card,Shipped,46.63
8669,914,15,2024-12-06,Debit Card,Delivered,231.45
8670,210,12,2025-08-02,Credit Card,Delivered,171.62
8671,526,19,2024-08-28,UPI,Delivered,211.01
8672,510,15,2025-02-13,UPI,Delivered,182.4
8673,159,3,2025-01-03,Net Banking,Cancelled,109.78
8674,871,13,2025-05-31,Net Banking,Processing,49.0
8675,194,20,2025-12-12,Debit Card,Delivered,42.94
8676,694,17,2025-06-11,Net Banking,Returned,108.58
8677,849,11,2025-07-06,Cash,Delivered,81.98
8678,47,7,2025-07-11,Cash,Delivered,134.96
8679,770,3,2024-07-30,Credit Card,Delivered,243.1
8680,420,19,2025-07-22,Debit Card,Delivered,83.1
8681,468,9,2024-03-04,Net Banking,Delivered,155.76
8682,263,1,2024-07-12,Net Banking,Delivered,177.3
8683,15,11,2024-10-07,UPI,Shipped,156.25
8684,728,13,2024-09-05,UPI,Delivered,47.03
8685,992,9,2024-02-08,Net Banking,Processing,103.93
8686,112,5,2025-11-03,Credit Card,Delivered,146.33
8687,9,19,2024-04-16,Debit Card,Delivered,74.74
8688,906,8,2024-11-30,Net Banking,Delivered,107.87
8689,442,3,2025-01-04,Debit Card,Delivered,236.72
8690,985,19,2025-11-10,Net Banking,Delivered,53.16
8691,627,7,2024-02-29,Credit Card,Delivered,70.59
8692,111,16,2024-09-18,Cash,Delivered,60.21
8693,528,8,2024-11-11,Credit Card,Delivered,187.72
8694,416,11,2025-09-05,Credit Card,Cancelled,126.38
8695,135,4,2024-03-19,Cash,Processing,126.72
8696,306,17,2025-07-31,UPI,Cancelled,217.52
8697,2,3,2024-03-02,UPI,Delivered,83.48
8698,24,4,2025-12-13,Cash,Delivered,213.37
8699,378,13,2024-12-11,Cash,Cancelled,79.22
8700,745,7,2025-07-15,Cash,Delivered,60.88
8701,315,10,2024-09-03,Cash,Processing,76.8
8702,24,16,2025-06-01,Debit Card,Delivered,175.06
8703,205,17,2024-11-17,Net Banking,Shipped,42.86
8704,377,1,2025-09-20,Net Banking,Shipped,233.22
8705,166,17,2024-10-03,UPI,Delivered,88.6
8706,340,15,2024-06-05,Cash,Delivered,45.52
8707,503,6,2025-05-28,Cash,Delivered,234.11
8708,853,12,2024-02-21,Net Banking,Delivered,241.07
8709,759,15,2024-12-24,Net Banking,Delivered,215.83
8710,383,11,2024-03-27,Debit Card,Delivered,105.52
8711,736,12,2024-12-31,Credit Card,Delivered,93.76
8712,326,5,2025-10-03,Credit Card,Delivered,81.63
8713,313,5,2025-07-18,Debit Card,Shipped,140.7
8714,687,6,2025-10-20,Net Banking,Delivered,179.26
8715,913,5,2024-01-24,Net Banking,Delivered,235.13
8716,394,11,2024-06-25,UPI,Delivered,91.23
8717,150,2,2024-09-26,Debit Card,Delivered,216.61
8718,772,4,2025-06-12,Credit Card,Delivered,116.21
8719,141,12,2025-01-23,Credit Card,Delivered,52.7
8720,288,3,2024-05-21,Credit Card,Delivered,64.27
8721,68,10,2024-08-03,Cash,Delivered,104.56
8722,289,8,2024-03-26,Cash,Delivered,145.46
8723,29,12,2025-11-24,Debit Card,Delivered,169.6
8724,913,16,2024-05-16,Cash,Delivered,178.72
8725,55,10,2025-03-13,Net Banking,Delivered,170.82
8726,485,20,2025-10-28,Net Banking,Shipped,148.81
8727,713,6,2025-04-05,Debit Card,Delivered,164.25
8728,799,10,2025-10-25,UPI,Delivered,113.01
8729,708,14,2025-04-03,Debit Card,Delivered,119.87
8730,718,15,2024-06-20,Cash,Delivered,158.59
8731,27,2,2025-06-02,Cash,Delivered,62.25
8732,512,11,2024-10-16,UPI,Delivered,204.0
8733,189,5,2025-10-12,UPI,Delivered,70.25
8734,835,1,2025-05-10,Debit Card,Delivered,240.81
8735,955,19,2025-01-13,Credit Card,Delivered,190.72
8736,216,18,2024-05-21,UPI,Processing,88.78
8737,417,3,2024-04-24,Cash,Returned,195.12
8738,901,16,2025-09-28,Debit Card,Delivered,231.36
8739,597,16,2025-02-27,UPI,Delivered,63.52
8740,827,19,2025-06-23,Debit Card,Processing,206.28
8741,379,16,2024-04-30,Net Banking,Cancelled,66.96
8742,62,7,2025-08-19,Cash,Delivered,175.91
8743,411,1,2025-06-12,Credit Card,Delivered,67.35
8744,891,6,2025-02-16,Debit Card,Delivered,146.99
8745,729,13,2024-10-19,Net Banking,Processing,133.66
8746,473,18,2024-10-14,Cash,Delivered,45.42
8747,24,12,2025-11-17,Cash,Delivered,54.17
8748,542,9,2025-05-24,Debit Card,Delivered,52.69
8749,846,9,2025-05-14,Net Banking,Delivered,75.7
8750,960,8,2024-11-10,Cash,Delivered,83.03
8751,439,2,2025-02-03,Debit Card,Delivered,198.71
8752,120,4,2025-04-14,Net Banking,Delivered,125.49
8753,173,16,2025-06-22,Cash,Delivered,102.13
8754,475,10,2025-04-01,Net Banking,Delivered,244.2
8755,384,5,2024-10-25,Cash,Processing,185.24
8756,658,4,2024-09-05,Net Banking,Processing,229.76
8757,326,14,2024-04-17,Cash,Delivered,99.83
8758,811,11,2024-08-06,Debit Card,Delivered,223.64
8759,352,15,2024-12-26,Net Banking,Delivered,209.5
8760,616,2,2025-04-16,Cash,Processing,174.81
8761,647,12,2024-11-12,Debit Card,Returned,45.63
8762,73,16,2024-01-21,Credit Card,Delivered,234.9
8763,155,16,2024-04-16,Credit Card,Returned,163.43
8764,654,6,2024-04-21,Net Banking,Delivered,115.05
8765,708,5,2025-04-03,Debit Card,Delivered,116.87
8766,938,6,2025-10-23,Debit Card,Processing,61.97
8767,296,18,2025-04-25,Debit Card,Delivered,72.76
8768,414,10,2025-10-27,Credit Card,Shipped,197.26
8769,449,10,2024-08-09,Credit Card,Delivered,68.4
8770,25,6,2024-06-06,Credit Card,Delivered,55.3
8771,300,19,2025-03-04,Cash,Delivered,74.01
8772,161,2,2024-12-14,UPI,Shipped,147.85
8773,49,20,2025-03-05,Cash,Delivered,88.69
8774,383,2,2024-06-23,UPI,Delivered,248.18
8775,753,19,2024-04-30,Debit Card,Delivered,216.29
8776,200,6,2025-09-29,UPI,Delivered,40.22
8777,43,13,2024-12-21,Net Banking,Delivered,171.96
8778,739,11,2025-11-20,Net Banking,Delivered,97.23
8779,130,7,2024-12-25,Cash,Delivered,230.46
8780,106,1,2024-03-14,UPI,Shipped,182.26
8781,551,19,2024-02-03,Cash,Delivered,196.82
8782,60,14,2024-10-31,Credit Card,Delivered,79.17
8783,123,15,2025-01-06,Debit Card,Delivered,119.02
8784,812,6,2025-08-27,Net Banking,Delivered,110.84
8785,363,8,2025-03-16,UPI,Cancelled,182.54
8786,277,6,2024-08-04,Credit Card,Delivered,213.63
8787,223,3,2024-10-20,UPI,Cancelled,136.06
8788,147,18,2024-06-18,Cash,Delivered,235.55
8789,892,11,2025-09-03,Net Banking,Delivered,194.11
8790,955,10,2025-05-13,Credit Card,Delivered,123.48
8791,498,13,2024-03-25,Cash,Delivered,151.26
8792,928,17,2024-08-06,Net Banking,Delivered,61.8
8793,34,12,2024-07-30,Credit Card,Delivered,161.91
8794,543,8,2024-07-31,Debit Card,Cancelled,74.52
8795,477,16,2024-08-03,Debit Card,Delivered,100.17
8796,822,1,2025-06-20,Cash,Delivered,172.13
8797,286,18,2024-09-27,Net Banking,Delivered,92.57
8798,286,4,2024-02-05,Credit Card,Delivered,123.16
8799,333,10,2025-01-10,Credit Card,Delivered,92.0
8800,603,19,2025-11-05,Cash,Delivered,65.36
8801,687,13,2024-10-31,UPI,Shipped,168.66
8802,320,16,2024-02-05,Cash,Delivered,71.25
8803,878,14,2025-09-17,Debit Card,Delivered,57.33
8804,776,9,2024-02-15,Credit Card,Delivered,222.04
8805,633,14,2024-06-19,Cash,Cancelled,46.91
8806,211,11,2024-01-11,Cash,Shipped,214.72
8807,973,15,2024-08-31,Credit Card,Returned,97.59
8808,275,11,2025-11-14,Cash,Delivered,152.83
8809,894,3,2024-12-31,UPI,Delivered,46.59
8810,328,13,2025-02-18,Credit Card,Delivered,79.09
8811,497,20,2025-02-17,UPI,Shipped,56.16
8812,521,11,2025-05-18,UPI,Delivered,166.58
8813,698,15,2024-06-24,Credit Card,Shipped,162.16
8814,612,10,2025-02-19,Credit Card,Shipped,67.46
8815,146,12,2025-09-13,Credit Card,Delivered,54.84
8816,339,16,2025-03-29,Cash,Delivered,125.1
8817,497,6,2025-11-26,Credit Card,Delivered,221.19
8818,861,17,2025-01-07,Net Banking,Returned,224.08
8819,444,1,2025-03-22,Cash,Delivered,85.42
8820,290,2,2025-11-09,Net Banking,Delivered,210.86
8821,484,17,2024-07-18,Credit Card,Delivered,173.46
8822,854,19,2024-12-26,Credit Card,Processing,127.08
8823,392,17,2025-02-19,UPI,Delivered,44.65
8824,379,14,2025-08-25,Debit Card,Delivered,45.3
8825,832,5,2024-07-09,Cash,Returned,42.84
8826,709,14,2024-07-25,UPI,Delivered,223.48
8827,160,18,2025-09-25,UPI,Delivered,86.64
8828,272,5,2024-03-30,UPI,Delivered,139.18
8829,844,6,2025-04-05,Cash,Processing,87.81
8830,647,5,2024-06-28,Cash,Returned,187.71
8831,286,19,2025-09-29,Debit Card,Delivered,144.74
8832,760,5,2025-03-02,Net Banking,Delivered,193.07
8833,963,13,2024-09-09,Net Banking,Processing,147.26
8834,771,10,2024-05-24,UPI,Delivered,76.51
8835,88,20,2025-06-11,Debit Card,Delivered,62.01
8836,427,3,2025-11-14,Net Banking,Delivered,207.88
8837,615,18,2024-02-01,Net Banking,Shipped,95.18
8838,213,8,2025-10-01,Cash,Shipped,131.89
8839,797,10,2024-10-02,Debit Card,Processing,78.99
8840,617,9,2025-01-03,Credit Card,Delivered,88.84
8841,707,16,2024-05-17,Credit Card,Delivered,71.02
8842,357,8,2024-11-18,Credit Card,Delivered,203.2
8843,634,19,2025-02-05,Credit Card,Shipped,79.04
8844,260,12,2025-03-29,UPI,Delivered,179.67
8845,835,3,2024-12-12,Cash,Delivered,123.79
8846,854,19,2024-10-30,Debit Card,Processing,87.19
8847,436,14,2025-08-18,UPI,Cancelled,239.58
8848,332,5,2025-04-20,Net Banking,Delivered,196.21
8849,68,3,2025-05-05,Net Banking,Delivered,231.64
8850,675,1,2024-05-17,Cash,Delivered,194.73
8851,597,3,2024-05-01,Net Banking,Delivered,123.92
8852,882,2,2025-01-08,Cash,Cancelled,130.85
8853,681,17,2025-12-12,Debit Card,Returned,205.43
8854,470,14,2025-01-22,Debit Card,Delivered,169.92
8855,78,20,2025-08-17,Cash,Returned,126.62
8856,416,2,2025-03-29,Credit Card,Delivered,119.43
8857,586,19,2024-11-09,Debit Card,Delivered,217.98
8858,462,1,2024-08-28,Debit Card,Delivered,182.77
8859,304,20,2024-06-07,UPI,Processing,72.62
8860,123,16,2024-07-21,Cash,Delivered,97.03
8861,152,6,2024-10-06,Credit Card,Delivered,79.05
8862,135,4,2024-11-04,Net Banking,Processing,80.28
8863,95,19,2025-06-09,UPI,Cancelled,94.05
8864,107,15,2024-07-27,Debit Card,Delivered,178.94
8865,951,12,2025-08-28,Net Banking,Delivered,157.5
8866,519,7,2024-01-16,Credit Card,Delivered,61.24
8867,322,7,2024-11-01,Debit Card,Delivered,85.69
8868,437,7,2025-10-27,Debit Card,Returned,53.74
8869,987,3,2025-03-26,Net Banking,Delivered,172.89
8870,916,13,2024-03-07,Credit Card,Cancelled,81.08
8871,268,15,2024-12-22,UPI,Shipped,223.04
8872,249,17,2024-08-04,Credit Card,Delivered,62.63
8873,558,19,2025-02-24,Credit Card,Delivered,70.89
8874,946,18,2025-02-11,Credit Card,Delivered,175.44
8875,350,18,2024-09-17,UPI,Delivered,147.57
8876,355,15,2024-11-06,UPI,Delivered,127.7
8877,103,19,2025-12-04,Net Banking,Returned,129.72
8878,379,10,2024-06-29,Net Banking,Delivered,62.42
8879,330,8,2024-11-05,Cash,Delivered,82.06
8880,990,14,2025-06-13,UPI,Shipped,127.0
8881,298,13,2025-12-09,UPI,Delivered,130.16
8882,327,9,2024-01-12,Credit Card,Delivered,183.21
8883,771,8,2025-05-10,Cash,Delivered,66.68
8884,266,16,2025-12-18,UPI,Delivered,198.11
8885,987,8,2025-01-18,UPI,Delivered,135.22
8886,835,20,2025-06-25,Debit Card,Processing,179.24
8887,637,15,2025-02-01,Credit Card,Returned,129.5
8888,875,2,2024-05-24,Debit Card,Delivered,130.31
8889,201,3,2025-09-19,Net Banking,Shipped,62.2
8890,911,15,2025-01-21,Net Banking,Cancelled,172.89
8891,762,18,2024-11-17,Cash,Delivered,143.19
8892,15,4,2024-09-21,Net Banking,Processing,174.02
8893,253,4,2024-12-18,Cash,Returned,108.5
8894,267,13,2024-01-02,UPI,Delivered,101.94
8895,555,9,2024-08-27,UPI,Delivered,223.34
8896,866,13,2024-05-08,Cash,Delivered,112.6
8897,839,19,2025-03-04,UPI,Delivered,58.69
8898,365,2,2024-05-12,Net Banking,Delivered,81.29
8899,749,2,2025-11-24,Credit Card,Delivered,175.73
8900,520,17,2024-06-13,Credit Card,Delivered,237.52
8901,633,20,2024-06-01,Cash,Delivered,85.4
8902,208,12,2024-11-12,Net Banking,Delivered,180.94
8903,593,4,2025-09-24,Net Banking,Delivered,202.8
8904,254,17,2025-02-23,Debit Card,Delivered,122.28
8905,590,5,2025-11-04,Credit Card,Delivered,175.9
8906,233,16,2024-10-03,Cash,Delivered,125.1
8907,510,4,2025-05-29,UPI,Delivered,64.33
8908,380,7,2025-03-23,Debit Card,Delivered,109.9
8909,621,9,2024-07-18,Debit Card,Processing,129.25
8910,534,20,2025-08-04,Debit Card,Delivered,178.04
8911,270,18,2025-09-13,Cash,Delivered,208.44
8912,588,15,2025-09-13,Credit Card,Delivered,108.31
8913,284,4,2025-10-04,Cash,Delivered,187.17
8914,307,8,2025-09-23,UPI,Delivered,158.85
8915,270,6,2024-05-01,UPI,Delivered,105.1
8916,594,13,2024-02-03,Cash,Processing,70.88
8917,564,12,2024-05-26,Cash,Delivered,104.94
8918,163,16,2025-01-13,Cash,Returned,205.96
8919,378,9,2024-07-24,Cash,Delivered,236.12
8920,52,15,2024-08-25,Cash,Delivered,167.61
8921,79,1,2024-11-24,Net Banking,Delivered,187.84
8922,785,4,2024-12-28,Net Banking,Processing,44.85
8923,847,8,2024-06-22,Debit Card,Returned,125.71
8924,744,2,2025-01-06,Debit Card,Delivered,195.49
8925,52,17,2025-05-26,Credit Card,Delivered,69.22
8926,147,11,2025-08-24,UPI,Shipped,84.23
8927,5,6,2024-01-30,Net Banking,Delivered,49.4
8928,312,15,2024-04-05,Debit Card,Cancelled,214.08
8929,181,20,2025-04-01,Net Banking,Delivered,112.96
8930,330,5,2025-01-14,Credit Card,Delivered,79.44
8931,29,9,2025-09-24,Net Banking,Returned,143.85
8932,720,10,2025-05-06,Debit Card,Delivered,154.28
8933,140,13,2024-10-17,Credit Card,Delivered,212.9
8934,796,18,2024-09-08,Net Banking,Processing,225.71
8935,351,3,2025-02-28,Net Banking,Cancelled,83.51
8936,575,7,2024-10-24,UPI,Delivered,101.86
8937,43,4,2024-08-01,Cash,Shipped,125.17
8938,678,9,2024-09-17,Net Banking,Delivered,116.89
8939,249,10,2025-08-02,UPI,Returned,183.4
8940,200,7,2025-10-02,Debit Card,Shipped,176.8
8941,646,2,2025-12-26,Cash,Delivered,191.14
8942,852,4,2024-06-04,Net Banking,Delivered,208.18
8943,18,14,2025-11-17,Credit Card,Delivered,241.93
8944,541,13,2024-03-09,Cash,Returned,179.82
8945,692,3,2024-04-26,UPI,Delivered,239.12
8946,158,8,2024-03-03,Net Banking,Delivered,226.34
8947,697,16,2025-08-14,UPI,Shipped,69.49
8948,813,12,2025-11-17,Cash,Delivered,106.46
8949,434,10,2025-01-01,Debit Card,Delivered,229.74
8950,672,7,2025-09-12,Debit Card,Delivered,203.86
8951,190,17,2025-12-11,Cash,Delivered,245.75
8952,402,6,2025-12-19,Debit Card,Processing,179.35
8953,515,9,2024-08-25,Net Banking,Delivered,87.35
8954,649,12,2025-05-01,Net Banking,Delivered,107.36
8955,46,20,2025-09-13,UPI,Delivered,170.64
8956,786,16,2025-01-08,Credit Card,Delivered,119.02
8957,630,11,2024-09-04,Credit Card,Delivered,174.22
8958,26,13,2024-04-01,Cash,Delivered,84.74
8959,189,15,2025-06-16,Cash,Returned,107.19
8960,971,10,2024-08-09,Net Banking,Delivered,220.41
8961,308,19,2025-12-09,Cash,Delivered,169.3
8962,176,8,2025-12-22,Net Banking,Delivered,112.47
8963,757,6,2024-12-05,UPI,Delivered,182.82
8964,650,12,2024-04-24,Debit Card,Delivered,104.72
8965,504,20,2024-11-13,Credit Card,Delivered,96.92
8966,108,18,2025-01-10,Cash,Delivered,79.64
8967,175,4,2024-05-17,Cash,Delivered,169.22
8968,138,12,2024-02-25,Debit Card,Shipped,171.69
8969,247,19,2025-06-26,UPI,Delivered,246.83
8970,7,9,2024-06-29,UPI,Shipped,88.21
8971,135,17,2025-05-13,UPI,Delivered,71.54
8972,465,6,2025-09-03,Net Banking,Delivered,214.85
8973,366,4,2024-11-30,Credit Card,Delivered,137.29
8974,58,16,2025-10-21,Net Banking,Delivered,234.66
8975,763,7,2025-11-01,Credit Card,Shipped,207.32
8976,358,4,2024-06-11,Cash,Delivered,131.75
8977,638,20,2025-06-29,Credit Card,Delivered,74.49
8978,428,6,2024-10-19,UPI,Processing,84.96
8979,591,12,2025-01-08,Net Banking,Delivered,170.74
8980,986,13,2025-01-11,Debit Card,Delivered,53.43
8981,613,11,2024-06-24,Net Banking,Delivered,228.2
8982,312,10,2025-08-03,UPI,Shipped,144.68
8983,780,15,2024-08-01,Cash,Processing,198.61
8984,929,6,2025-07-22,Debit Card,Returned,236.39
8985,363,18,2025-06-04,Cash,Cancelled,248.98
8986,428,19,2025-03-23,Debit Card,Processing,107.88
8987,498,1,2025-05-23,Debit Card,Delivered,125.44
8988,964,2,2025-01-09,Cash,Delivered,193.24
8989,424,9,2025-08-18,Debit Card,Delivered,118.55
8990,6,11,2025-10-18,Net Banking,Delivered,249.52
8991,423,17,2024-12-05,Cash,Delivered,223.24
8992,269,13,2025-03-10,Net Banking,Delivered,114.99
8993,49,10,2025-07-12,Cash,Delivered,41.41
8994,400,8,2025-10-05,Net Banking,Shipped,211.97
8995,517,12,2024-07-06,UPI,Shipped,61.46
8996,782,15,2024-05-25,Debit Card,Delivered,207.71
8997,167,1,2025-10-16,Net Banking,Delivered,110.27
8998,189,8,2024-04-22,Net Banking,Delivered,161.98
8999,739,10,2025-11-19,Debit Card,Delivered,120.27
9000,920,16,2024-05-17,Cash,Delivered,240.83
9001,909,10,2024-04-08,Net Banking,Delivered,163.92
9002,646,3,2025-04-27,Debit Card,Delivered,67.63
9003,971,11,2025-09-03,Debit Card,Delivered,209.15
9004,247,18,2025-09-04,Debit Card,Delivered,172.73
9005,340,17,2024-08-20,Debit Card,Delivered,171.74
9006,699,20,2025-09-09,UPI,Delivered,112.96
9007,945,20,2024-12-22,Debit Card,Delivered,155.53
9008,668,11,2025-04-29,UPI,Delivered,41.47
9009,46,3,2025-12-10,Net Banking,Delivered,180.15
9010,469,8,2025-08-11,UPI,Delivered,100.3
9011,434,8,2025-09-13,Credit Card,Delivered,45.35
9012,625,4,2025-07-09,UPI,Delivered,40.61
9013,770,11,2025-11-19,Net Banking,Shipped,173.37
9014,634,15,2024-04-14,Debit Card,Delivered,217.85
9015,632,16,2025-01-05,Debit Card,Shipped,83.67
9016,298,12,2025-11-19,Net Banking,Shipped,75.29
9017,734,10,2024-01-17,Credit Card,Delivered,146.87
9018,834,3,2024-10-28,Net Banking,Delivered,171.71
9019,329,9,2025-02-20,Net Banking,Delivered,137.69
9020,179,11,2025-03-29,Debit Card,Delivered,118.39
9021,343,4,2024-05-02,Net Banking,Delivered,83.06
9022,855,15,2025-01-13,Cash,Returned,246.28
9023,849,19,2025-03-29,Cash,Delivered,46.22
9024,412,3,2025-11-29,Cash,Delivered,63.68
9025,836,4,2025-01-08,Credit Card,Processing,95.14
9026,210,13,2025-07-23,Net Banking,Delivered,203.04
9027,603,12,2025-01-03,Net Banking,Returned,141.72
9028,710,14,2024-03-04,Net Banking,Delivered,67.59
9029,426,20,2024-05-19,UPI,Processing,121.62
9030,688,9,2025-11-19,Net Banking,Delivered,226.15
9031,661,6,2025-06-20,Cash,Delivered,44.08
9032,729,8,2024-06-22,Debit Card,Processing,178.18
9033,946,20,2024-01-28,Debit Card,Delivered,163.13
9034,598,4,2025-01-27,Debit Card,Returned,138.56
9035,268,20,2025-12-21,Debit Card,Processing,158.12
9036,677,14,2025-10-12,Credit Card,Delivered,115.29
9037,712,9,2025-06-08,Net Banking,Delivered,90.98
9038,754,16,2025-07-07,Net Banking,Delivered,40.57
9039,529,3,2025-07-28,UPI,Delivered,88.4
9040,625,11,2025-04-29,Credit Card,Delivered,59.69
9041,171,9,2024-08-28,UPI,Delivered,132.86
9042,477,4,2025-11-16,Credit Card,Delivered,141.88
9043,427,8,2025-09-08,Credit Card,Shipped,141.92
9044,662,2,2025-09-23,Net Banking,Shipped,80.32
9045,177,2,2024-06-25,Net Banking,Cancelled,78.02
9046,313,10,2024-02-25,Net Banking,Delivered,210.97
9047,883,11,2024-09-01,UPI,Delivered,148.13
9048,101,14,2025-07-29,Debit Card,Delivered,139.92
9049,821,10,2024-02-05,Credit Card,Delivered,111.55
9050,606,1,2025-09-29,UPI,Shipped,221.77
9051,524,10,2024-07-09,Credit Card,Delivered,200.62
9052,45,4,2025-05-25,Net Banking,Processing,177.23
9053,873,4,2024-08-16,Credit Card,Delivered,181.95
9054,264,2,2024-08-02,Credit Card,Returned,230.57
9055,757,16,2024-12-15,Net Banking,Delivered,188.51
9056,94,16,2025-10-16,Credit Card,Delivered,233.56
9057,118,8,2025-06-17,Cash,Delivered,199.61
9058,84,11,2024-02-18,Credit Card,Delivered,234.76
9059,632,14,2025-05-13,Net Banking,Delivered,100.43
9060,84,3,2024-06-28,Cash,Returned,41.83
9061,428,6,2024-02-24,UPI,Delivered,238.45
9062,275,1,2024-05-15,Cash,Processing,177.85
9063,292,11,2025-03-19,Credit Card,Delivered,213.91
9064,120,8,2024-05-10,Debit Card,Delivered,219.27
9065,246,9,2024-04-17,Debit Card,Cancelled,119.17
9066,904,19,2025-12-06,Debit Card,Delivered,67.84
9067,85,17,2025-07-30,Debit Card,Delivered,162.95
9068,263,12,2025-08-30,Debit Card,Delivered,191.51
9069,753,20,2024-10-11,Cash,Delivered,101.9
9070,675,2,2024-05-30,Debit Card,Delivered,205.25
9071,129,4,2024-11-09,Cash,Processing,126.5
9072,264,19,2025-08-05,UPI,Cancelled,210.79
9073,104,10,2024-11-29,Debit Card,Delivered,128.34
9074,497,10,2025-01-06,Net Banking,Delivered,101.41
9075,164,11,2024-11-21,Credit Card,Shipped,147.44
9076,547,13,2025-06-07,Debit Card,Delivered,221.56
9077,626,8,2025-07-27,UPI,Delivered,246.05
9078,951,18,2025-05-02,Debit Card,Delivered,89.9
9079,101,8,2025-09-02,Cash,Shipped,169.67
9080,349,9,2025-05-26,Net Banking,Delivered,85.08
9081,496,5,2025-05-11,Cash,Shipped,249.71
9082,856,5,2024-09-14,Credit Card,Delivered,74.48
9083,994,1,2024-11-20,Credit Card,Processing,182.25
9084,776,4,2024-10-08,Credit Card,Delivered,68.86
9085,999,15,2024-08-23,Credit Card,Delivered,102.48
9086,614,16,2024-03-11,Debit Card,Delivered,140.28
9087,54,14,2025-11-21,Credit Card,Delivered,165.11
9088,571,18,2025-09-10,Cash,Cancelled,84.04
9089,164,4,2025-01-16,UPI,Delivered,232.37
9090,991,15,2024-07-12,Debit Card,Delivered,235.06
9091,993,14,2024-07-02,Credit Card,Delivered,58.4
9092,288,12,2025-09-10,UPI,Shipped,156.92
9093,784,17,2024-12-20,Net Banking,Shipped,161.47
9094,685,3,2025-12-28,Net Banking,Delivered,60.94
9095,636,9,2025-09-08,Credit Card,Delivered,144.35
9096,574,8,2025-12-28,Debit Card,Delivered,174.93
9097,262,7,2025-02-25,Credit Card,Delivered,163.53
9098,915,11,2025-11-02,Debit Card,Delivered,104.83
9099,291,19,2024-07-11,Cash,Shipped,201.42
9100,131,1,2025-03-31,Debit Card,Delivered,234.37
9101,692,7,2025-08-01,Credit Card,Delivered,98.18
9102,848,2,2024-07-19,UPI,Delivered,57.02
9103,231,4,2025-04-15,Cash,Delivered,68.09
9104,233,1,2025-10-25,Net Banking,Delivered,179.64
9105,314,9,2024-06-23,Cash,Delivered,216.19
9106,945,16,2024-01-30,UPI,Processing,57.55
9107,375,16,2024-06-20,Net Banking,Processing,237.91
9108,957,20,2025-03-18,UPI,Delivered,103.69
9109,583,17,2024-04-24,Credit Card,Delivered,74.2
9110,298,20,2024-10-14,Debit Card,Delivered,47.84
9111,585,19,2025-01-28,UPI,Delivered,211.38
9112,216,3,2025-07-07,UPI,Cancelled,158.75
9113,519,19,2025-05-19,Debit Card,Delivered,125.19
9114,954,4,2024-02-27,Net Banking,Delivered,118.21
9115,997,1,2024-10-30,Credit Card,Delivered,121.87
9116,682,5,2024-04-29,Credit Card,Delivered,68.9
9117,377,3,2025-04-27,UPI,Returned,44.06
9118,881,14,2025-01-30,Net Banking,Delivered,220.8
9119,600,16,2024-09-01,Credit Card,Delivered,220.1
9120,995,3,2025-04-06,Net Banking,Delivered,231.05
9121,77,13,2025-05-29,Credit Card,Processing,234.44
9122,179,19,2024-04-19,UPI,Delivered,80.32
9123,874,16,2024-07-17,Credit Card,Delivered,63.77
9124,611,17,2024-05-22,UPI,Shipped,83.17
9125,54,5,2024-03-29,Cash,Delivered,132.54
9126,38,13,2025-01-06,Cash,Delivered,156.97
9127,693,12,2024-06-27,Credit Card,Processing,72.01
9128,334,10,2024-06-12,Cash,Delivered,211.54
9129,689,9,2025-12-21,Cash,Delivered,210.47
9130,617,3,2025-03-18,Debit Card,Delivered,228.87
9131,212,13,2024-02-24,Debit Card,Delivered,249.8
9132,163,7,2024-10-15,Cash,Delivered,245.28
9133,435,15,2025-03-23,Cash,Shipped,66.39
9134,934,16,2025-02-23,Cash,Delivered,103.87
9135,603,1,2025-03-26,Debit Card,Processing,248.96
9136,963,6,2024-12-09,Credit Card,Delivered,198.93
9137,45,12,2025-12-09,Net Banking,Shipped,94.75
9138,376,10,2024-05-30,Net Banking,Delivered,51.05
9139,235,16,2024-10-05,UPI,Delivered,237.96
9140,950,13,2025-11-01,UPI,Delivered,79.7
9141,638,16,2025-06-07,Credit Card,Delivered,129.92
9142,357,13,2024-05-05,Debit Card,Delivered,225.67
9143,380,6,2025-09-09,UPI,Delivered,195.85
9144,326,9,2025-11-29,Credit Card,Delivered,59.61
9145,693,9,2024-01-24,Credit Card,Processing,137.72
9146,721,17,2024-03-03,Cash,Processing,45.62
9147,247,11,2025-06-08,Net Banking,Shipped,117.54
9148,515,8,2024-12-26,Cash,Delivered,95.21
9149,460,12,2025-07-29,Net Banking,Delivered,158.68
9150,495,9,2025-12-29,Credit Card,Delivered,101.41
9151,648,19,2024-06-14,UPI,Shipped,218.11
9152,394,17,2024-08-06,Credit Card,Shipped,108.59
9153,262,19,2025-06-11,Cash,Processing,150.88
9154,827,15,2024-03-04,Net Banking,Processing,223.54
9155,949,6,2025-05-07,Debit Card,Delivered,199.47
9156,342,17,2024-04-19,UPI,Delivered,124.85
9157,535,20,2025-03-25,Debit Card,Delivered,62.58
9158,925,8,2025-09-08,Credit Card,Processing,126.67
9159,662,19,2024-03-13,Net Banking,Delivered,137.47
9160,222,15,2024-06-24,UPI,Delivered,41.77
9161,746,20,2024-05-30,Debit Card,Processing,174.53
9162,326,3,2024-07-14,Net Banking,Processing,113.68
9163,376,7,2024-02-26,Credit Card,Delivered,190.85
9164,79,8,2025-01-20,UPI,Delivered,105.47
9165,281,4,2025-02-21,Net Banking,Returned,73.12
9166,852,10,2025-07-31,UPI,Delivered,84.38
9167,336,17,2025-05-19,UPI,Delivered,203.94
9168,158,17,2024-08-15,Net Banking,Delivered,54.88
9169,468,3,2024-04-03,Credit Card,Processing,197.59
9170,497,1,2025-12-24,Net Banking,Delivered,151.1
9171,854,15,2025-02-25,Net Banking,Delivered,137.7
9172,240,16,2025-12-15,Credit Card,Returned,62.17
9173,822,19,2025-03-02,Credit Card,Delivered,168.02
9174,317,14,2025-05-17,UPI,Delivered,43.41
9175,653,20,2025-02-13,Cash,Delivered,50.82
9176,706,15,2025-08-31,UPI,Delivered,85.24
9177,645,13,2025-01-14,Cash,Shipped,54.98
9178,387,4,2024-01-09,UPI,Delivered,111.13
9179,831,15,2024-09-06,UPI,Delivered,53.1
9180,103,1,2024-01-22,Credit Card,Shipped,67.81
9181,174,13,2024-04-29,Net Banking,Processing,223.53
9182,43,11,2025-09-20,UPI,Processing,47.51
9183,780,18,2024-03-19,UPI,Shipped,158.92
9184,744,19,2024-10-02,UPI,Delivered,120.23
9185,447,20,2025-04-19,Net Banking,Cancelled,217.05
9186,859,4,2024-02-10,Debit Card,Delivered,56.66
9187,235,6,2025-03-11,Net Banking,Delivered,71.88
9188,582,13,2024-04-24,Debit Card,Shipped,231.54
9189,960,11,2025-08-27,Net Banking,Delivered,65.52
9190,150,4,2025-04-01,UPI,Processing,141.78
9191,833,11,2024-06-08,Debit Card,Processing,205.21
9192,400,11,2025-09-01,Debit Card,Delivered,72.98
9193,946,6,2024-10-09,UPI,Processing,179.31
9194,938,11,2024-05-25,Debit Card,Delivered,50.58
9195,478,12,2025-12-13,Net Banking,Processing,109.02
9196,302,5,2024-06-23,Debit Card,Delivered,69.05
9197,251,12,2024-08-08,Credit Card,Delivered,178.49
9198,329,10,2025-10-06,Net Banking,Delivered,238.04
9199,985,7,2025-12-03,Credit Card,Delivered,43.49
9200,707,7,2024-04-02,Net Banking,Processing,67.35
9201,109,17,2024-08-28,Cash,Delivered,214.66
9202,287,10,2025-04-18,Net Banking,Processing,77.36
9203,568,1,2025-05-15,Cash,Cancelled,169.14
9204,944,10,2024-02-14,Net Banking,Delivered,46.57
9205,937,13,2025-08-15,Cash,Delivered,134.31
9206,179,19,2025-03-23,Cash,Delivered,72.9
9207,624,14,2025-12-27,Debit Card,Processing,165.63
9208,43,9,2025-10-14,Cash,Delivered,127.16
9209,336,9,2025-09-01,Debit Card,Delivered,218.23
9210,932,14,2024-11-07,Debit Card,Delivered,190.56
9211,252,15,2024-04-30,UPI,Delivered,93.48
9212,515,19,2025-04-21,Credit Card,Delivered,76.65
9213,789,7,2025-04-20,Credit Card,Cancelled,203.14
9214,786,13,2025-04-24,Cash,Returned,93.98
9215,647,10,2025-07-01,Credit Card,Delivered,104.07
9216,789,10,2025-08-31,Cash,Delivered,111.98
9217,664,2,2024-10-08,Credit Card,Processing,46.31
9218,160,4,2024-01-29,Debit Card,Delivered,127.3
9219,301,12,2025-07-30,Credit Card,Delivered,156.16
9220,140,8,2024-08-08,Debit Card,Shipped,109.91
9221,224,12,2024-09-07,Cash,Delivered,209.9
9222,793,17,2024-05-15,Net Banking,Returned,200.69
9223,789,16,2025-01-08,Debit Card,Delivered,229.34
9224,681,1,2024-06-01,Credit Card,Processing,169.1
9225,116,7,2024-01-01,Credit Card,Processing,138.01
9226,75,20,2025-02-10,UPI,Cancelled,181.12
9227,995,1,2025-05-08,UPI,Cancelled,224.1
9228,948,3,2024-04-27,Debit Card,Shipped,150.95
9229,390,5,2025-10-13,Credit Card,Delivered,91.1
9230,165,18,2024-10-06,UPI,Delivered,154.53
9231,346,2,2025-02-18,Net Banking,Shipped,119.04
9232,460,12,2025-09-06,UPI,Delivered,132.23
9233,772,5,2025-09-12,UPI,Processing,117.84
9234,672,20,2024-02-09,Net Banking,Processing,53.05
9235,593,9,2025-10-21,Debit Card,Delivered,47.45
9236,500,8,2025-04-15,Credit Card,Shipped,182.24
9237,407,19,2024-12-09,Debit Card,Delivered,175.08
9238,194,18,2025-10-05,UPI,Processing,150.49
9239,885,7,2025-01-26,Credit Card,Processing,210.07
9240,755,8,2025-03-03,UPI,Delivered,91.76
9241,470,11,2024-03-03,Credit Card,Processing,145.62
9242,81,9,2025-05-02,UPI,Delivered,245.12
9243,443,10,2024-07-09,Credit Card,Delivered,46.45
9244,687,9,2025-01-20,Cash,Processing,99.07
9245,519,7,2024-07-22,Net Banking,Processing,53.28
9246,308,5,2025-05-24,Net Banking,Shipped,214.95
9247,894,2,2024-11-14,Debit Card,Delivered,177.89
9248,253,18,2024-09-22,Net Banking,Delivered,224.2
9249,816,17,2024-05-16,Net Banking,Delivered,212.96
9250,313,11,2025-10-29,Net Banking,Delivered,158.42
9251,557,6,2025-08-26,Credit Card,Cancelled,100.42
9252,709,10,2024-12-19,UPI,Shipped,236.93
9253,126,1,2024-06-04,UPI,Delivered,173.6
9254,410,4,2025-09-17,UPI,Shipped,215.73
9255,540,11,2025-04-01,Debit Card,Delivered,158.83
9256,33,12,2025-10-26,Cash,Shipped,154.74
9257,956,5,2025-01-28,Cash,Delivered,218.41
9258,243,19,2024-08-08,Debit Card,Processing,234.54
9259,34,5,2024-01-09,Debit Card,Shipped,237.89
9260,343,6,2025-09-01,Debit Card,Delivered,83.29
9261,685,7,2025-05-14,UPI,Delivered,115.35
9262,371,17,2024-11-14,Cash,Processing,65.83
9263,756,4,2024-04-07,UPI,Delivered,65.6
9264,684,7,2024-08-31,Debit Card,Delivered,126.36
9265,853,19,2024-10-28,Credit Card,Delivered,58.17
9266,594,10,2025-03-15,Debit Card,Delivered,144.05
9267,488,3,2025-07-14,Cash,Cancelled,88.51
9268,906,20,2025-12-01,Credit Card,Delivered,186.23
9269,698,19,2025-06-09,UPI,Cancelled,231.94
9270,552,6,2024-10-12,Debit Card,Delivered,191.53
9271,219,20,2025-05-10,Cash,Shipped,81.81
9272,877,4,2024-07-25,Cash,Delivered,72.38
9273,614,20,2025-10-21,Credit Card,Cancelled,128.35
9274,678,16,2025-06-30,Net Banking,Delivered,179.99
9275,493,11,2025-04-28,UPI,Delivered,123.37
9276,810,5,2025-03-26,UPI,Delivered,132.31
9277,37,13,2024-12-28,Cash,Delivered,61.81
9278,132,18,2025-10-19,Debit Card,Returned,195.03
9279,338,19,2025-06-14,Debit Card,Delivered,128.28
9280,243,7,2025-08-08,UPI,Shipped,57.6
9281,391,18,2024-11-23,Debit Card,Delivered,45.98
9282,767,5,2025-01-31,UPI,Delivered,122.57
9283,673,1,2025-12-10,Credit Card,Shipped,125.85
9284,237,12,2024-06-22,UPI,Delivered,222.06
9285,609,3,2024-05-28,Cash,Processing,123.79
9286,712,2,2024-07-23,Cash,Shipped,90.49
9287,528,15,2025-09-27,UPI,Delivered,101.11
9288,698,11,2024-10-23,Debit Card,Delivered,222.65
9289,5,15,2024-01-31,Debit Card,Shipped,211.12
9290,756,16,2025-04-06,Cash,Cancelled,65.43
9291,921,14,2024-10-27,Debit Card,Processing,145.3
9292,412,8,2024-04-09,Credit Card,Shipped,225.99
9293,880,8,2024-08-15,Cash,Delivered,109.83
9294,475,17,2024-12-27,Cash,Delivered,51.71
9295,192,11,2024-02-29,UPI,Delivered,247.59
9296,437,2,2025-03-13,Cash,Delivered,181.49
9297,528,12,2024-01-20,Credit Card,Delivered,239.2
9298,526,20,2025-03-06,Cash,Delivered,220.5
9299,140,13,2024-08-02,Debit Card,Delivered,221.79
9300,727,9,2025-10-26,UPI,Delivered,97.12
9301,771,9,2025-11-21,Credit Card,Delivered,149.28
9302,865,7,2025-06-11,Debit Card,Delivered,202.11
9303,8,1,2024-02-21,UPI,Delivered,184.14
9304,924,17,2024-01-08,Cash,Delivered,172.76
9305,909,18,2025-06-27,UPI,Delivered,189.29
9306,647,5,2025-08-18,Cash,Delivered,59.97
9307,590,8,2025-08-29,Net Banking,Processing,62.21
9308,548,16,2025-09-17,Net Banking,Delivered,126.8
9309,100,17,2024-01-03,UPI,Delivered,116.03
9310,763,1,2025-03-07,UPI,Delivered,242.7
9311,730,15,2025-03-17,Debit Card,Shipped,66.49
9312,314,20,2024-05-14,UPI,Delivered,184.09
9313,231,6,2025-09-21,Net Banking,Delivered,207.16
9314,894,14,2025-02-17,Debit Card,Shipped,56.89
9315,206,3,2025-05-15,Credit Card,Delivered,169.0
9316,923,10,2025-04-16,Net Banking,Delivered,90.25
9317,731,16,2024-05-20,Cash,Processing,204.52
9318,351,20,2024-12-18,Credit Card,Returned,128.85
9319,65,3,2025-01-13,Net Banking,Processing,107.3
9320,642,11,2025-03-10,UPI,Delivered,165.19
9321,174,16,2025-04-11,UPI,Shipped,92.88
9322,199,14,2025-12-10,Credit Card,Delivered,222.37
9323,295,4,2024-07-18,Credit Card,Shipped,44.93
9324,291,13,2024-07-25,UPI,Shipped,105.34
9325,426,17,2025-08-29,Cash,Delivered,103.32
9326,439,11,2024-10-29,Debit Card,Shipped,153.16
9327,528,16,2024-04-27,Credit Card,Delivered,157.12
9328,109,5,2024-06-30,Debit Card,Cancelled,147.12
9329,982,16,2025-05-16,Debit Card,Processing,228.97
9330,60,7,2024-12-25,UPI,Delivered,83.68
9331,389,12,2025-11-12,UPI,Delivered,179.18
9332,710,14,2024-11-26,Net Banking,Delivered,130.05
9333,559,16,2024-08-12,Debit Card,Delivered,225.76
9334,234,10,2024-03-21,UPI,Delivered,196.3
9335,821,17,2025-10-18,Credit Card,Delivered,214.56
9336,435,12,2024-01-27,Cash,Processing,68.42
9337,967,15,2025-09-27,Cash,Processing,117.0
9338,973,2,2024-06-09,Cash,Processing,172.67
9339,914,20,2024-08-29,Credit Card,Delivered,118.93
9340,499,15,2025-11-27,Debit Card,Delivered,59.94
9341,573,9,2025-12-01,Credit Card,Delivered,229.42
9342,533,6,2024-04-24,UPI,Cancelled,85.75
9343,37,20,2024-10-08,Credit Card,Delivered,198.61
9344,489,4,2024-07-06,Cash,Delivered,193.28
9345,836,2,2024-05-18,Credit Card,Delivered,42.26
9346,405,10,2025-02-10,Cash,Shipped,60.25
9347,955,9,2025-05-28,Cash,Delivered,146.72
9348,638,15,2025-10-19,Net Banking,Delivered,247.49
9349,875,17,2024-12-24,Cash,Delivered,224.67
9350,718,19,2025-04-21,Cash,Delivered,101.38
9351,89,15,2025-09-05,Net Banking,Processing,127.51
9352,889,20,2025-10-24,UPI,Cancelled,163.67
9353,820,8,2024-06-30,Net Banking,Processing,60.25
9354,881,7,2025-07-05,Credit Card,Shipped,180.83
9355,402,17,2025-02-11,Cash,Delivered,178.66
9356,586,17,2025-09-12,Debit Card,Delivered,44.38
9357,965,13,2024-07-10,Debit Card,Delivered,87.95
9358,900,11,2024-02-20,Credit Card,Delivered,60.29
9359,41,15,2024-06-21,Cash,Delivered,59.99
9360,222,11,2024-08-16,Credit Card,Processing,99.27
9361,488,14,2025-01-17,UPI,Delivered,247.8
9362,428,3,2025-08-06,UPI,Delivered,205.18
9363,697,19,2025-10-09,Credit Card,Shipped,164.02
9364,309,11,2024-02-25,Credit Card,Delivered,129.07
9365,408,3,2025-03-30,Credit Card,Delivered,159.24
9366,503,13,2025-02-25,Credit Card,Delivered,173.7
9367,344,10,2024-07-19,Debit Card,Delivered,54.33
9368,739,8,2024-10-14,UPI,Delivered,81.45
9369,939,17,2025-11-12,Credit Card,Delivered,103.88
9370,591,19,2025-10-18,Debit Card,Delivered,235.25
9371,892,2,2024-07-01,UPI,Delivered,109.67
9372,320,2,2024-02-13,UPI,Processing,98.73
9373,462,2,2025-11-24,Credit Card,Delivered,92.82
9374,818,16,2024-09-06,Credit Card,Delivered,82.96
9375,153,10,2025-10-10,UPI,Delivered,171.52
9376,822,17,2024-05-06,Net Banking,Processing,222.94
9377,167,3,2025-02-06,Cash,Shipped,138.5
9378,835,10,2025-11-06,Credit Card,Returned,174.78
9379,101,2,2024-06-30,UPI,Delivered,144.1
9380,555,5,2024-09-30,UPI,Shipped,227.61
9381,786,11,2025-05-06,UPI,Shipped,142.97
9382,432,8,2025-08-04,UPI,Delivered,97.51
9383,679,9,2024-03-02,Net Banking,Delivered,56.86
9384,716,11,2025-03-05,UPI,Delivered,122.36
9385,95,9,2025-05-07,Debit Card,Delivered,247.71
9386,949,18,2024-11-20,Cash,Shipped,131.53
9387,453,17,2024-08-07,Debit Card,Delivered,134.2
9388,693,15,2024-04-08,UPI,Delivered,160.8
9389,991,7,2025-08-07,Net Banking,Shipped,143.46
9390,2,16,2025-05-04,UPI,Delivered,75.97
9391,592,14,2025-03-25,Credit Card,Shipped,104.28
9392,454,17,2024-07-06,Debit Card,Cancelled,40.02
9393,225,20,2024-01-11,Net Banking,Delivered,173.8
9394,431,10,2024-02-10,Cash,Processing,111.5
9395,315,20,2025-07-31,UPI,Delivered,219.62
9396,556,10,2025-02-28,Net Banking,Delivered,142.18
9397,617,7,2024-10-05,Credit Card,Delivered,191.56
9398,171,13,2024-05-24,Net Banking,Processing,124.56
9399,27,7,2025-04-27,Cash,Delivered,243.72
9400,545,12,2025-05-17,Debit Card,Delivered,188.09
9401,909,11,2025-01-30,Credit Card,Delivered,70.1
9402,295,7,2025-03-04,UPI,Cancelled,63.44
9403,154,6,2024-05-12,Debit Card,Returned,117.83
9404,78,5,2024-09-21,Credit Card,Delivered,104.24
9405,709,12,2024-09-01,UPI,Delivered,216.04
9406,379,15,2024-11-18,Credit Card,Delivered,201.72
9407,676,14,2024-06-03,Cash,Delivered,209.67
9408,504,15,2024-09-16,Cash,Delivered,245.81
9409,825,17,2024-06-04,UPI,Delivered,54.76
9410,148,9,2024-02-20,Debit Card,Delivered,217.55
9411,694,14,2025-06-24,Debit Card,Delivered,136.56
9412,246,20,2025-08-24,Net Banking,Processing,168.65
9413,251,8,2025-09-09,Net Banking,Shipped,91.61
9414,742,7,2024-07-19,Net Banking,Delivered,130.21
9415,216,18,2025-06-08,Cash,Delivered,206.09
9416,354,17,2024-06-02,UPI,Returned,84.18
9417,990,18,2025-03-20,UPI,Cancelled,119.57
9418,761,5,2024-07-03,Credit Card,Delivered,143.14
9419,618,20,2025-10-12,Credit Card,Delivered,244.73
9420,751,12,2024-08-26,Credit Card,Delivered,166.76
9421,386,17,2024-01-26,Debit Card,Cancelled,165.33
9422,683,7,2024-02-01,Credit Card,Cancelled,77.07
9423,743,12,2025-09-23,UPI,Delivered,137.38
9424,419,14,2024-06-06,Credit Card,Delivered,228.63
9425,414,15,2025-04-05,Cash,Shipped,133.3
9426,874,14,2025-07-05,Cash,Delivered,88.07
9427,494,3,2025-09-08,Net Banking,Returned,246.49
9428,368,19,2024-02-16,Cash,Delivered,130.34
9429,917,19,2025-08-10,Credit Card,Delivered,115.93
9430,498,9,2025-12-09,UPI,Delivered,73.14
9431,144,13,2024-09-19,UPI,Delivered,89.43
9432,287,18,2024-06-04,Cash,Delivered,121.8
9433,541,18,2024-04-21,Debit Card,Shipped,63.32
9434,844,14,2025-07-03,Cash,Delivered,69.66
9435,22,13,2024-11-04,Credit Card,Cancelled,244.07
9436,271,15,2024-07-05,Cash,Processing,165.88
9437,488,5,2024-12-22,Cash,Delivered,149.91
9438,12,15,2024-02-05,Credit Card,Delivered,182.15
9439,864,8,2024-11-02,Net Banking,Delivered,185.86
9440,794,1,2025-06-21,UPI,Delivered,210.48
9441,440,14,2025-06-07,Net Banking,Delivered,186.43
9442,661,11,2024-10-01,UPI,Cancelled,53.61
9443,632,1,2024-09-30,Debit Card,Delivered,138.1
9444,354,20,2024-08-16,Cash,Delivered,87.39
9445,975,11,2024-10-20,Credit Card,Returned,216.58
9446,579,13,2025-09-25,UPI,Shipped,142.34
9447,620,15,2025-08-10,Cash,Delivered,73.75
9448,440,10,2025-12-15,Cash,Shipped,57.76
9449,957,8,2024-11-27,Credit Card,Cancelled,42.2
9450,12,5,2025-05-23,Cash,Shipped,195.85
9451,863,14,2025-05-02,Net Banking,Delivered,227.5
9452,711,19,2025-03-23,Credit Card,Processing,185.29
9453,111,9,2024-11-22,Debit Card,Delivered,156.36
9454,609,1,2025-10-26,UPI,Cancelled,148.3
9455,159,2,2024-03-13,Cash,Delivered,41.34
9456,413,20,2024-01-26,Net Banking,Delivered,239.69
9457,543,12,2025-01-09,Net Banking,Delivered,162.94
9458,161,5,2025-11-08,Debit Card,Delivered,114.74
9459,347,6,2025-03-22,Credit Card,Delivered,60.14
9460,630,10,2025-07-02,Debit Card,Shipped,79.8
9461,589,12,2025-08-08,UPI,Cancelled,124.43
9462,204,7,2025-09-06,UPI,Delivered,56.62
9463,598,11,2025-03-20,Net Banking,Cancelled,141.14
9464,756,14,2024-12-23,Net Banking,Delivered,53.68
9465,842,7,2025-03-17,Cash,Cancelled,176.67
9466,828,5,2024-03-06,Net Banking,Processing,101.17
9467,827,17,2025-12-22,UPI,Delivered,213.76
9468,704,13,2024-01-26,Net Banking,Shipped,88.13
9469,149,3,2025-06-27,Debit Card,Delivered,154.5
9470,597,20,2025-06-15,Net Banking,Processing,123.27
9471,591,8,2025-06-01,UPI,Shipped,79.29
9472,58,12,2024-10-20,Credit Card,Delivered,115.43
9473,393,2,2024-11-24,Net Banking,Cancelled,196.25
9474,99,5,2025-08-07,Cash,Delivered,187.36
9475,363,17,2025-07-13,Net Banking,Delivered,95.32
9476,70,18,2025-07-18,Debit Card,Delivered,43.24
9477,557,14,2024-09-04,Debit Card,Returned,136.4
9478,790,6,2025-09-29,Cash,Delivered,237.84
9479,976,12,2025-12-04,Debit Card,Delivered,104.27
9480,38,11,2025-04-28,Cash,Delivered,87.26
9481,854,12,2024-02-18,Cash,Returned,162.73
9482,279,13,2024-11-12,UPI,Delivered,220.4
9483,861,8,2024-05-21,Debit Card,Delivered,122.89
9484,881,13,2025-01-18,Cash,Processing,217.75
9485,30,12,2025-01-03,Net Banking,Delivered,147.38
9486,660,12,2025-01-04,Cash,Delivered,141.79
9487,218,16,2025-08-11,Net Banking,Delivered,92.22
9488,949,20,2024-04-08,Debit Card,Delivered,87.41
9489,898,19,2024-06-04,Net Banking,Delivered,80.05
9490,85,19,2024-06-05,Cash,Processing,43.84
9491,28,5,2024-05-07,Cash,Delivered,204.16
9492,73,10,2025-05-24,Credit Card,Delivered,176.99
9493,83,4,2024-06-21,UPI,Processing,161.99
9494,448,14,2024-05-13,Credit Card,Delivered,134.5
9495,955,18,2025-10-09,UPI,Shipped,239.16
9496,8,20,2024-09-12,Net Banking,Delivered,249.31
9497,167,8,2025-01-13,Cash,Delivered,201.33
9498,213,10,2024-01-14,Cash,Delivered,81.18
9499,528,15,2024-07-04,Debit Card,Delivered,208.66
9500,328,13,2025-03-02,Net Banking,Delivered,199.69
9501,766,11,2024-02-04,Net Banking,Delivered,50.42
9502,930,18,2025-01-03,Net Banking,Delivered,233.36
9503,772,7,2025-12-17,Net Banking,Delivered,138.52
9504,886,2,2025-01-16,UPI,Processing,96.61
9505,557,11,2025-12-02,Cash,Delivered,157.56
9506,985,16,2024-02-20,Cash,Delivered,231.27
9507,635,4,2024-10-07,Debit Card,Processing,245.77
9508,356,4,2024-04-27,Debit Card,Delivered,125.33
9509,674,20,2025-09-02,Debit Card,Delivered,135.37
9510,4,14,2024-02-06,Debit Card,Delivered,69.72
9511,401,14,2025-02-09,Net Banking,Delivered,101.0
9512,684,11,2024-11-17,Credit Card,Shipped,173.1
9513,226,16,2025-02-12,Cash,Delivered,115.72
9514,911,12,2025-09-27,Net Banking,Delivered,75.42
9515,283,10,2024-08-22,Credit Card,Delivered,208.44
9516,855,14,2024-04-14,Credit Card,Delivered,130.1
9517,523,10,2024-10-02,Net Banking,Delivered,150.56
9518,100,10,2025-02-05,Cash,Processing,155.22
9519,414,7,2024-08-27,Debit Card,Delivered,52.56
9520,770,7,2025-01-18,Credit Card,Delivered,115.76
9521,205,3,2025-10-07,Credit Card,Delivered,63.87
9522,969,15,2024-04-21,UPI,Delivered,146.42
9523,193,10,2025-05-01,Debit Card,Delivered,214.39
9524,457,6,2024-07-15,Credit Card,Delivered,170.32
9525,495,13,2024-04-22,UPI,Delivered,244.13
9526,571,6,2025-02-21,Credit Card,Delivered,154.72
9527,970,17,2025-11-13,Debit Card,Delivered,65.23
9528,723,11,2025-10-11,Cash,Delivered,150.82
9529,458,9,2024-11-10,UPI,Processing,81.01
9530,156,19,2025-05-03,Cash,Delivered,142.29
9531,350,15,2025-02-21,Cash,Delivered,210.1
9532,395,4,2024-02-26,Net Banking,Processing,195.56
9533,153,11,2024-09-25,UPI,Delivered,47.89
9534,267,11,2024-11-19,Debit Card,Delivered,228.56
9535,130,10,2025-11-09,UPI,Delivered,67.17
9536,243,10,2025-03-18,Net Banking,Delivered,54.0
9537,866,3,2025-03-12,Cash,Delivered,214.72
9538,390,9,2025-11-14,Net Banking,Cancelled,103.9
9539,218,8,2024-11-29,Cash,Delivered,113.4
9540,21,4,2024-07-02,Debit Card,Delivered,60.08
9541,964,4,2025-03-21,Cash,Delivered,102.75
9542,360,16,2024-03-19,Credit Card,Delivered,129.35
9543,277,1,2025-06-14,Net Banking,Delivered,96.1
9544,504,17,2025-10-06,UPI,Delivered,41.21
9545,588,12,2024-04-23,Cash,Delivered,177.97
9546,926,12,2024-11-02,UPI,Delivered,115.27
9547,597,12,2024-10-13,Debit Card,Delivered,79.78
9548,879,7,2025-05-13,Cash,Delivered,240.7
9549,180,20,2025-04-23,Cash,Delivered,56.36
9550,51,18,2025-06-13,Debit Card,Delivered,149.3
9551,392,18,2024-03-11,Debit Card,Delivered,220.1
9552,174,7,2025-12-31,UPI,Processing,166.87
9553,951,1,2025-04-11,Debit Card,Shipped,120.89
9554,349,1,2024-09-13,Credit Card,Delivered,41.44
9555,3,9,2025-11-18,Debit Card,Shipped,66.12
9556,630,2,2025-09-16,Net Banking,Delivered,147.78
9557,217,2,2024-08-24,UPI,Delivered,174.01
9558,245,5,2025-01-21,Cash,Delivered,83.41
9559,228,14,2025-05-23,Net Banking,Processing,52.44
9560,150,13,2024-07-31,UPI,Delivered,50.1
9561,240,12,2025-04-20,Credit Card,Delivered,69.58
9562,776,12,2025-03-04,Debit Card,Delivered,51.01
9563,882,7,2024-12-18,Net Banking,Delivered,79.87
9564,864,12,2024-11-08,UPI,Delivered,178.3
9565,602,14,2025-09-21,Debit Card,Delivered,52.44
9566,844,2,2025-01-23,UPI,Delivered,170.65
9567,161,15,2025-04-14,Debit Card,Processing,187.14
9568,265,8,2024-04-01,UPI,Cancelled,121.22
9569,811,3,2024-04-03,Net Banking,Delivered,58.69
9570,445,12,2024-07-23,Cash,Delivered,50.37
9571,780,6,2025-10-18,Debit Card,Cancelled,225.9
9572,439,2,2024-06-26,UPI,Delivered,153.4
9573,589,6,2025-10-23,Credit Card,Delivered,94.55
9574,872,15,2025-01-03,Net Banking,Cancelled,79.4
9575,612,11,2025-10-23,Net Banking,Delivered,223.96
9576,579,6,2025-07-29,Credit Card,Delivered,174.6
9577,889,16,2024-10-12,Debit Card,Delivered,96.86
9578,470,12,2025-03-31,Cash,Delivered,61.45
9579,867,17,2025-06-11,Net Banking,Delivered,249.0
9580,549,7,2024-07-25,Cash,Delivered,128.92
9581,60,7,2025-04-09,UPI,Shipped,56.44
9582,643,3,2024-05-10,Credit Card,Delivered,199.63
9583,989,17,2025-12-17,Cash,Delivered,84.15
9584,805,9,2025-11-27,Credit Card,Delivered,100.32
9585,220,11,2025-06-07,Debit Card,Delivered,199.15
9586,296,19,2025-04-09,Net Banking,Delivered,172.03
9587,436,17,2025-09-25,Credit Card,Delivered,66.71
9588,381,10,2024-06-03,Credit Card,Delivered,219.99
9589,706,8,2024-12-15,Debit Card,Delivered,53.45
9590,502,7,2024-03-05,Debit Card,Shipped,128.2
9591,963,14,2024-01-22,Net Banking,Shipped,174.47
9592,753,5,2025-12-30,Debit Card,Delivered,242.12
9593,799,11,2025-05-02,Cash,Processing,43.61
9594,681,3,2024-02-17,UPI,Processing,212.04
9595,184,4,2024-06-15,Credit Card,Delivered,111.03
9596,110,6,2025-01-07,UPI,Processing,127.68
9597,230,5,2025-06-08,Credit Card,Delivered,114.57
9598,102,9,2024-09-22,Credit Card,Cancelled,125.95
9599,643,5,2024-08-24,Cash,Shipped,196.77
9600,303,9,2024-04-26,Debit Card,Delivered,139.71
9601,662,2,2024-12-10,Debit Card,Delivered,215.3
9602,501,18,2025-02-06,Cash,Delivered,145.01
9603,785,3,2024-02-03,UPI,Delivered,199.93
9604,214,6,2024-04-12,Cash,Delivered,79.1
9605,724,13,2024-06-28,Credit Card,Delivered,206.55
9606,626,2,2025-02-28,Credit Card,Delivered,121.25
9607,723,7,2025-07-30,UPI,Delivered,224.54
9608,456,3,2024-12-15,Net Banking,Delivered,76.96
9609,562,4,2025-12-21,Debit Card,Delivered,111.09
9610,991,18,2025-04-09,Cash,Delivered,203.42
9611,391,1,2025-10-07,Credit Card,Processing,109.24
9612,23,19,2024-10-18,Credit Card,Delivered,168.51
9613,547,14,2025-09-22,Net Banking,Delivered,56.44
9614,13,16,2025-01-17,Net Banking,Delivered,236.98
9615,584,19,2025-02-05,Net Banking,Delivered,180.26
9616,584,4,2024-04-20,Net Banking,Delivered,243.71
9617,472,9,2025-11-29,Cash,Delivered,89.24
9618,86,20,2025-11-06,UPI,Delivered,100.71
9619,345,4,2025-01-05,Cash,Processing,108.64
9620,928,7,2025-02-09,Cash,Delivered,82.92
9621,901,16,2024-06-18,UPI,Delivered,202.79
9622,620,13,2025-08-30,Cash,Returned,145.34
9623,378,18,2025-06-29,Debit Card,Delivered,58.67
9624,936,3,2024-06-14,UPI,Shipped,185.75
9625,884,3,2024-12-29,Debit Card,Shipped,93.14
9626,212,20,2025-04-17,Cash,Shipped,183.73
9627,768,7,2024-10-24,UPI,Delivered,114.27
9628,68,2,2025-05-22,Credit Card,Delivered,249.64
9629,473,11,2024-05-27,Net Banking,Delivered,157.02
9630,559,19,2025-10-06,Debit Card,Delivered,168.06
9631,194,11,2025-09-14,Net Banking,Delivered,93.73
9632,193,4,2024-06-13,Debit Card,Delivered,201.52
9633,760,4,2024-06-20,Credit Card,Delivered,222.66
9634,444,2,2025-07-15,Cash,Delivered,243.48
9635,775,20,2024-01-06,Net Banking,Delivered,49.35
9636,49,19,2024-10-06,Net Banking,Delivered,106.56
9637,764,4,2024-11-05,Debit Card,Delivered,205.39
9638,358,1,2025-07-25,UPI,Shipped,181.65
9639,645,9,2025-05-05,Credit Card,Returned,184.49
9640,803,14,2024-08-12,Debit Card,Delivered,78.35
9641,311,15,2025-02-25,Credit Card,Delivered,96.06
9642,717,19,2024-08-12,Credit Card,Delivered,84.5
9643,14,10,2025-02-11,Credit Card,Delivered,152.74
9644,465,10,2024-03-26,Debit Card,Delivered,181.27
9645,717,13,2025-08-07,Net Banking,Delivered,197.81
9646,464,14,2024-07-09,Net Banking,Processing,44.02
9647,562,18,2024-04-10,UPI,Delivered,104.4
9648,400,4,2025-01-28,Debit Card,Processing,203.66
9649,41,20,2025-07-03,Cash,Delivered,41.68
9650,602,1,2025-04-24,Net Banking,Delivered,91.84
9651,851,11,2024-04-13,Net Banking,Delivered,138.53
9652,219,8,2025-10-26,UPI,Delivered,68.41
9653,917,7,2024-12-24,Credit Card,Delivered,139.53
9654,399,2,2025-06-28,Debit Card,Processing,89.49
9655,944,12,2025-05-05,Net Banking,Delivered,201.42
9656,479,3,2024-07-22,Cash,Delivered,183.78
9657,236,8,2024-11-27,Credit Card,Delivered,81.94
9658,345,13,2024-07-09,Net Banking,Cancelled,127.3
9659,782,9,2025-03-31,UPI,Delivered,230.31
9660,946,4,2024-03-12,Debit Card,Delivered,127.06
9661,625,10,2024-08-20,Net Banking,Shipped,185.39
9662,145,14,2024-06-10,Cash,Delivered,117.27
9663,19,19,2024-08-05,Net Banking,Delivered,83.33
9664,967,10,2025-10-30,Net Banking,Delivered,55.98
9665,656,11,2025-01-25,Credit Card,Processing,188.99
9666,509,3,2025-03-18,Credit Card,Delivered,127.93
9667,201,11,2025-12-23,UPI,Shipped,103.31
9668,189,17,2024-06-21,Credit Card,Delivered,225.08
9669,222,10,2025-12-04,Net Banking,Delivered,192.29
9670,458,20,2025-09-01,Net Banking,Delivered,93.69
9671,364,15,2025-02-20,Cash,Delivered,90.38
9672,227,12,2025-10-18,Credit Card,Delivered,167.56
9673,700,13,2024-01-01,Debit Card,Delivered,130.98
9674,148,7,2024-03-31,UPI,Delivered,48.59
9675,268,15,2024-11-11,Net Banking,Delivered,225.54
9676,912,11,2025-04-08,UPI,Delivered,81.33
9677,650,1,2025-05-24,Credit Card,Delivered,159.94
9678,105,1,2024-09-15,Debit Card,Delivered,239.19
9679,407,7,2025-10-05,Cash,Cancelled,75.1
9680,748,3,2024-06-05,Credit Card,Cancelled,125.31
9681,701,11,2024-09-24,Debit Card,Delivered,142.15
9682,664,16,2025-06-05,Net Banking,Returned,140.54
9683,400,16,2024-11-09,Credit Card,Delivered,147.9
9684,200,1,2025-12-27,UPI,Delivered,83.29
9685,500,20,2024-05-15,Net Banking,Shipped,238.24
9686,972,5,2025-07-17,UPI,Processing,40.25
9687,973,14,2025-10-18,Cash,Delivered,159.0
9688,304,20,2024-03-13,Debit Card,Delivered,219.99
9689,123,10,2024-12-26,Cash,Delivered,239.69
9690,757,2,2025-03-01,Credit Card,Delivered,162.46
9691,999,5,2024-11-30,Cash,Delivered,127.93
9692,861,6,2024-07-07,Net Banking,Delivered,105.81
9693,74,10,2025-02-17,UPI,Shipped,158.78
9694,392,3,2025-01-24,Debit Card,Delivered,170.34
9695,162,11,2024-07-13,Cash,Delivered,49.65
9696,517,11,2025-07-14,UPI,Delivered,43.14
9697,834,8,2024-02-26,Debit Card,Shipped,240.7
9698,81,6,2024-03-13,UPI,Delivered,84.64
9699,143,8,2025-10-27,Net Banking,Delivered,241.52
9700,588,11,2025-10-15,UPI,Delivered,69.25
9701,158,2,2025-10-03,Cash,Delivered,81.37
9702,249,12,2024-07-28,Net Banking,Delivered,87.1
9703,633,12,2025-07-07,UPI,Delivered,65.19
9704,642,20,2024-09-03,Net Banking,Delivered,195.69
9705,555,15,2024-09-06,Net Banking,Delivered,155.77
9706,400,15,2025-04-24,Net Banking,Processing,91.63
9707,651,18,2024-01-08,Debit Card,Delivered,164.56
9708,830,14,2025-01-27,Debit Card,Delivered,93.7
9709,816,17,2024-09-23,Cash,Delivered,96.86
9710,920,13,2024-01-25,Credit Card,Processing,120.25
9711,317,18,2024-03-07,Debit Card,Processing,169.02
9712,602,17,2024-05-06,Cash,Delivered,76.37
9713,527,3,2025-08-27,UPI,Delivered,199.43
9714,279,8,2025-06-14,Credit Card,Delivered,249.93
9715,594,18,2024-03-27,UPI,Shipped,55.85
9716,449,19,2025-10-10,Cash,Delivered,80.95
9717,346,1,2025-10-02,Cash,Shipped,98.71
9718,55,10,2024-12-13,Debit Card,Delivered,223.4
9719,100,19,2025-03-27,Credit Card,Delivered,226.24
9720,146,17,2024-01-07,Debit Card,Returned,176.47
9721,816,14,2024-04-24,UPI,Delivered,164.3
9722,985,14,2025-12-01,Credit Card,Delivered,52.23
9723,786,11,2025-06-22,UPI,Cancelled,177.5
9724,239,5,2025-03-14,Credit Card,Delivered,81.12
9725,922,11,2024-01-15,Cash,Shipped,101.79
9726,249,16,2024-02-08,Cash,Cancelled,76.79
9727,616,9,2024-12-08,UPI,Shipped,67.01
9728,216,17,2025-06-30,Debit Card,Delivered,130.64
9729,505,17,2024-11-18,UPI,Returned,64.91
9730,807,9,2024-10-16,Cash,Delivered,145.09
9731,109,7,2025-05-05,Credit Card,Delivered,170.15
9732,795,2,2024-04-12,Credit Card,Processing,176.27
9733,534,11,2024-12-12,UPI,Processing,155.69
9734,84,4,2025-06-22,UPI,Delivered,120.64
9735,196,12,2024-05-14,Credit Card,Processing,173.11
9736,995,13,2025-08-29,Net Banking,Delivered,164.36
9737,804,9,2024-04-09,UPI,Delivered,218.31
9738,249,11,2025-12-10,Cash,Delivered,57.13
9739,837,13,2025-05-22,Cash,Delivered,135.13
9740,575,19,2025-02-10,Credit Card,Delivered,228.18
9741,570,9,2025-07-22,Cash,Delivered,184.15
9742,982,3,2025-04-15,Net Banking,Delivered,169.29
9743,236,10,2025-06-28,Cash,Delivered,133.16
9744,357,3,2024-02-16,UPI,Delivered,200.2
9745,486,8,2024-09-18,UPI,Returned,156.5
9746,530,6,2024-07-08,UPI,Delivered,187.9
9747,306,17,2025-12-14,Credit Card,Delivered,226.05
9748,851,10,2024-04-04,Credit Card,Delivered,199.65
9749,391,19,2024-11-12,Cash,Delivered,163.63
9750,816,11,2024-05-30,Net Banking,Delivered,103.07
9751,779,1,2024-01-17,UPI,Delivered,128.16
9752,232,8,2025-09-15,Debit Card,Delivered,52.85
9753,634,12,2024-04-16,UPI,Delivered,81.6
9754,220,1,2024-02-14,Cash,Shipped,220.37
9755,489,1,2024-03-13,Cash,Shipped,62.32
9756,741,13,2025-12-02,Net Banking,Shipped,219.51
9757,816,18,2024-11-14,Credit Card,Shipped,244.51
9758,535,16,2025-09-05,Credit Card,Delivered,201.36
9759,525,4,2024-03-13,Net Banking,Delivered,122.57
9760,232,9,2024-05-23,Debit Card,Processing,51.71
9761,451,5,2025-01-13,Debit Card,Delivered,136.85
9762,810,8,2024-03-25,Net Banking,Delivered,81.17
9763,157,1,2025-02-17,Net Banking,Delivered,41.6
9764,992,9,2025-11-07,Net Banking,Delivered,101.85
9765,489,6,2024-04-22,Credit Card,Delivered,171.06
9766,450,2,2024-03-05,Cash,Delivered,213.0
9767,249,15,2025-01-19,Credit Card,Delivered,154.56
9768,806,18,2025-01-06,Net Banking,Delivered,112.62
9769,745,2,2024-09-13,Debit Card,Delivered,203.59
9770,711,15,2025-01-09,UPI,Processing,208.85
9771,326,13,2025-03-02,Debit Card,Delivered,230.44
9772,104,14,2024-10-11,Debit Card,Delivered,128.11
9773,344,15,2024-04-07,UPI,Returned,212.66
9774,40,16,2024-05-23,UPI,Delivered,184.64
9775,710,11,2024-01-19,Net Banking,Shipped,80.27
9776,584,14,2025-01-11,Cash,Delivered,209.75
9777,187,12,2025-02-23,Debit Card,Delivered,136.69
9778,358,1,2024-03-21,Credit Card,Delivered,223.07
9779,818,17,2025-09-13,Debit Card,Delivered,216.5
9780,68,17,2025-03-03,Cash,Delivered,180.53
9781,529,7,2025-10-12,UPI,Processing,82.87
9782,165,19,2024-05-28,Net Banking,Processing,216.59
9783,383,7,2025-07-07,Credit Card,Processing,66.01
9784,4,3,2025-12-07,Credit Card,Delivered,162.42
9785,847,7,2025-08-01,UPI,Delivered,98.92
9786,254,16,2024-02-18,Cash,Delivered,104.95
9787,581,1,2025-11-03,UPI,Processing,48.9
9788,444,11,2024-12-13,UPI,Delivered,113.91
9789,501,2,2025-07-15,Net Banking,Delivered,108.23
9790,147,15,2024-02-27,Net Banking,Delivered,96.96
9791,405,20,2024-07-16,UPI,Shipped,200.17
9792,529,7,2024-04-24,Net Banking,Delivered,96.01
9793,193,13,2025-07-07,Credit Card,Delivered,230.97
9794,82,14,2025-02-28,Credit Card,Delivered,133.47
9795,907,3,2025-05-01,Cash,Cancelled,136.12
9796,613,14,2024-07-08,Net Banking,Shipped,236.01
9797,706,13,2024-07-03,Net Banking,Delivered,219.47
9798,554,20,2025-12-25,Cash,Cancelled,154.28
9799,688,9,2024-03-31,UPI,Delivered,94.14
9800,815,15,2024-06-16,Cash,Delivered,48.02
9801,824,16,2025-06-30,Debit Card,Cancelled,48.6
9802,167,9,2025-03-16,Debit Card,Processing,152.2
9803,761,18,2025-07-10,Net Banking,Delivered,232.06
9804,529,19,2025-03-28,Debit Card,Processing,61.3
9805,116,19,2025-08-10,Credit Card,Delivered,53.07
9806,859,3,2024-10-12,Debit Card,Processing,44.61
9807,284,20,2024-09-03,Net Banking,Processing,84.48
9808,559,3,2024-06-27,Debit Card,Delivered,121.99
9809,487,18,2024-11-15,Cash,Delivered,81.16
9810,861,15,2025-01-01,Credit Card,Delivered,179.27
9811,938,8,2025-05-08,Credit Card,Delivered,178.78
9812,248,10,2024-01-12,Debit Card,Shipped,105.08
9813,513,10,2025-11-02,Credit Card,Returned,77.51
9814,1000,2,2024-03-05,Net Banking,Delivered,241.25
9815,576,14,2025-01-31,UPI,Delivered,208.46
9816,193,2,2025-11-12,Cash,Delivered,40.63
9817,78,19,2025-09-27,Net Banking,Delivered,244.03
9818,812,17,2025-10-29,Debit Card,Delivered,128.07
9819,20,20,2025-04-21,Net Banking,Delivered,59.46
9820,221,12,2024-02-10,Cash,Shipped,74.23
9821,710,13,2025-05-09,Credit Card,Delivered,245.65
9822,610,2,2025-10-02,Credit Card,Delivered,112.75
9823,998,11,2025-08-27,Debit Card,Delivered,208.87
9824,305,9,2024-09-19,UPI,Delivered,218.8
9825,697,8,2025-01-26,UPI,Cancelled,118.62
9826,918,6,2025-04-04,Cash,Delivered,72.5
9827,23,6,2024-07-10,UPI,Delivered,153.54
9828,843,18,2024-07-02,Credit Card,Delivered,44.6
9829,471,1,2024-07-17,UPI,Shipped,174.83
9830,402,1,2025-12-26,Cash,Delivered,181.07
9831,157,9,2024-08-09,Net Banking,Returned,80.59
9832,233,15,2024-05-24,Cash,Cancelled,128.29
9833,627,9,2025-05-02,Cash,Delivered,154.51
9834,851,6,2024-07-28,Debit Card,Delivered,200.1
9835,290,5,2025-06-01,Cash,Delivered,157.93
9836,996,18,2025-06-04,UPI,Processing,132.67
9837,890,10,2025-05-02,Cash,Shipped,151.23
9838,768,15,2025-11-23,Net Banking,Delivered,212.53
9839,90,19,2025-01-10,Credit Card,Delivered,134.17
9840,272,13,2024-09-04,Net Banking,Delivered,217.97
9841,685,18,2025-09-23,Debit Card,Delivered,112.63
9842,684,17,2024-07-06,Cash,Returned,83.64
9843,89,18,2024-04-20,Cash,Delivered,122.59
9844,643,3,2024-09-22,Debit Card,Delivered,229.48
9845,497,15,2025-11-12,Debit Card,Delivered,125.59
9846,599,15,2024-07-20,UPI,Returned,249.51
9847,69,17,2024-07-16,Net Banking,Delivered,202.97
9848,510,16,2024-07-02,Net Banking,Cancelled,243.41
9849,684,18,2025-02-23,Net Banking,Shipped,180.67
9850,684,10,2025-03-24,Credit Card,Returned,109.41
9851,32,11,2025-12-20,Cash,Delivered,102.17
9852,148,3,2024-06-28,Cash,Delivered,202.04
9853,95,18,2024-12-04,Cash,Processing,202.1
9854,239,3,2024-12-20,Credit Card,Delivered,227.36
9855,880,8,2025-11-23,Net Banking,Delivered,169.31
9856,862,16,2025-10-19,Net Banking,Delivered,197.23
9857,677,17,2025-03-16,Cash,Delivered,62.69
9858,260,14,2025-10-16,Cash,Processing,204.5
9859,507,1,2024-04-14,Debit Card,Delivered,168.96
9860,38,4,2025-04-19,Debit Card,Delivered,222.08
9861,397,10,2024-07-07,UPI,Shipped,95.22
9862,980,12,2025-01-30,Debit Card,Delivered,178.2
9863,370,16,2025-09-07,Net Banking,Delivered,206.72
9864,942,11,2024-07-19,UPI,Delivered,90.08
9865,964,6,2024-01-06,Credit Card,Shipped,137.26
9866,85,7,2024-05-07,UPI,Delivered,52.57
9867,765,9,2024-03-25,Net Banking,Delivered,46.69
9868,261,15,2025-06-30,Debit Card,Processing,109.9
9869,701,16,2025-04-02,Credit Card,Delivered,175.49
9870,574,6,2024-06-02,Credit Card,Processing,54.34
9871,679,3,2024-05-10,Net Banking,Shipped,173.26
9872,400,19,2025-03-01,Debit Card,Delivered,92.28
9873,526,1,2025-08-24,Net Banking,Delivered,166.09
9874,212,5,2025-05-24,Net Banking,Returned,135.16
9875,523,9,2024-11-19,Debit Card,Delivered,139.58
9876,195,15,2025-10-25,UPI,Delivered,94.48
9877,402,20,2024-11-02,Net Banking,Delivered,158.43
9878,744,1,2025-09-21,Net Banking,Delivered,123.84
9879,588,10,2024-01-29,Cash,Delivered,244.47
9880,151,14,2025-03-02,Debit Card,Delivered,246.8
9881,918,18,2025-05-29,Net Banking,Delivered,144.94
9882,275,10,2024-10-01,Cash,Cancelled,243.67
9883,146,17,2024-03-25,Debit Card,Shipped,184.34
9884,594,6,2024-02-13,Cash,Delivered,91.59
9885,848,2,2025-08-03,Net Banking,Delivered,183.94
9886,142,2,2024-05-26,Credit Card,Returned,55.54
9887,99,5,2025-11-02,Net Banking,Delivered,84.14
9888,286,2,2025-06-05,Debit Card,Delivered,62.72
9889,686,11,2025-02-01,Credit Card,Returned,142.6
9890,785,18,2024-01-02,Cash,Delivered,118.08
9891,56,2,2025-09-21,Credit Card,Delivered,242.44
9892,28,16,2025-03-17,Credit Card,Delivered,223.2
9893,765,10,2025-06-05,Credit Card,Delivered,138.22
9894,902,18,2024-09-19,Debit Card,Delivered,249.27
9895,80,2,2024-08-12,Credit Card,Delivered,246.72
9896,955,12,2025-07-11,Debit Card,Delivered,190.2
9897,242,2,2025-05-07,Debit Card,Delivered,152.99
9898,636,14,2024-03-20,Debit Card,Shipped,166.53
9899,430,18,2025-09-19,Credit Card,Delivered,83.27
9900,697,3,2024-05-19,Credit Card,Delivered,245.89
9901,514,20,2025-05-28,Net Banking,Delivered,169.52
9902,211,1,2025-12-06,Cash,Delivered,96.12
9903,946,11,2024-05-10,Cash,Delivered,126.64
9904,469,16,2024-02-29,Net Banking,Shipped,193.4
9905,837,6,2025-10-29,Debit Card,Delivered,189.7
9906,308,16,2024-12-17,Debit Card,Delivered,242.39
9907,106,8,2024-03-12,UPI,Delivered,198.49
9908,820,17,2025-03-01,Cash,Delivered,181.49
9909,306,6,2024-05-13,Cash,Processing,106.63
9910,908,8,2025-03-15,Net Banking,Cancelled,242.94
9911,294,12,2025-06-25,Net Banking,Delivered,60.9
9912,820,19,2024-01-13,UPI,Delivered,112.7
9913,354,17,2025-11-26,Cash,Delivered,79.98
9914,712,16,2024-07-10,Debit Card,Delivered,79.34
9915,73,20,2025-10-11,Credit Card,Delivered,78.69
9916,178,8,2024-01-07,Net Banking,Shipped,210.96
9917,978,18,2025-06-12,UPI,Delivered,131.29
9918,957,10,2025-02-28,Net Banking,Returned,48.79
9919,640,11,2025-10-26,Net Banking,Shipped,40.55
9920,646,4,2025-11-30,Net Banking,Processing,179.24
9921,226,8,2024-09-30,Debit Card,Delivered,79.67
9922,808,1,2024-12-07,Credit Card,Delivered,56.23
9923,904,17,2024-05-03,Cash,Delivered,49.27
9924,42,18,2024-01-05,Credit Card,Delivered,247.51
9925,242,5,2025-01-02,Credit Card,Delivered,163.15
9926,736,12,2025-08-12,Cash,Returned,50.35
9927,542,1,2025-08-07,Debit Card,Delivered,54.89
9928,120,1,2025-04-02,UPI,Delivered,221.3
9929,270,15,2024-07-04,Debit Card,Processing,168.91
9930,788,4,2024-04-12,Cash,Delivered,49.24
9931,429,11,2025-02-05,UPI,Shipped,148.13
9932,746,17,2025-10-06,Debit Card,Delivered,130.22
9933,188,15,2024-02-09,Credit Card,Delivered,44.18
9934,55,5,2024-12-22,Debit Card,Processing,111.46
9935,843,7,2025-02-07,Credit Card,Shipped,204.77
9936,956,12,2024-03-03,Credit Card,Processing,97.83
9937,677,14,2024-03-31,Net Banking,Processing,203.36
9938,762,11,2025-10-12,Cash,Processing,120.13
9939,388,15,2025-03-01,Cash,Shipped,235.8
9940,261,14,2025-12-29,Net Banking,Processing,65.22
9941,732,17,2024-06-18,Debit Card,Delivered,41.06
9942,857,4,2024-01-14,Credit Card,Shipped,242.28
9943,196,15,2024-09-26,Net Banking,Delivered,193.65
9944,777,16,2024-01-18,Credit Card,Delivered,77.44
9945,151,11,2024-07-03,Net Banking,Delivered,86.87
9946,800,6,2025-03-13,Credit Card,Processing,83.91
9947,276,11,2024-08-28,UPI,Delivered,97.95
9948,506,13,2025-04-27,Debit Card,Delivered,249.84
9949,81,2,2025-03-23,UPI,Delivered,226.31
9950,89,4,2025-09-04,Net Banking,Processing,74.16
9951,512,20,2024-10-01,Credit Card,Delivered,171.35
9952,981,10,2024-07-30,Net Banking,Delivered,57.9
9953,132,13,2024-02-27,Net Banking,Delivered,121.67
9954,89,11,2024-08-18,Debit Card,Delivered,181.98
9955,665,1,2024-02-18,Net Banking,Delivered,144.64
9956,472,11,2024-12-12,UPI,Cancelled,84.52
9957,952,8,2025-06-05,Net Banking,Delivered,80.44
9958,682,18,2024-02-25,Debit Card,Delivered,121.51
9959,328,1,2025-10-15,UPI,Delivered,172.51
9960,251,17,2024-03-30,Debit Card,Shipped,230.22
9961,874,4,2024-11-01,Net Banking,Cancelled,77.16
9962,165,13,2024-08-19,Debit Card,Returned,135.25
9963,482,15,2024-03-08,Credit Card,Delivered,222.79
9964,39,3,2025-11-07,UPI,Delivered,80.44
9965,355,10,2024-02-15,Net Banking,Delivered,78.61
9966,239,3,2025-08-14,UPI,Delivered,224.47
9967,663,16,2024-06-17,Cash,Delivered,218.36
9968,621,20,2025-09-04,UPI,Delivered,44.63
9969,518,14,2024-04-28,Net Banking,Processing,42.24
9970,394,13,2025-01-03,UPI,Delivered,194.77
9971,192,18,2025-07-23,Net Banking,Delivered,58.26
9972,493,11,2024-01-18,Net Banking,Delivered,86.07
9973,829,8,2025-07-29,UPI,Delivered,107.57
9974,708,13,2024-07-21,Credit Card,Delivered,94.99
9975,514,19,2024-05-17,Cash,Returned,59.83
9976,414,4,2025-12-03,Cash,Delivered,122.89
9977,224,9,2025-03-18,Debit Card,Delivered,207.7
9978,959,9,2025-01-26,Credit Card,Delivered,127.37
9979,913,19,2025-08-04,Credit Card,Delivered,112.06
9980,56,1,2024-09-03,Credit Card,Shipped,113.44
9981,680,18,2024-03-01,Cash,Delivered,171.54
9982,261,10,2024-09-08,Net Banking,Delivered,219.92
9983,520,17,2024-02-10,Debit Card,Processing,100.95
9984,937,18,2025-07-24,Credit Card,Cancelled,227.67
9985,452,6,2024-07-09,Cash,Processing,210.12
9986,519,7,2025-03-29,Debit Card,Delivered,162.42
9987,642,7,2025-12-03,Credit Card,Cancelled,145.41
9988,92,13,2025-07-24,Cash,Delivered,244.58
9989,682,4,2025-04-07,UPI,Delivered,99.74
9990,55,16,2024-06-27,Credit Card,Delivered,144.6
9991,466,9,2024-11-23,UPI,Delivered,168.8
9992,279,17,2025-05-29,UPI,Delivered,53.06
9993,898,3,2024-01-16,Credit Card,Delivered,215.04
9994,654,6,2025-12-04,UPI,Delivered,154.99
9995,262,1,2024-01-19,UPI,Delivered,212.4
9996,855,19,2024-09-10,Credit Card,Delivered,178.71
9997,886,3,2025-07-25,Net Banking,Delivered,201.25
9998,273,10,2024-05-30,Credit Card,Delivered,189.24
9999,331,13,2024-10-22,UPI,Delivered,233.14
10000,437,18,2024-11-13,Net Banking,Processing,118.39
